scenario,window,run_id,evaluation_protocol,evaluation_rng_snapshot,rmse_global_run,rmse_local_day2_run,C_I,N_test,N_iso,C_Q,score,log_score,score_overflow,legacy_ensemble_rmse,rl_window,checkpoint_sha256,actor_sha256,state_norm_sha256
high,3,0,f858_historical_rng_aligned,C:\Users\Asus\PycharmProjects\UNCERTAIN_EPC_RL_V3\revision_outputs\revision_v8_historical_eval_aligned_window_ablation\rng_snapshots\high_pre_decoupled_eval_rng.pkl,21.10890801522434,0.0220027781771525,558.069580078125,4612839.0,530.6874389648438,58191.17578125,6.64357495097699,1.8936502148365664,False,19.718520893726144,3,691d58e2f851aa47ac296408da97f0998053ea407b63d0c765de01fa2e2f4a55,be7de516b96323cbcbb9766ddc8eb0f6a1e5ec02bf6a0b0cf4761dc48b6a4cd3,631cf9dc2fd297d503022cb939793429663b550dbd8ddc9e6fe1cacb53541501
high,3,1,f858_historical_rng_aligned,C:\Users\Asus\PycharmProjects\UNCERTAIN_EPC_RL_V3\revision_outputs\revision_v8_historical_eval_aligned_window_ablation\rng_snapshots\high_pre_decoupled_eval_rng.pkl,20.88670893993161,0.0272613758790853,569.35595703125,4538587.5,539.370361328125,57271.71484375,6.515947751250282,1.874252672176386,False,19.718520893726144,3,691d58e2f851aa47ac296408da97f0998053ea407b63d0c765de01fa2e2f4a55,be7de516b96323cbcbb9766ddc8eb0f6a1e5ec02bf6a0b0cf4761dc48b6a4cd3,631cf9dc2fd297d503022cb939793429663b550dbd8ddc9e6fe1cacb53541501
high,3,2,f858_historical_rng_aligned,C:\Users\Asus\PycharmProjects\UNCERTAIN_EPC_RL_V3\revision_outputs\revision_v8_historical_eval_aligned_window_ablation\rng_snapshots\high_pre_decoupled_eval_rng.pkl,20.100652777682143,0.0263693984691986,550.478515625,4491026.5,521.3025512695312,56659.1328125,6.412117421654903,1.8581895473767132,False,19.718520893726144,3,691d58e2f851aa47ac296408da97f0998053ea407b63d0c765de01fa2e2f4a55,be7de516b96323cbcbb9766ddc8eb0f6a1e5ec02bf6a0b0cf4761dc48b6a4cd3,631cf9dc2fd297d503022cb939793429663b550dbd8ddc9e6fe1cacb53541501
high,3,3,f858_historical_rng_aligned,C:\Users\Asus\PycharmProjects\UNCERTAIN_EPC_RL_V3\revision_outputs\revision_v8_historical_eval_aligned_window_ablation\rng_snapshots\high_pre_decoupled_eval_rng.pkl,21.908885519545738,0.0271220285069687,551.8118896484375,4837294.5,528.0032958984375,60994.18359375,7.07768078075121,1.9569462807015376,False,19.718520893726144,3,691d58e2f851aa47ac296408da97f0998053ea407b63d0c765de01fa2e2f4a55,be7de516b96323cbcbb9766ddc8eb0f6a1e5ec02bf6a0b0cf4761dc48b6a4cd3,631cf9dc2fd297d503022cb939793429663b550dbd8ddc9e6fe1cacb53541501
high,3,4,f858_historical_rng_aligned,C:\Users\Asus\PycharmProjects\UNCERTAIN_EPC_RL_V3\revision_outputs\revision_v8_historical_eval_aligned_window_ablation\rng_snapshots\high_pre_decoupled_eval_rng.pkl,21.03325912668519,0.0235234904228926,564.7734375,4719684.5,534.397705078125,59530.453125,6.854230457760019,1.9248660467214087,False,19.718520893726144,3,691d58e2f851aa47ac296408da97f0998053ea407b63d0c765de01fa2e2f4a55,be7de516b96323cbcbb9766ddc8eb0f6a1e5ec02bf6a0b0cf4761dc48b6a4cd3,631cf9dc2fd297d503022cb939793429663b550dbd8ddc9e6fe1cacb53541501
high,3,5,f858_historical_rng_aligned,C:\Users\Asus\PycharmProjects\UNCERTAIN_EPC_RL_V3\revision_outputs\revision_v8_historical_eval_aligned_window_ablation\rng_snapshots\high_pre_decoupled_eval_rng.pkl,20.70933792499776,0.0276662363767551,548.9548950195312,4392596.0,522.4736328125,55429.921875,6.236993090974787,1.8304981897952215,False,19.718520893726144,3,691d58e2f851aa47ac296408da97f0998053ea407b63d0c765de01fa2e2f4a55,be7de516b96323cbcbb9766ddc8eb0f6a1e5ec02bf6a0b0cf4761dc48b6a4cd3,631cf9dc2fd297d503022cb939793429663b550dbd8ddc9e6fe1cacb53541501
high,3,6,f858_historical_rng_aligned,C:\Users\Asus\PycharmProjects\UNCERTAIN_EPC_RL_V3\revision_outputs\revision_v8_historical_eval_aligned_window_ablation\rng_snapshots\high_pre_decoupled_eval_rng.pkl,20.618457927981687,0.0251105530648254,544.0677490234375,4404080.0,518.53564453125,55569.53515625,6.252628856131056,1.8330019922947536,False,19.718520893726144,3,691d58e2f851aa47ac296408da97f0998053ea407b63d0c765de01fa2e2f4a55,be7de516b96323cbcbb9766ddc8eb0f6a1e5ec02bf6a0b0cf4761dc48b6a4cd3,631cf9dc2fd297d503022cb939793429663b550dbd8ddc9e6fe1cacb53541501
high,3,7,f858_historical_rng_aligned,C:\Users\Asus\PycharmProjects\UNCERTAIN_EPC_RL_V3\revision_outputs\revision_v8_historical_eval_aligned_window_ablation\rng_snapshots\high_pre_decoupled_eval_rng.pkl,21.41156641343269,0.0244439903655353,551.6273193359375,4416781.5,525.2496948242188,55735.01953125,6.281686316723093,1.837638466205782,False,19.718520893726144,3,691d58e2f851aa47ac296408da97f0998053ea407b63d0c765de01fa2e2f4a55,be7de516b96323cbcbb9766ddc8eb0f6a1e5ec02bf6a0b0cf4761dc48b6a4cd3,631cf9dc2fd297d503022cb939793429663b550dbd8ddc9e6fe1cacb53541501
high,3,8,f858_historical_rng_aligned,C:\Users\Asus\PycharmProjects\UNCERTAIN_EPC_RL_V3\revision_outputs\revision_v8_historical_eval_aligned_window_ablation\rng_snapshots\high_pre_decoupled_eval_rng.pkl,22.80519903811871,0.0273804095657508,578.2118530273438,4743578.5,549.8812255859375,59844.61328125,6.914192301399969,1.9335761544479064,False,19.718520893726144,3,691d58e2f851aa47ac296408da97f0998053ea407b63d0c765de01fa2e2f4a55,be7de516b96323cbcbb9766ddc8eb0f6a1e5ec02bf6a0b0cf4761dc48b6a4cd3,631cf9dc2fd297d503022cb939793429663b550dbd8ddc9e6fe1cacb53541501
high,3,9,f858_historical_rng_aligned,C:\Users\Asus\PycharmProjects\UNCERTAIN_EPC_RL_V3\revision_outputs\revision_v8_historical_eval_aligned_window_ablation\rng_snapshots\high_pre_decoupled_eval_rng.pkl,21.907307894325275,0.0285029898162565,560.5440673828125,4729679.5,534.217529296875,59655.2109375,6.870434287998627,1.927227319374348,False,19.718520893726144,3,691d58e2f851aa47ac296408da97f0998053ea407b63d0c765de01fa2e2f4a55,be7de516b96323cbcbb9766ddc8eb0f6a1e5ec02bf6a0b0cf4761dc48b6a4cd3,631cf9dc2fd297d503022cb939793429663b550dbd8ddc9e6fe1cacb53541501
high,3,10,f858_historical_rng_aligned,C:\Users\Asus\PycharmProjects\UNCERTAIN_EPC_RL_V3\revision_outputs\revision_v8_historical_eval_aligned_window_ablation\rng_snapshots\high_pre_decoupled_eval_rng.pkl,21.115698637536457,0.0244525808612065,538.2821044921875,4500193.5,508.31103515625,56760.73046875,6.4172629092584295,1.8589916886721936,False,19.718520893726144,3,691d58e2f851aa47ac296408da97f0998053ea407b63d0c765de01fa2e2f4a55,be7de516b96323cbcbb9766ddc8eb0f6a1e5ec02bf6a0b0cf4761dc48b6a4cd3,631cf9dc2fd297d503022cb939793429663b550dbd8ddc9e6fe1cacb53541501
high,3,11,f858_historical_rng_aligned,C:\Users\Asus\PycharmProjects\UNCERTAIN_EPC_RL_V3\revision_outputs\revision_v8_historical_eval_aligned_window_ablation\rng_snapshots\high_pre_decoupled_eval_rng.pkl,20.40133944048201,0.0272525882186044,536.3453369140625,4283599.5,512.069091796875,54057.0625,6.039998053064221,1.798403689606311,False,19.718520893726144,3,691d58e2f851aa47ac296408da97f0998053ea407b63d0c765de01fa2e2f4a55,be7de516b96323cbcbb9766ddc8eb0f6a1e5ec02bf6a0b0cf4761dc48b6a4cd3,631cf9dc2fd297d503022cb939793429663b550dbd8ddc9e6fe1cacb53541501
high,3,12,f858_historical_rng_aligned,C:\Users\Asus\PycharmProjects\UNCERTAIN_EPC_RL_V3\revision_outputs\revision_v8_historical_eval_aligned_window_ablation\rng_snapshots\high_pre_decoupled_eval_rng.pkl,20.732483410183196,0.0236419966353329,537.9500732421875,4395209.0,515.219482421875,55455.33203125,6.231954820340948,1.829690058917802,False,19.718520893726144,3,691d58e2f851aa47ac296408da97f0998053ea407b63d0c765de01fa2e2f4a55,be7de516b96323cbcbb9766ddc8eb0f6a1e5ec02bf6a0b0cf4761dc48b6a4cd3,631cf9dc2fd297d503022cb939793429663b550dbd8ddc9e6fe1cacb53541501
high,3,13,f858_historical_rng_aligned,C:\Users\Asus\PycharmProjects\UNCERTAIN_EPC_RL_V3\revision_outputs\revision_v8_historical_eval_aligned_window_ablation\rng_snapshots\high_pre_decoupled_eval_rng.pkl,20.165458501877342,0.0249213344378789,553.1483154296875,4338509.0,521.611328125,54752.9765625,6.147061234543188,1.8159741195709096,False,19.718520893726144,3,691d58e2f851aa47ac296408da97f0998053ea407b63d0c765de01fa2e2f4a55,be7de516b96323cbcbb9766ddc8eb0f6a1e5ec02bf6a0b0cf4761dc48b6a4cd3,631cf9dc2fd297d503022cb939793429663b550dbd8ddc9e6fe1cacb53541501
high,3,14,f858_historical_rng_aligned,C:\Users\Asus\PycharmProjects\UNCERTAIN_EPC_RL_V3\revision_outputs\revision_v8_historical_eval_aligned_window_ablation\rng_snapshots\high_pre_decoupled_eval_rng.pkl,20.37402052822014,0.0261440025962491,525.6825561523438,4235832.0,501.5431213378906,53449.44140625,5.951221117158255,1.783596428275286,False,19.718520893726144,3,691d58e2f851aa47ac296408da97f0998053ea407b63d0c765de01fa2e2f4a55,be7de516b96323cbcbb9766ddc8eb0f6a1e5ec02bf6a0b0cf4761dc48b6a4cd3,631cf9dc2fd297d503022cb939793429663b550dbd8ddc9e6fe1cacb53541501
high,3,15,f858_historical_rng_aligned,C:\Users\Asus\PycharmProjects\UNCERTAIN_EPC_RL_V3\revision_outputs\revision_v8_historical_eval_aligned_window_ablation\rng_snapshots\high_pre_decoupled_eval_rng.pkl,20.51839691720508,0.0293002964450977,567.0203857421875,4491498.0,538.2408447265625,56681.96875,6.428405422494343,1.860726517214036,False,19.718520893726144,3,691d58e2f851aa47ac296408da97f0998053ea407b63d0c765de01fa2e2f4a55,be7de516b96323cbcbb9766ddc8eb0f6a1e5ec02bf6a0b0cf4761dc48b6a4cd3,631cf9dc2fd297d503022cb939793429663b550dbd8ddc9e6fe1cacb53541501
high,3,16,f858_historical_rng_aligned,C:\Users\Asus\PycharmProjects\UNCERTAIN_EPC_RL_V3\revision_outputs\revision_v8_historical_eval_aligned_window_ablation\rng_snapshots\high_pre_decoupled_eval_rng.pkl,21.14257145687478,0.0272952797865358,543.9208984375,4401103.0,518.85205078125,55532.640625,6.247367165639187,1.8321601214984,False,19.718520893726144,3,691d58e2f851aa47ac296408da97f0998053ea407b63d0c765de01fa2e2f4a55,be7de516b96323cbcbb9766ddc8eb0f6a1e5ec02bf6a0b0cf4761dc48b6a4cd3,631cf9dc2fd297d503022cb939793429663b550dbd8ddc9e6fe1cacb53541501
high,3,17,f858_historical_rng_aligned,C:\Users\Asus\PycharmProjects\UNCERTAIN_EPC_RL_V3\revision_outputs\revision_v8_historical_eval_aligned_window_ablation\rng_snapshots\high_pre_decoupled_eval_rng.pkl,20.680476426550456,0.026727609118558,540.2798461914062,4566001.5,514.7374267578125,57589.7578125,6.539968752523636,1.8779323875561085,False,19.718520893726144,3,691d58e2f851aa47ac296408da97f0998053ea407b63d0c765de01fa2e2f4a55,be7de516b96323cbcbb9766ddc8eb0f6a1e5ec02bf6a0b0cf4761dc48b6a4cd3,631cf9dc2fd297d503022cb939793429663b550dbd8ddc9e6fe1cacb53541501
high,3,18,f858_historical_rng_aligned,C:\Users\Asus\PycharmProjects\UNCERTAIN_EPC_RL_V3\revision_outputs\revision_v8_historical_eval_aligned_window_ablation\rng_snapshots\high_pre_decoupled_eval_rng.pkl,19.713682613819728,0.0245943510940335,569.9495849609375,4259653.0,535.8668823242188,53781.53125,6.0296300708429404,1.796685660738306,False,19.718520893726144,3,691d58e2f851aa47ac296408da97f0998053ea407b63d0c765de01fa2e2f4a55,be7de516b96323cbcbb9766ddc8eb0f6a1e5ec02bf6a0b0cf4761dc48b6a4cd3,631cf9dc2fd297d503022cb939793429663b550dbd8ddc9e6fe1cacb53541501
high,3,19,f858_historical_rng_aligned,C:\Users\Asus\PycharmProjects\UNCERTAIN_EPC_RL_V3\revision_outputs\revision_v8_historical_eval_aligned_window_ablation\rng_snapshots\high_pre_decoupled_eval_rng.pkl,20.322548230977624,0.0245880573257814,570.0498657226562,4521525.0,537.4085693359375,57056.47265625,6.485051825204214,1.8694998092868549,False,19.718520893726144,3,691d58e2f851aa47ac296408da97f0998053ea407b63d0c765de01fa2e2f4a55,be7de516b96323cbcbb9766ddc8eb0f6a1e5ec02bf6a0b0cf4761dc48b6a4cd3,631cf9dc2fd297d503022cb939793429663b550dbd8ddc9e6fe1cacb53541501
high,3,20,f858_historical_rng_aligned,C:\Users\Asus\PycharmProjects\UNCERTAIN_EPC_RL_V3\revision_outputs\revision_v8_historical_eval_aligned_window_ablation\rng_snapshots\high_pre_decoupled_eval_rng.pkl,21.165181092788465,0.0275272034953217,576.1133422851562,4812262.0,549.3740234375,60702.6484375,7.049518555498307,1.9529593244920689,False,19.718520893726144,3,691d58e2f851aa47ac296408da97f0998053ea407b63d0c765de01fa2e2f4a55,be7de516b96323cbcbb9766ddc8eb0f6a1e5ec02bf6a0b0cf4761dc48b6a4cd3,631cf9dc2fd297d503022cb939793429663b550dbd8ddc9e6fe1cacb53541501
high,3,21,f858_historical_rng_aligned,C:\Users\Asus\PycharmProjects\UNCERTAIN_EPC_RL_V3\revision_outputs\revision_v8_historical_eval_aligned_window_ablation\rng_snapshots\high_pre_decoupled_eval_rng.pkl,20.493775794840897,0.0275624780184524,546.6468505859375,4485235.0,521.8424072265625,56587.28125,6.398788113610685,1.8561086151869484,False,19.718520893726144,3,691d58e2f851aa47ac296408da97f0998053ea407b63d0c765de01fa2e2f4a55,be7de516b96323cbcbb9766ddc8eb0f6a1e5ec02bf6a0b0cf4761dc48b6a4cd3,631cf9dc2fd297d503022cb939793429663b550dbd8ddc9e6fe1cacb53541501
high,3,22,f858_historical_rng_aligned,C:\Users\Asus\PycharmProjects\UNCERTAIN_EPC_RL_V3\revision_outputs\revision_v8_historical_eval_aligned_window_ablation\rng_snapshots\high_pre_decoupled_eval_rng.pkl,21.82735800475309,0.0271195658493203,532.7261962890625,4571445.5,511.54150390625,57654.61328125,6.543707489968938,1.8785038993357903,False,19.718520893726144,3,691d58e2f851aa47ac296408da97f0998053ea407b63d0c765de01fa2e2f4a55,be7de516b96323cbcbb9766ddc8eb0f6a1e5ec02bf6a0b0cf4761dc48b6a4cd3,631cf9dc2fd297d503022cb939793429663b550dbd8ddc9e6fe1cacb53541501
high,3,23,f858_historical_rng_aligned,C:\Users\Asus\PycharmProjects\UNCERTAIN_EPC_RL_V3\revision_outputs\revision_v8_historical_eval_aligned_window_ablation\rng_snapshots\high_pre_decoupled_eval_rng.pkl,20.77704438087863,0.0247611096064462,548.5406494140625,4532126.5,518.5704345703125,57170.15234375,6.484727890957812,1.8694498571282896,False,19.718520893726144,3,691d58e2f851aa47ac296408da97f0998053ea407b63d0c765de01fa2e2f4a55,be7de516b96323cbcbb9766ddc8eb0f6a1e5ec02bf6a0b0cf4761dc48b6a4cd3,631cf9dc2fd297d503022cb939793429663b550dbd8ddc9e6fe1cacb53541501
high,3,24,f858_historical_rng_aligned,C:\Users\Asus\PycharmProjects\UNCERTAIN_EPC_RL_V3\revision_outputs\revision_v8_historical_eval_aligned_window_ablation\rng_snapshots\high_pre_decoupled_eval_rng.pkl,19.564460616026786,0.0247191304426869,539.9189453125,4090094.25,510.4713134765625,51636.65234375,5.730127157277121,1.7457377219773005,False,19.718520893726144,3,691d58e2f851aa47ac296408da97f0998053ea407b63d0c765de01fa2e2f4a55,be7de516b96323cbcbb9766ddc8eb0f6a1e5ec02bf6a0b0cf4761dc48b6a4cd3,631cf9dc2fd297d503022cb939793429663b550dbd8ddc9e6fe1cacb53541501
high,3,25,f858_historical_rng_aligned,C:\Users\Asus\PycharmProjects\UNCERTAIN_EPC_RL_V3\revision_outputs\revision_v8_historical_eval_aligned_window_ablation\rng_snapshots\high_pre_decoupled_eval_rng.pkl,21.090927738927697,0.0251611523854063,570.7227172851562,4428380.0,542.3972778320312,55897.1484375,6.319503210218341,1.843640599091044,False,19.718520893726144,3,691d58e2f851aa47ac296408da97f0998053ea407b63d0c765de01fa2e2f4a55,be7de516b96323cbcbb9766ddc8eb0f6a1e5ec02bf6a0b0cf4761dc48b6a4cd3,631cf9dc2fd297d503022cb939793429663b550dbd8ddc9e6fe1cacb53541501
high,3,26,f858_historical_rng_aligned,C:\Users\Asus\PycharmProjects\UNCERTAIN_EPC_RL_V3\revision_outputs\revision_v8_historical_eval_aligned_window_ablation\rng_snapshots\high_pre_decoupled_eval_rng.pkl,19.92255560142545,0.0243870302869268,559.4857177734375,4336059.5,523.732421875,54724.4765625,6.148149293051091,1.8161511085713504,False,19.718520893726144,3,691d58e2f851aa47ac296408da97f0998053ea407b63d0c765de01fa2e2f4a55,be7de516b96323cbcbb9766ddc8eb0f6a1e5ec02bf6a0b0cf4761dc48b6a4cd3,631cf9dc2fd297d503022cb939793429663b550dbd8ddc9e6fe1cacb53541501
high,3,27,f858_historical_rng_aligned,C:\Users\Asus\PycharmProjects\UNCERTAIN_EPC_RL_V3\revision_outputs\revision_v8_historical_eval_aligned_window_ablation\rng_snapshots\high_pre_decoupled_eval_rng.pkl,20.865923538600303,0.0257134743736795,526.988037109375,4541718.0,504.17083740234375,57275.6484375,6.483431321392333,1.869249895121567,False,19.718520893726144,3,691d58e2f851aa47ac296408da97f0998053ea407b63d0c765de01fa2e2f4a55,be7de516b96323cbcbb9766ddc8eb0f6a1e5ec02bf6a0b0cf4761dc48b6a4cd3,631cf9dc2fd297d503022cb939793429663b550dbd8ddc9e6fe1cacb53541501
high,3,28,f858_historical_rng_aligned,C:\Users\Asus\PycharmProjects\UNCERTAIN_EPC_RL_V3\revision_outputs\revision_v8_historical_eval_aligned_window_ablation\rng_snapshots\high_pre_decoupled_eval_rng.pkl,21.00939167143312,0.0281075801203428,540.3267211914062,4449903.0,516.517578125,56140.3046875,6.33004132265227,1.8453067641999064,False,19.718520893726144,3,691d58e2f851aa47ac296408da97f0998053ea407b63d0c765de01fa2e2f4a55,be7de516b96323cbcbb9766ddc8eb0f6a1e5ec02bf6a0b0cf4761dc48b6a4cd3,631cf9dc2fd297d503022cb939793429663b550dbd8ddc9e6fe1cacb53541501
high,3,29,f858_historical_rng_aligned,C:\Users\Asus\PycharmProjects\UNCERTAIN_EPC_RL_V3\revision_outputs\revision_v8_historical_eval_aligned_window_ablation\rng_snapshots\high_pre_decoupled_eval_rng.pkl,20.39982857456588,0.0262433536292227,541.361572265625,4397172.0,515.373291015625,55480.0234375,6.2380430684243775,1.8306665223657497,False,19.718520893726144,3,691d58e2f851aa47ac296408da97f0998053ea407b63d0c765de01fa2e2f4a55,be7de516b96323cbcbb9766ddc8eb0f6a1e5ec02bf6a0b0cf4761dc48b6a4cd3,631cf9dc2fd297d503022cb939793429663b550dbd8ddc9e6fe1cacb53541501
high,3,30,f858_historical_rng_aligned,C:\Users\Asus\PycharmProjects\UNCERTAIN_EPC_RL_V3\revision_outputs\revision_v8_historical_eval_aligned_window_ablation\rng_snapshots\high_pre_decoupled_eval_rng.pkl,20.884914735180843,0.0249991754695971,533.49267578125,4292929.0,508.1448974609375,54169.7578125,6.052876801966229,1.8005336634835587,False,19.718520893726144,3,691d58e2f851aa47ac296408da97f0998053ea407b63d0c765de01fa2e2f4a55,be7de516b96323cbcbb9766ddc8eb0f6a1e5ec02bf6a0b0cf4761dc48b6a4cd3,631cf9dc2fd297d503022cb939793429663b550dbd8ddc9e6fe1cacb53541501
high,3,31,f858_historical_rng_aligned,C:\Users\Asus\PycharmProjects\UNCERTAIN_EPC_RL_V3\revision_outputs\revision_v8_historical_eval_aligned_window_ablation\rng_snapshots\high_pre_decoupled_eval_rng.pkl,22.45881004929863,0.0267286158831939,551.90478515625,4860444.0,526.7049560546875,61282.25390625,7.12489499542585,1.9635949885620247,False,19.718520893726144,3,691d58e2f851aa47ac296408da97f0998053ea407b63d0c765de01fa2e2f4a55,be7de516b96323cbcbb9766ddc8eb0f6a1e5ec02bf6a0b0cf4761dc48b6a4cd3,631cf9dc2fd297d503022cb939793429663b550dbd8ddc9e6fe1cacb53541501
high,3,32,f858_historical_rng_aligned,C:\Users\Asus\PycharmProjects\UNCERTAIN_EPC_RL_V3\revision_outputs\revision_v8_historical_eval_aligned_window_ablation\rng_snapshots\high_pre_decoupled_eval_rng.pkl,20.005259445514223,0.0266768216870869,562.9819946289062,4170928.5,533.9517211914062,52670.55859375,5.879086096157566,1.7714013240071471,False,19.718520893726144,3,691d58e2f851aa47ac296408da97f0998053ea407b63d0c765de01fa2e2f4a55,be7de516b96323cbcbb9766ddc8eb0f6a1e5ec02bf6a0b0cf4761dc48b6a4cd3,631cf9dc2fd297d503022cb939793429663b550dbd8ddc9e6fe1cacb53541501
high,3,33,f858_historical_rng_aligned,C:\Users\Asus\PycharmProjects\UNCERTAIN_EPC_RL_V3\revision_outputs\revision_v8_historical_eval_aligned_window_ablation\rng_snapshots\high_pre_decoupled_eval_rng.pkl,20.377314361528192,0.0270715852193979,545.7811889648438,4615994.0,516.3214111328125,58216.24609375,6.637729170274557,1.892769912567065,False,19.718520893726144,3,691d58e2f851aa47ac296408da97f0998053ea407b63d0c765de01fa2e2f4a55,be7de516b96323cbcbb9766ddc8eb0f6a1e5ec02bf6a0b0cf4761dc48b6a4cd3,631cf9dc2fd297d503022cb939793429663b550dbd8ddc9e6fe1cacb53541501
high,3,34,f858_historical_rng_aligned,C:\Users\Asus\PycharmProjects\UNCERTAIN_EPC_RL_V3\revision_outputs\revision_v8_historical_eval_aligned_window_ablation\rng_snapshots\high_pre_decoupled_eval_rng.pkl,20.841842289668584,0.0305351335196339,557.148193359375,4520603.0,532.9462890625,57040.484375,6.472557569116654,1.8675713270214056,False,19.718520893726144,3,691d58e2f851aa47ac296408da97f0998053ea407b63d0c765de01fa2e2f4a55,be7de516b96323cbcbb9766ddc8eb0f6a1e5ec02bf6a0b0cf4761dc48b6a4cd3,631cf9dc2fd297d503022cb939793429663b550dbd8ddc9e6fe1cacb53541501
high,3,35,f858_historical_rng_aligned,C:\Users\Asus\PycharmProjects\UNCERTAIN_EPC_RL_V3\revision_outputs\revision_v8_historical_eval_aligned_window_ablation\rng_snapshots\high_pre_decoupled_eval_rng.pkl,20.17917015293934,0.0259531237064999,542.149658203125,4354909.0,516.8770141601562,54953.2421875,6.165861444976595,1.8190278584000357,False,19.718520893726144,3,691d58e2f851aa47ac296408da97f0998053ea407b63d0c765de01fa2e2f4a55,be7de516b96323cbcbb9766ddc8eb0f6a1e5ec02bf6a0b0cf4761dc48b6a4cd3,631cf9dc2fd297d503022cb939793429663b550dbd8ddc9e6fe1cacb53541501
high,3,36,f858_historical_rng_aligned,C:\Users\Asus\PycharmProjects\UNCERTAIN_EPC_RL_V3\revision_outputs\revision_v8_historical_eval_aligned_window_ablation\rng_snapshots\high_pre_decoupled_eval_rng.pkl,21.275994921847143,0.0269656035476006,556.4807739257812,4854905.0,529.0487060546875,61215.359375,7.117499844063533,1.9625565182611733,False,19.718520893726144,3,691d58e2f851aa47ac296408da97f0998053ea407b63d0c765de01fa2e2f4a55,be7de516b96323cbcbb9766ddc8eb0f6a1e5ec02bf6a0b0cf4761dc48b6a4cd3,631cf9dc2fd297d503022cb939793429663b550dbd8ddc9e6fe1cacb53541501
high,3,37,f858_historical_rng_aligned,C:\Users\Asus\PycharmProjects\UNCERTAIN_EPC_RL_V3\revision_outputs\revision_v8_historical_eval_aligned_window_ablation\rng_snapshots\high_pre_decoupled_eval_rng.pkl,19.576509873579504,0.0250610074336851,548.0494995117188,4226471.0,516.9669799804688,53347.85546875,5.9552511420299785,1.7842733752227768,False,19.718520893726144,3,691d58e2f851aa47ac296408da97f0998053ea407b63d0c765de01fa2e2f4a55,be7de516b96323cbcbb9766ddc8eb0f6a1e5ec02bf6a0b0cf4761dc48b6a4cd3,631cf9dc2fd297d503022cb939793429663b550dbd8ddc9e6fe1cacb53541501
high,3,38,f858_historical_rng_aligned,C:\Users\Asus\PycharmProjects\UNCERTAIN_EPC_RL_V3\revision_outputs\revision_v8_historical_eval_aligned_window_ablation\rng_snapshots\high_pre_decoupled_eval_rng.pkl,21.43557171771669,0.0250041823826724,573.7623291015625,4745969.5,541.3782348632812,59865.99609375,6.914034612546024,1.933553347640507,False,19.718520893726144,3,691d58e2f851aa47ac296408da97f0998053ea407b63d0c765de01fa2e2f4a55,be7de516b96323cbcbb9766ddc8eb0f6a1e5ec02bf6a0b0cf4761dc48b6a4cd3,631cf9dc2fd297d503022cb939793429663b550dbd8ddc9e6fe1cacb53541501
high,3,39,f858_historical_rng_aligned,C:\Users\Asus\PycharmProjects\UNCERTAIN_EPC_RL_V3\revision_outputs\revision_v8_historical_eval_aligned_window_ablation\rng_snapshots\high_pre_decoupled_eval_rng.pkl,20.43479586980208,0.0262476319439576,570.6480712890625,4539032.5,541.7197265625,57279.625,6.5181289136209735,1.8745873583144428,False,19.718520893726144,3,691d58e2f851aa47ac296408da97f0998053ea407b63d0c765de01fa2e2f4a55,be7de516b96323cbcbb9766ddc8eb0f6a1e5ec02bf6a0b0cf4761dc48b6a4cd3,631cf9dc2fd297d503022cb939793429663b550dbd8ddc9e6fe1cacb53541501
high,3,40,f858_historical_rng_aligned,C:\Users\Asus\PycharmProjects\UNCERTAIN_EPC_RL_V3\revision_outputs\revision_v8_historical_eval_aligned_window_ablation\rng_snapshots\high_pre_decoupled_eval_rng.pkl,19.924741108256637,0.0287489780127315,579.65234375,4148876.25,545.1834716796875,52406.13671875,5.858430689555865,1.7678817673068985,False,19.718520893726144,3,691d58e2f851aa47ac296408da97f0998053ea407b63d0c765de01fa2e2f4a55,be7de516b96323cbcbb9766ddc8eb0f6a1e5ec02bf6a0b0cf4761dc48b6a4cd3,631cf9dc2fd297d503022cb939793429663b550dbd8ddc9e6fe1cacb53541501
high,3,41,f858_historical_rng_aligned,C:\Users\Asus\PycharmProjects\UNCERTAIN_EPC_RL_V3\revision_outputs\revision_v8_historical_eval_aligned_window_ablation\rng_snapshots\high_pre_decoupled_eval_rng.pkl,20.198659964248048,0.0293988522582725,543.182861328125,4395836.5,515.8065795898438,55463.76171875,6.237197232616203,1.83053092003841,False,19.718520893726144,3,691d58e2f851aa47ac296408da97f0998053ea407b63d0c765de01fa2e2f4a55,be7de516b96323cbcbb9766ddc8eb0f6a1e5ec02bf6a0b0cf4761dc48b6a4cd3,631cf9dc2fd297d503022cb939793429663b550dbd8ddc9e6fe1cacb53541501
high,3,42,f858_historical_rng_aligned,C:\Users\Asus\PycharmProjects\UNCERTAIN_EPC_RL_V3\revision_outputs\revision_v8_historical_eval_aligned_window_ablation\rng_snapshots\high_pre_decoupled_eval_rng.pkl,21.45511506959421,0.0243106491341798,525.271484375,4669045.0,505.30169677734375,58868.36328125,6.720917772431959,1.9052247184883424,False,19.718520893726144,3,691d58e2f851aa47ac296408da97f0998053ea407b63d0c765de01fa2e2f4a55,be7de516b96323cbcbb9766ddc8eb0f6a1e5ec02bf6a0b0cf4761dc48b6a4cd3,631cf9dc2fd297d503022cb939793429663b550dbd8ddc9e6fe1cacb53541501
high,3,43,f858_historical_rng_aligned,C:\Users\Asus\PycharmProjects\UNCERTAIN_EPC_RL_V3\revision_outputs\revision_v8_historical_eval_aligned_window_ablation\rng_snapshots\high_pre_decoupled_eval_rng.pkl,19.87539731698769,0.0232906001389194,572.6396484375,4222752.5,538.5081787109375,53322.9140625,5.971325473385909,1.7869689251038965,False,19.718520893726144,3,691d58e2f851aa47ac296408da97f0998053ea407b63d0c765de01fa2e2f4a55,be7de516b96323cbcbb9766ddc8eb0f6a1e5ec02bf6a0b0cf4761dc48b6a4cd3,631cf9dc2fd297d503022cb939793429663b550dbd8ddc9e6fe1cacb53541501
high,3,44,f858_historical_rng_aligned,C:\Users\Asus\PycharmProjects\UNCERTAIN_EPC_RL_V3\revision_outputs\revision_v8_historical_eval_aligned_window_ablation\rng_snapshots\high_pre_decoupled_eval_rng.pkl,21.88530481278358,0.0257357489352192,553.6407470703125,4736902.0,523.6246337890625,59734.8984375,6.877528815727155,1.9282594036627267,False,19.718520893726144,3,691d58e2f851aa47ac296408da97f0998053ea407b63d0c765de01fa2e2f4a55,be7de516b96323cbcbb9766ddc8eb0f6a1e5ec02bf6a0b0cf4761dc48b6a4cd3,631cf9dc2fd297d503022cb939793429663b550dbd8ddc9e6fe1cacb53541501
high,3,45,f858_historical_rng_aligned,C:\Users\Asus\PycharmProjects\UNCERTAIN_EPC_RL_V3\revision_outputs\revision_v8_historical_eval_aligned_window_ablation\rng_snapshots\high_pre_decoupled_eval_rng.pkl,21.00997020790833,0.0246151085172732,548.2203369140625,4679498.5,522.58837890625,59016.3203125,6.761466728113891,1.911239838134417,False,19.718520893726144,3,691d58e2f851aa47ac296408da97f0998053ea407b63d0c765de01fa2e2f4a55,be7de516b96323cbcbb9766ddc8eb0f6a1e5ec02bf6a0b0cf4761dc48b6a4cd3,631cf9dc2fd297d503022cb939793429663b550dbd8ddc9e6fe1cacb53541501
high,3,46,f858_historical_rng_aligned,C:\Users\Asus\PycharmProjects\UNCERTAIN_EPC_RL_V3\revision_outputs\revision_v8_historical_eval_aligned_window_ablation\rng_snapshots\high_pre_decoupled_eval_rng.pkl,21.845235566714404,0.0248997017277375,558.3450927734375,4721394.5,531.2679443359375,59548.69921875,6.85202361347969,1.924544026673053,False,19.718520893726144,3,691d58e2f851aa47ac296408da97f0998053ea407b63d0c765de01fa2e2f4a55,be7de516b96323cbcbb9766ddc8eb0f6a1e5ec02bf6a0b0cf4761dc48b6a4cd3,631cf9dc2fd297d503022cb939793429663b550dbd8ddc9e6fe1cacb53541501
high,3,47,f858_historical_rng_aligned,C:\Users\Asus\PycharmProjects\UNCERTAIN_EPC_RL_V3\revision_outputs\revision_v8_historical_eval_aligned_window_ablation\rng_snapshots\high_pre_decoupled_eval_rng.pkl,20.672562707211664,0.0239772450556856,534.787353515625,4409881.5,511.7928466796875,55635.3125,6.254606622815039,1.8333182519036493,False,19.718520893726144,3,691d58e2f851aa47ac296408da97f0998053ea407b63d0c765de01fa2e2f4a55,be7de516b96323cbcbb9766ddc8eb0f6a1e5ec02bf6a0b0cf4761dc48b6a4cd3,631cf9dc2fd297d503022cb939793429663b550dbd8ddc9e6fe1cacb53541501
high,3,48,f858_historical_rng_aligned,C:\Users\Asus\PycharmProjects\UNCERTAIN_EPC_RL_V3\revision_outputs\revision_v8_historical_eval_aligned_window_ablation\rng_snapshots\high_pre_decoupled_eval_rng.pkl,19.97472146847193,0.0253974176817975,572.5667724609375,4304394.5,539.099853515625,54344.03125,6.106912896664202,1.809421391271131,False,19.718520893726144,3,691d58e2f851aa47ac296408da97f0998053ea407b63d0c765de01fa2e2f4a55,be7de516b96323cbcbb9766ddc8eb0f6a1e5ec02bf6a0b0cf4761dc48b6a4cd3,631cf9dc2fd297d503022cb939793429663b550dbd8ddc9e6fe1cacb53541501
high,3,49,f858_historical_rng_aligned,C:\Users\Asus\PycharmProjects\UNCERTAIN_EPC_RL_V3\revision_outputs\revision_v8_historical_eval_aligned_window_ablation\rng_snapshots\high_pre_decoupled_eval_rng.pkl,20.50095198854599,0.0280892339012702,558.5716552734375,4381268.5,533.259033203125,55299.11328125,6.226375903442887,1.8287944465930583,False,19.718520893726144,3,691d58e2f851aa47ac296408da97f0998053ea407b63d0c765de01fa2e2f4a55,be7de516b96323cbcbb9766ddc8eb0f6a1e5ec02bf6a0b0cf4761dc48b6a4cd3,631cf9dc2fd297d503022cb939793429663b550dbd8ddc9e6fe1cacb53541501
high,3,50,f858_historical_rng_aligned,C:\Users\Asus\PycharmProjects\UNCERTAIN_EPC_RL_V3\revision_outputs\revision_v8_historical_eval_aligned_window_ablation\rng_snapshots\high_pre_decoupled_eval_rng.pkl,21.816823678150573,0.0258360853929931,557.4655151367188,4768598.5,533.2965087890625,60140.77734375,6.944711233226452,1.937980396252809,False,19.718520893726144,3,691d58e2f851aa47ac296408da97f0998053ea407b63d0c765de01fa2e2f4a55,be7de516b96323cbcbb9766ddc8eb0f6a1e5ec02bf6a0b0cf4761dc48b6a4cd3,631cf9dc2fd297d503022cb939793429663b550dbd8ddc9e6fe1cacb53541501
high,3,51,f858_historical_rng_aligned,C:\Users\Asus\PycharmProjects\UNCERTAIN_EPC_RL_V3\revision_outputs\revision_v8_historical_eval_aligned_window_ablation\rng_snapshots\high_pre_decoupled_eval_rng.pkl,19.685385088134964,0.0245106804857873,557.4295043945312,4197862.0,526.1514892578125,52999.42578125,5.917176662764852,1.7778594200622453,False,19.718520893726144,3,691d58e2f851aa47ac296408da97f0998053ea407b63d0c765de01fa2e2f4a55,be7de516b96323cbcbb9766ddc8eb0f6a1e5ec02bf6a0b0cf4761dc48b6a4cd3,631cf9dc2fd297d503022cb939793429663b550dbd8ddc9e6fe1cacb53541501
high,3,52,f858_historical_rng_aligned,C:\Users\Asus\PycharmProjects\UNCERTAIN_EPC_RL_V3\revision_outputs\revision_v8_historical_eval_aligned_window_ablation\rng_snapshots\high_pre_decoupled_eval_rng.pkl,20.445318867664287,0.0254152329142377,533.1517333984375,4514890.0,506.6751098632813,56942.80078125,6.43964653411535,1.862473652603037,False,19.718520893726144,3,691d58e2f851aa47ac296408da97f0998053ea407b63d0c765de01fa2e2f4a55,be7de516b96323cbcbb9766ddc8eb0f6a1e5ec02bf6a0b0cf4761dc48b6a4cd3,631cf9dc2fd297d503022cb939793429663b550dbd8ddc9e6fe1cacb53541501
high,3,53,f858_historical_rng_aligned,C:\Users\Asus\PycharmProjects\UNCERTAIN_EPC_RL_V3\revision_outputs\revision_v8_historical_eval_aligned_window_ablation\rng_snapshots\high_pre_decoupled_eval_rng.pkl,20.35593279705319,0.0256441770979766,548.0575561523438,4341454.0,512.8253173828125,54781.0,6.146902563244483,1.815948306692114,False,19.718520893726144,3,691d58e2f851aa47ac296408da97f0998053ea407b63d0c765de01fa2e2f4a55,be7de516b96323cbcbb9766ddc8eb0f6a1e5ec02bf6a0b0cf4761dc48b6a4cd3,631cf9dc2fd297d503022cb939793429663b550dbd8ddc9e6fe1cacb53541501
high,3,54,f858_historical_rng_aligned,C:\Users\Asus\PycharmProjects\UNCERTAIN_EPC_RL_V3\revision_outputs\revision_v8_historical_eval_aligned_window_ablation\rng_snapshots\high_pre_decoupled_eval_rng.pkl,21.56053248969444,0.0244825361431447,552.2520141601562,4633742.0,526.810302734375,58448.58203125,6.677879064920114,1.8988004318816103,False,19.718520893726144,3,691d58e2f851aa47ac296408da97f0998053ea407b63d0c765de01fa2e2f4a55,be7de516b96323cbcbb9766ddc8eb0f6a1e5ec02bf6a0b0cf4761dc48b6a4cd3,631cf9dc2fd297d503022cb939793429663b550dbd8ddc9e6fe1cacb53541501
high,3,55,f858_historical_rng_aligned,C:\Users\Asus\PycharmProjects\UNCERTAIN_EPC_RL_V3\revision_outputs\revision_v8_historical_eval_aligned_window_ablation\rng_snapshots\high_pre_decoupled_eval_rng.pkl,21.680684471746915,0.0263226203290784,567.3223266601562,4604021.0,539.398193359375,58089.66015625,6.635612518832184,1.8924509798506637,False,19.718520893726144,3,691d58e2f851aa47ac296408da97f0998053ea407b63d0c765de01fa2e2f4a55,be7de516b96323cbcbb9766ddc8eb0f6a1e5ec02bf6a0b0cf4761dc48b6a4cd3,631cf9dc2fd297d503022cb939793429663b550dbd8ddc9e6fe1cacb53541501
high,3,56,f858_historical_rng_aligned,C:\Users\Asus\PycharmProjects\UNCERTAIN_EPC_RL_V3\revision_outputs\revision_v8_historical_eval_aligned_window_ablation\rng_snapshots\high_pre_decoupled_eval_rng.pkl,20.06456437959684,0.0245492994046724,540.7825927734375,4290784.5,511.1901245117188,54145.99609375,6.05534916333337,1.8009420406328762,False,19.718520893726144,3,691d58e2f851aa47ac296408da97f0998053ea407b63d0c765de01fa2e2f4a55,be7de516b96323cbcbb9766ddc8eb0f6a1e5ec02bf6a0b0cf4761dc48b6a4cd3,631cf9dc2fd297d503022cb939793429663b550dbd8ddc9e6fe1cacb53541501
high,3,57,f858_historical_rng_aligned,C:\Users\Asus\PycharmProjects\UNCERTAIN_EPC_RL_V3\revision_outputs\revision_v8_historical_eval_aligned_window_ablation\rng_snapshots\high_pre_decoupled_eval_rng.pkl,20.22333046287249,0.0279369316834963,541.2379760742188,4361650.0,511.8989868164063,55032.5234375,6.176037843044678,1.820676940139693,False,19.718520893726144,3,691d58e2f851aa47ac296408da97f0998053ea407b63d0c765de01fa2e2f4a55,be7de516b96323cbcbb9766ddc8eb0f6a1e5ec02bf6a0b0cf4761dc48b6a4cd3,631cf9dc2fd297d503022cb939793429663b550dbd8ddc9e6fe1cacb53541501
high,3,58,f858_historical_rng_aligned,C:\Users\Asus\PycharmProjects\UNCERTAIN_EPC_RL_V3\revision_outputs\revision_v8_historical_eval_aligned_window_ablation\rng_snapshots\high_pre_decoupled_eval_rng.pkl,20.57325730718313,0.0269104086489583,525.149169921875,4280880.0,500.14886474609375,54011.1484375,6.025205654766091,1.795951612365317,False,19.718520893726144,3,691d58e2f851aa47ac296408da97f0998053ea407b63d0c765de01fa2e2f4a55,be7de516b96323cbcbb9766ddc8eb0f6a1e5ec02bf6a0b0cf4761dc48b6a4cd3,631cf9dc2fd297d503022cb939793429663b550dbd8ddc9e6fe1cacb53541501
high,3,59,f858_historical_rng_aligned,C:\Users\Asus\PycharmProjects\UNCERTAIN_EPC_RL_V3\revision_outputs\revision_v8_historical_eval_aligned_window_ablation\rng_snapshots\high_pre_decoupled_eval_rng.pkl,20.801212656490144,0.0233426439517862,528.9655151367188,4477100.0,504.9584045410156,56468.70703125,6.368048689273638,1.8512930944415007,False,19.718520893726144,3,691d58e2f851aa47ac296408da97f0998053ea407b63d0c765de01fa2e2f4a55,be7de516b96323cbcbb9766ddc8eb0f6a1e5ec02bf6a0b0cf4761dc48b6a4cd3,631cf9dc2fd297d503022cb939793429663b550dbd8ddc9e6fe1cacb53541501
high,3,60,f858_historical_rng_aligned,C:\Users\Asus\PycharmProjects\UNCERTAIN_EPC_RL_V3\revision_outputs\revision_v8_historical_eval_aligned_window_ablation\rng_snapshots\high_pre_decoupled_eval_rng.pkl,20.798465766380243,0.028400872574794,565.03662109375,4524934.5,536.8064575195312,57098.484375,6.487214895469752,1.86983330077792,False,19.718520893726144,3,691d58e2f851aa47ac296408da97f0998053ea407b63d0c765de01fa2e2f4a55,be7de516b96323cbcbb9766ddc8eb0f6a1e5ec02bf6a0b0cf4761dc48b6a4cd3,631cf9dc2fd297d503022cb939793429663b550dbd8ddc9e6fe1cacb53541501
high,3,61,f858_historical_rng_aligned,C:\Users\Asus\PycharmProjects\UNCERTAIN_EPC_RL_V3\revision_outputs\revision_v8_historical_eval_aligned_window_ablation\rng_snapshots\high_pre_decoupled_eval_rng.pkl,22.11930093337135,0.0254521366566217,550.1385498046875,4888606.5,525.6895751953125,61633.2734375,7.1814827203682245,1.9715058687555675,False,19.718520893726144,3,691d58e2f851aa47ac296408da97f0998053ea407b63d0c765de01fa2e2f4a55,be7de516b96323cbcbb9766ddc8eb0f6a1e5ec02bf6a0b0cf4761dc48b6a4cd3,631cf9dc2fd297d503022cb939793429663b550dbd8ddc9e6fe1cacb53541501
high,3,62,f858_historical_rng_aligned,C:\Users\Asus\PycharmProjects\UNCERTAIN_EPC_RL_V3\revision_outputs\revision_v8_historical_eval_aligned_window_ablation\rng_snapshots\high_pre_decoupled_eval_rng.pkl,23.017582583714564,0.0269366340745545,546.400146484375,5022195.5,524.5098876953125,63301.95703125,7.462227402299144,2.0098539490463803,False,19.718520893726144,3,691d58e2f851aa47ac296408da97f0998053ea407b63d0c765de01fa2e2f4a55,be7de516b96323cbcbb9766ddc8eb0f6a1e5ec02bf6a0b0cf4761dc48b6a4cd3,631cf9dc2fd297d503022cb939793429663b550dbd8ddc9e6fe1cacb53541501
high,3,63,f858_historical_rng_aligned,C:\Users\Asus\PycharmProjects\UNCERTAIN_EPC_RL_V3\revision_outputs\revision_v8_historical_eval_aligned_window_ablation\rng_snapshots\high_pre_decoupled_eval_rng.pkl,19.8791817703233,0.0278722726605277,560.3839111328125,4307297.5,526.3543701171875,54367.57421875,6.100471616470014,1.808366082366091,False,19.718520893726144,3,691d58e2f851aa47ac296408da97f0998053ea407b63d0c765de01fa2e2f4a55,be7de516b96323cbcbb9766ddc8eb0f6a1e5ec02bf6a0b0cf4761dc48b6a4cd3,631cf9dc2fd297d503022cb939793429663b550dbd8ddc9e6fe1cacb53541501
high,3,64,f858_historical_rng_aligned,C:\Users\Asus\PycharmProjects\UNCERTAIN_EPC_RL_V3\revision_outputs\revision_v8_historical_eval_aligned_window_ablation\rng_snapshots\high_pre_decoupled_eval_rng.pkl,20.53621799579313,0.0248686012640495,556.5965576171875,4382651.0,528.69677734375,55311.83203125,6.226586937976959,1.828828339657188,False,19.718520893726144,3,691d58e2f851aa47ac296408da97f0998053ea407b63d0c765de01fa2e2f4a55,be7de516b96323cbcbb9766ddc8eb0f6a1e5ec02bf6a0b0cf4761dc48b6a4cd3,631cf9dc2fd297d503022cb939793429663b550dbd8ddc9e6fe1cacb53541501
high,3,65,f858_historical_rng_aligned,C:\Users\Asus\PycharmProjects\UNCERTAIN_EPC_RL_V3\revision_outputs\revision_v8_historical_eval_aligned_window_ablation\rng_snapshots\high_pre_decoupled_eval_rng.pkl,20.19761706696904,0.0285833577861278,581.0838623046875,4339316.5,545.9097900390625,54787.3671875,6.173810413646044,1.820316218392107,False,19.718520893726144,3,691d58e2f851aa47ac296408da97f0998053ea407b63d0c765de01fa2e2f4a55,be7de516b96323cbcbb9766ddc8eb0f6a1e5ec02bf6a0b0cf4761dc48b6a4cd3,631cf9dc2fd297d503022cb939793429663b550dbd8ddc9e6fe1cacb53541501
high,3,66,f858_historical_rng_aligned,C:\Users\Asus\PycharmProjects\UNCERTAIN_EPC_RL_V3\revision_outputs\revision_v8_historical_eval_aligned_window_ablation\rng_snapshots\high_pre_decoupled_eval_rng.pkl,20.33594688519255,0.0255660322178773,536.1908569335938,4429691.0,508.1511840820313,55879.2890625,6.2899339151441644,1.8389505643207764,False,19.718520893726144,3,691d58e2f851aa47ac296408da97f0998053ea407b63d0c765de01fa2e2f4a55,be7de516b96323cbcbb9766ddc8eb0f6a1e5ec02bf6a0b0cf4761dc48b6a4cd3,631cf9dc2fd297d503022cb939793429663b550dbd8ddc9e6fe1cacb53541501
high,3,67,f858_historical_rng_aligned,C:\Users\Asus\PycharmProjects\UNCERTAIN_EPC_RL_V3\revision_outputs\revision_v8_historical_eval_aligned_window_ablation\rng_snapshots\high_pre_decoupled_eval_rng.pkl,21.46206549390623,0.0302088887566186,553.2164306640625,4568362.0,527.3031005859375,57631.828125,6.556289789812638,1.8804248621335888,False,19.718520893726144,3,691d58e2f851aa47ac296408da97f0998053ea407b63d0c765de01fa2e2f4a55,be7de516b96323cbcbb9766ddc8eb0f6a1e5ec02bf6a0b0cf4761dc48b6a4cd3,631cf9dc2fd297d503022cb939793429663b550dbd8ddc9e6fe1cacb53541501
high,3,68,f858_historical_rng_aligned,C:\Users\Asus\PycharmProjects\UNCERTAIN_EPC_RL_V3\revision_outputs\revision_v8_historical_eval_aligned_window_ablation\rng_snapshots\high_pre_decoupled_eval_rng.pkl,20.995603557890508,0.0249908053578595,535.4781494140625,4436851.5,510.7124938964844,55971.35546875,6.302363608759479,1.84092473903014,False,19.718520893726144,3,691d58e2f851aa47ac296408da97f0998053ea407b63d0c765de01fa2e2f4a55,be7de516b96323cbcbb9766ddc8eb0f6a1e5ec02bf6a0b0cf4761dc48b6a4cd3,631cf9dc2fd297d503022cb939793429663b550dbd8ddc9e6fe1cacb53541501
high,3,69,f858_historical_rng_aligned,C:\Users\Asus\PycharmProjects\UNCERTAIN_EPC_RL_V3\revision_outputs\revision_v8_historical_eval_aligned_window_ablation\rng_snapshots\high_pre_decoupled_eval_rng.pkl,19.59346084702744,0.0242236794151084,561.4739379882812,4045570.5,524.623046875,51094.2578125,5.679840552472343,1.736923160591214,False,19.718520893726144,3,691d58e2f851aa47ac296408da97f0998053ea407b63d0c765de01fa2e2f4a55,be7de516b96323cbcbb9766ddc8eb0f6a1e5ec02bf6a0b0cf4761dc48b6a4cd3,631cf9dc2fd297d503022cb939793429663b550dbd8ddc9e6fe1cacb53541501
high,3,70,f858_historical_rng_aligned,C:\Users\Asus\PycharmProjects\UNCERTAIN_EPC_RL_V3\revision_outputs\revision_v8_historical_eval_aligned_window_ablation\rng_snapshots\high_pre_decoupled_eval_rng.pkl,20.736183422328374,0.0238971100502511,523.1033935546875,4427340.5,499.0673828125,55840.82421875,6.274405417865079,1.836478726403305,False,19.718520893726144,3,691d58e2f851aa47ac296408da97f0998053ea407b63d0c765de01fa2e2f4a55,be7de516b96323cbcbb9766ddc8eb0f6a1e5ec02bf6a0b0cf4761dc48b6a4cd3,631cf9dc2fd297d503022cb939793429663b550dbd8ddc9e6fe1cacb53541501
high,3,71,f858_historical_rng_aligned,C:\Users\Asus\PycharmProjects\UNCERTAIN_EPC_RL_V3\revision_outputs\revision_v8_historical_eval_aligned_window_ablation\rng_snapshots\high_pre_decoupled_eval_rng.pkl,19.63120203882288,0.0244942162312999,588.910888671875,4253564.0,545.951171875,53715.5,6.035956884460302,1.797734397815197,False,19.718520893726144,3,691d58e2f851aa47ac296408da97f0998053ea407b63d0c765de01fa2e2f4a55,be7de516b96323cbcbb9766ddc8eb0f6a1e5ec02bf6a0b0cf4761dc48b6a4cd3,631cf9dc2fd297d503022cb939793429663b550dbd8ddc9e6fe1cacb53541501
high,3,72,f858_historical_rng_aligned,C:\Users\Asus\PycharmProjects\UNCERTAIN_EPC_RL_V3\revision_outputs\revision_v8_historical_eval_aligned_window_ablation\rng_snapshots\high_pre_decoupled_eval_rng.pkl,20.201093197009158,0.0234079811938141,542.2402954101562,4377140.0,516.2094116210938,55230.4609375,6.204103820730585,1.8252109796569589,False,19.718520893726144,3,691d58e2f851aa47ac296408da97f0998053ea407b63d0c765de01fa2e2f4a55,be7de516b96323cbcbb9766ddc8eb0f6a1e5ec02bf6a0b0cf4761dc48b6a4cd3,631cf9dc2fd297d503022cb939793429663b550dbd8ddc9e6fe1cacb53541501
high,3,73,f858_historical_rng_aligned,C:\Users\Asus\PycharmProjects\UNCERTAIN_EPC_RL_V3\revision_outputs\revision_v8_historical_eval_aligned_window_ablation\rng_snapshots\high_pre_decoupled_eval_rng.pkl,21.336676677883545,0.0266527693530165,547.1995239257812,4577421.0,523.5808715820312,57741.34375,6.567824287163712,1.8821826189243749,False,19.718520893726144,3,691d58e2f851aa47ac296408da97f0998053ea407b63d0c765de01fa2e2f4a55,be7de516b96323cbcbb9766ddc8eb0f6a1e5ec02bf6a0b0cf4761dc48b6a4cd3,631cf9dc2fd297d503022cb939793429663b550dbd8ddc9e6fe1cacb53541501
high,3,74,f858_historical_rng_aligned,C:\Users\Asus\PycharmProjects\UNCERTAIN_EPC_RL_V3\revision_outputs\revision_v8_historical_eval_aligned_window_ablation\rng_snapshots\high_pre_decoupled_eval_rng.pkl,21.16705778827299,0.024919330576181,559.1007080078125,4485329.0,531.0882568359375,56597.703125,6.41003942999391,1.8578654222387625,False,19.718520893726144,3,691d58e2f851aa47ac296408da97f0998053ea407b63d0c765de01fa2e2f4a55,be7de516b96323cbcbb9766ddc8eb0f6a1e5ec02bf6a0b0cf4761dc48b6a4cd3,631cf9dc2fd297d503022cb939793429663b550dbd8ddc9e6fe1cacb53541501
high,3,75,f858_historical_rng_aligned,C:\Users\Asus\PycharmProjects\UNCERTAIN_EPC_RL_V3\revision_outputs\revision_v8_historical_eval_aligned_window_ablation\rng_snapshots\high_pre_decoupled_eval_rng.pkl,21.668372554505822,0.0278795776248116,557.112060546875,4603276.5,531.2701416015625,58072.2265625,6.624958982432111,1.8908441805221172,False,19.718520893726144,3,691d58e2f851aa47ac296408da97f0998053ea407b63d0c765de01fa2e2f4a55,be7de516b96323cbcbb9766ddc8eb0f6a1e5ec02bf6a0b0cf4761dc48b6a4cd3,631cf9dc2fd297d503022cb939793429663b550dbd8ddc9e6fe1cacb53541501
high,3,76,f858_historical_rng_aligned,C:\Users\Asus\PycharmProjects\UNCERTAIN_EPC_RL_V3\revision_outputs\revision_v8_historical_eval_aligned_window_ablation\rng_snapshots\high_pre_decoupled_eval_rng.pkl,21.29553322819265,0.0257989637211277,528.5484619140625,4911714.0,504.93505859375,61901.359375,7.2093705391375185,1.975381643621232,False,19.718520893726144,3,691d58e2f851aa47ac296408da97f0998053ea407b63d0c765de01fa2e2f4a55,be7de516b96323cbcbb9766ddc8eb0f6a1e5ec02bf6a0b0cf4761dc48b6a4cd3,631cf9dc2fd297d503022cb939793429663b550dbd8ddc9e6fe1cacb53541501
high,3,77,f858_historical_rng_aligned,C:\Users\Asus\PycharmProjects\UNCERTAIN_EPC_RL_V3\revision_outputs\revision_v8_historical_eval_aligned_window_ablation\rng_snapshots\high_pre_decoupled_eval_rng.pkl,20.482456563341493,0.0261167607998719,532.3456420898438,4460648.0,508.0794677734375,56266.1796875,6.341740874853752,1.8471533166963927,False,19.718520893726144,3,691d58e2f851aa47ac296408da97f0998053ea407b63d0c765de01fa2e2f4a55,be7de516b96323cbcbb9766ddc8eb0f6a1e5ec02bf6a0b0cf4761dc48b6a4cd3,631cf9dc2fd297d503022cb939793429663b550dbd8ddc9e6fe1cacb53541501
high,3,78,f858_historical_rng_aligned,C:\Users\Asus\PycharmProjects\UNCERTAIN_EPC_RL_V3\revision_outputs\revision_v8_historical_eval_aligned_window_ablation\rng_snapshots\high_pre_decoupled_eval_rng.pkl,20.173741534242414,0.0270986158786871,575.082275390625,4583160.0,540.7462158203125,57830.24609375,6.602984962145468,1.8875218137822276,False,19.718520893726144,3,691d58e2f851aa47ac296408da97f0998053ea407b63d0c765de01fa2e2f4a55,be7de516b96323cbcbb9766ddc8eb0f6a1e5ec02bf6a0b0cf4761dc48b6a4cd3,631cf9dc2fd297d503022cb939793429663b550dbd8ddc9e6fe1cacb53541501
high,3,79,f858_historical_rng_aligned,C:\Users\Asus\PycharmProjects\UNCERTAIN_EPC_RL_V3\revision_outputs\revision_v8_historical_eval_aligned_window_ablation\rng_snapshots\high_pre_decoupled_eval_rng.pkl,22.33336576568373,0.0287564165078041,561.962890625,5011266.0,537.2939453125,63178.1171875,7.452905338165822,2.0086039346469957,False,19.718520893726144,3,691d58e2f851aa47ac296408da97f0998053ea407b63d0c765de01fa2e2f4a55,be7de516b96323cbcbb9766ddc8eb0f6a1e5ec02bf6a0b0cf4761dc48b6a4cd3,631cf9dc2fd297d503022cb939793429663b550dbd8ddc9e6fe1cacb53541501
high,3,80,f858_historical_rng_aligned,C:\Users\Asus\PycharmProjects\UNCERTAIN_EPC_RL_V3\revision_outputs\revision_v8_historical_eval_aligned_window_ablation\rng_snapshots\high_pre_decoupled_eval_rng.pkl,21.39566202666706,0.0253656195405271,554.9752197265625,4455438.0,528.8955078125,56221.87109375,6.353065516780434,1.848937454962282,False,19.718520893726144,3,691d58e2f851aa47ac296408da97f0998053ea407b63d0c765de01fa2e2f4a55,be7de516b96323cbcbb9766ddc8eb0f6a1e5ec02bf6a0b0cf4761dc48b6a4cd3,631cf9dc2fd297d503022cb939793429663b550dbd8ddc9e6fe1cacb53541501
high,3,81,f858_historical_rng_aligned,C:\Users\Asus\PycharmProjects\UNCERTAIN_EPC_RL_V3\revision_outputs\revision_v8_historical_eval_aligned_window_ablation\rng_snapshots\high_pre_decoupled_eval_rng.pkl,21.57454373477249,0.0259697378444803,534.9359130859375,4685983.5,512.3787231445312,59087.171875,6.762053610336312,1.9113266324317748,False,19.718520893726144,3,691d58e2f851aa47ac296408da97f0998053ea407b63d0c765de01fa2e2f4a55,be7de516b96323cbcbb9766ddc8eb0f6a1e5ec02bf6a0b0cf4761dc48b6a4cd3,631cf9dc2fd297d503022cb939793429663b550dbd8ddc9e6fe1cacb53541501
high,3,82,f858_historical_rng_aligned,C:\Users\Asus\PycharmProjects\UNCERTAIN_EPC_RL_V3\revision_outputs\revision_v8_historical_eval_aligned_window_ablation\rng_snapshots\high_pre_decoupled_eval_rng.pkl,20.163619254854503,0.0271095933503228,535.404541015625,4345884.0,507.3014221191406,54830.8515625,6.1438645173919895,1.8154539443965088,False,19.718520893726144,3,691d58e2f851aa47ac296408da97f0998053ea407b63d0c765de01fa2e2f4a55,be7de516b96323cbcbb9766ddc8eb0f6a1e5ec02bf6a0b0cf4761dc48b6a4cd3,631cf9dc2fd297d503022cb939793429663b550dbd8ddc9e6fe1cacb53541501
high,3,83,f858_historical_rng_aligned,C:\Users\Asus\PycharmProjects\UNCERTAIN_EPC_RL_V3\revision_outputs\revision_v8_historical_eval_aligned_window_ablation\rng_snapshots\high_pre_decoupled_eval_rng.pkl,20.46079195154116,0.0226478807574112,564.929931640625,4408813.0,533.9544677734375,55644.1171875,6.279404382185807,1.8372751323811825,False,19.718520893726144,3,691d58e2f851aa47ac296408da97f0998053ea407b63d0c765de01fa2e2f4a55,be7de516b96323cbcbb9766ddc8eb0f6a1e5ec02bf6a0b0cf4761dc48b6a4cd3,631cf9dc2fd297d503022cb939793429663b550dbd8ddc9e6fe1cacb53541501
high,3,84,f858_historical_rng_aligned,C:\Users\Asus\PycharmProjects\UNCERTAIN_EPC_RL_V3\revision_outputs\revision_v8_historical_eval_aligned_window_ablation\rng_snapshots\high_pre_decoupled_eval_rng.pkl,22.03474675660105,0.0267305067488507,562.5335693359375,4834038.0,538.317138671875,60963.79296875,7.081147552994902,1.9574359783278177,False,19.718520893726144,3,691d58e2f851aa47ac296408da97f0998053ea407b63d0c765de01fa2e2f4a55,be7de516b96323cbcbb9766ddc8eb0f6a1e5ec02bf6a0b0cf4761dc48b6a4cd3,631cf9dc2fd297d503022cb939793429663b550dbd8ddc9e6fe1cacb53541501
high,3,85,f858_historical_rng_aligned,C:\Users\Asus\PycharmProjects\UNCERTAIN_EPC_RL_V3\revision_outputs\revision_v8_historical_eval_aligned_window_ablation\rng_snapshots\high_pre_decoupled_eval_rng.pkl,20.285273708639583,0.0238057235559513,524.8816528320312,4323970.0,501.5096130371094,54551.1328125,6.097651952482542,1.8079037712537704,False,19.718520893726144,3,691d58e2f851aa47ac296408da97f0998053ea407b63d0c765de01fa2e2f4a55,be7de516b96323cbcbb9766ddc8eb0f6a1e5ec02bf6a0b0cf4761dc48b6a4cd3,631cf9dc2fd297d503022cb939793429663b550dbd8ddc9e6fe1cacb53541501
high,3,86,f858_historical_rng_aligned,C:\Users\Asus\PycharmProjects\UNCERTAIN_EPC_RL_V3\revision_outputs\revision_v8_historical_eval_aligned_window_ablation\rng_snapshots\high_pre_decoupled_eval_rng.pkl,21.41455649942363,0.0283984641898391,569.863525390625,4424971.0,539.4033813476562,55851.5390625,6.312401487882243,1.8425161885996648,False,19.718520893726144,3,691d58e2f851aa47ac296408da97f0998053ea407b63d0c765de01fa2e2f4a55,be7de516b96323cbcbb9766ddc8eb0f6a1e5ec02bf6a0b0cf4761dc48b6a4cd3,631cf9dc2fd297d503022cb939793429663b550dbd8ddc9e6fe1cacb53541501
high,3,87,f858_historical_rng_aligned,C:\Users\Asus\PycharmProjects\UNCERTAIN_EPC_RL_V3\revision_outputs\revision_v8_historical_eval_aligned_window_ablation\rng_snapshots\high_pre_decoupled_eval_rng.pkl,20.50528533361213,0.0288337016504013,557.2408447265625,4323745.0,527.7481689453125,54574.5625,6.126002284347507,1.8125423813043284,False,19.718520893726144,3,691d58e2f851aa47ac296408da97f0998053ea407b63d0c765de01fa2e2f4a55,be7de516b96323cbcbb9766ddc8eb0f6a1e5ec02bf6a0b0cf4761dc48b6a4cd3,631cf9dc2fd297d503022cb939793429663b550dbd8ddc9e6fe1cacb53541501
high,3,88,f858_historical_rng_aligned,C:\Users\Asus\PycharmProjects\UNCERTAIN_EPC_RL_V3\revision_outputs\revision_v8_historical_eval_aligned_window_ablation\rng_snapshots\high_pre_decoupled_eval_rng.pkl,20.51762752298588,0.0241618444430072,527.9863891601562,4413786.0,504.7607421875,55677.0859375,6.255190759724837,1.8334116406120928,False,19.718520893726144,3,691d58e2f851aa47ac296408da97f0998053ea407b63d0c765de01fa2e2f4a55,be7de516b96323cbcbb9766ddc8eb0f6a1e5ec02bf6a0b0cf4761dc48b6a4cd3,631cf9dc2fd297d503022cb939793429663b550dbd8ddc9e6fe1cacb53541501
high,3,89,f858_historical_rng_aligned,C:\Users\Asus\PycharmProjects\UNCERTAIN_EPC_RL_V3\revision_outputs\revision_v8_historical_eval_aligned_window_ablation\rng_snapshots\high_pre_decoupled_eval_rng.pkl,20.15716601395052,0.0231855743652288,560.6909790039062,4379944.5,529.5101318359375,55278.81640625,6.225231541020597,1.828610637003716,False,19.718520893726144,3,691d58e2f851aa47ac296408da97f0998053ea407b63d0c765de01fa2e2f4a55,be7de516b96323cbcbb9766ddc8eb0f6a1e5ec02bf6a0b0cf4761dc48b6a4cd3,631cf9dc2fd297d503022cb939793429663b550dbd8ddc9e6fe1cacb53541501
high,3,90,f858_historical_rng_aligned,C:\Users\Asus\PycharmProjects\UNCERTAIN_EPC_RL_V3\revision_outputs\revision_v8_historical_eval_aligned_window_ablation\rng_snapshots\high_pre_decoupled_eval_rng.pkl,21.61391466041652,0.0247029888775119,548.0753173828125,4584743.0,521.4323120117188,57830.72265625,6.581799398591757,1.884308172784108,False,19.718520893726144,3,691d58e2f851aa47ac296408da97f0998053ea407b63d0c765de01fa2e2f4a55,be7de516b96323cbcbb9766ddc8eb0f6a1e5ec02bf6a0b0cf4761dc48b6a4cd3,631cf9dc2fd297d503022cb939793429663b550dbd8ddc9e6fe1cacb53541501
high,3,91,f858_historical_rng_aligned,C:\Users\Asus\PycharmProjects\UNCERTAIN_EPC_RL_V3\revision_outputs\revision_v8_historical_eval_aligned_window_ablation\rng_snapshots\high_pre_decoupled_eval_rng.pkl,20.84110711877929,0.0264340422021189,563.6607666015625,4505469.5,536.575927734375,56854.94140625,6.450741076535363,1.8641950197945667,False,19.718520893726144,3,691d58e2f851aa47ac296408da97f0998053ea407b63d0c765de01fa2e2f4a55,be7de516b96323cbcbb9766ddc8eb0f6a1e5ec02bf6a0b0cf4761dc48b6a4cd3,631cf9dc2fd297d503022cb939793429663b550dbd8ddc9e6fe1cacb53541501
high,3,92,f858_historical_rng_aligned,C:\Users\Asus\PycharmProjects\UNCERTAIN_EPC_RL_V3\revision_outputs\revision_v8_historical_eval_aligned_window_ablation\rng_snapshots\high_pre_decoupled_eval_rng.pkl,19.872828189677477,0.0270998803357746,570.91650390625,4458173.0,536.3740844726562,56263.5390625,6.371551404223598,1.851842988474676,False,19.718520893726144,3,691d58e2f851aa47ac296408da97f0998053ea407b63d0c765de01fa2e2f4a55,be7de516b96323cbcbb9766ddc8eb0f6a1e5ec02bf6a0b0cf4761dc48b6a4cd3,631cf9dc2fd297d503022cb939793429663b550dbd8ddc9e6fe1cacb53541501
high,3,93,f858_historical_rng_aligned,C:\Users\Asus\PycharmProjects\UNCERTAIN_EPC_RL_V3\revision_outputs\revision_v8_historical_eval_aligned_window_ablation\rng_snapshots\high_pre_decoupled_eval_rng.pkl,21.01738680206261,0.0263216429155103,519.9724731445312,4472243.5,497.9757690429688,56401.01953125,6.3514343480956725,1.8486806689870647,False,19.718520893726144,3,691d58e2f851aa47ac296408da97f0998053ea407b63d0c765de01fa2e2f4a55,be7de516b96323cbcbb9766ddc8eb0f6a1e5ec02bf6a0b0cf4761dc48b6a4cd3,631cf9dc2fd297d503022cb939793429663b550dbd8ddc9e6fe1cacb53541501
high,3,94,f858_historical_rng_aligned,C:\Users\Asus\PycharmProjects\UNCERTAIN_EPC_RL_V3\revision_outputs\revision_v8_historical_eval_aligned_window_ablation\rng_snapshots\high_pre_decoupled_eval_rng.pkl,21.660786848720942,0.0236875146625904,551.3035888671875,4713251.0,525.4146728515625,59441.05078125,6.829694205673408,1.9212799003510237,False,19.718520893726144,3,691d58e2f851aa47ac296408da97f0998053ea407b63d0c765de01fa2e2f4a55,be7de516b96323cbcbb9766ddc8eb0f6a1e5ec02bf6a0b0cf4761dc48b6a4cd3,631cf9dc2fd297d503022cb939793429663b550dbd8ddc9e6fe1cacb53541501
high,3,95,f858_historical_rng_aligned,C:\Users\Asus\PycharmProjects\UNCERTAIN_EPC_RL_V3\revision_outputs\revision_v8_historical_eval_aligned_window_ablation\rng_snapshots\high_pre_decoupled_eval_rng.pkl,20.37717478796774,0.0250165483461389,555.3680419921875,4463075.0,528.640625,56317.078125,6.36693147452519,1.8511176383768757,False,19.718520893726144,3,691d58e2f851aa47ac296408da97f0998053ea407b63d0c765de01fa2e2f4a55,be7de516b96323cbcbb9766ddc8eb0f6a1e5ec02bf6a0b0cf4761dc48b6a4cd3,631cf9dc2fd297d503022cb939793429663b550dbd8ddc9e6fe1cacb53541501
high,3,96,f858_historical_rng_aligned,C:\Users\Asus\PycharmProjects\UNCERTAIN_EPC_RL_V3\revision_outputs\revision_v8_historical_eval_aligned_window_ablation\rng_snapshots\high_pre_decoupled_eval_rng.pkl,20.852447651583887,0.0257427171721336,570.9111938476562,4427349.0,540.365966796875,55882.23046875,6.317550868195359,1.8433316121979908,False,19.718520893726144,3,691d58e2f851aa47ac296408da97f0998053ea407b63d0c765de01fa2e2f4a55,be7de516b96323cbcbb9766ddc8eb0f6a1e5ec02bf6a0b0cf4761dc48b6a4cd3,631cf9dc2fd297d503022cb939793429663b550dbd8ddc9e6fe1cacb53541501
high,3,97,f858_historical_rng_aligned,C:\Users\Asus\PycharmProjects\UNCERTAIN_EPC_RL_V3\revision_outputs\revision_v8_historical_eval_aligned_window_ablation\rng_snapshots\high_pre_decoupled_eval_rng.pkl,20.15624759847015,0.0243217887648299,602.7025146484375,4587003.0,564.6553955078125,57902.1953125,6.63578984454836,1.892477702831601,False,19.718520893726144,3,691d58e2f851aa47ac296408da97f0998053ea407b63d0c765de01fa2e2f4a55,be7de516b96323cbcbb9766ddc8eb0f6a1e5ec02bf6a0b0cf4761dc48b6a4cd3,631cf9dc2fd297d503022cb939793429663b550dbd8ddc9e6fe1cacb53541501
high,3,98,f858_historical_rng_aligned,C:\Users\Asus\PycharmProjects\UNCERTAIN_EPC_RL_V3\revision_outputs\revision_v8_historical_eval_aligned_window_ablation\rng_snapshots\high_pre_decoupled_eval_rng.pkl,21.75989266587033,0.0260857177881163,567.3414916992188,4658553.0,542.2318725585938,58774.14453125,6.73931160604662,1.907957784106628,False,19.718520893726144,3,691d58e2f851aa47ac296408da97f0998053ea407b63d0c765de01fa2e2f4a55,be7de516b96323cbcbb9766ddc8eb0f6a1e5ec02bf6a0b0cf4761dc48b6a4cd3,631cf9dc2fd297d503022cb939793429663b550dbd8ddc9e6fe1cacb53541501
high,3,99,f858_historical_rng_aligned,C:\Users\Asus\PycharmProjects\UNCERTAIN_EPC_RL_V3\revision_outputs\revision_v8_historical_eval_aligned_window_ablation\rng_snapshots\high_pre_decoupled_eval_rng.pkl,22.29073540471614,0.0274810214145376,560.2037963867188,4759060.0,535.5718994140625,60023.8203125,6.928292077096458,1.9356133293057172,False,19.718520893726144,3,691d58e2f851aa47ac296408da97f0998053ea407b63d0c765de01fa2e2f4a55,be7de516b96323cbcbb9766ddc8eb0f6a1e5ec02bf6a0b0cf4761dc48b6a4cd3,631cf9dc2fd297d503022cb939793429663b550dbd8ddc9e6fe1cacb53541501
high,7,0,f858_historical_rng_aligned,C:\Users\Asus\PycharmProjects\UNCERTAIN_EPC_RL_V3\revision_outputs\revision_v8_historical_eval_aligned_window_ablation\rng_snapshots\high_pre_decoupled_eval_rng.pkl,15.43386483826755,0.0224255507845796,584.4657592773438,3126243.0,534.7965698242188,39612.8359375,4.495547317384144,1.5030874218870518,False,13.05086543669162,3,f278eece7120d671d53811f8c19c0c335bb3e88ba0b391fa8eab12140c88be2c,be7de516b96323cbcbb9766ddc8eb0f6a1e5ec02bf6a0b0cf4761dc48b6a4cd3,631cf9dc2fd297d503022cb939793429663b550dbd8ddc9e6fe1cacb53541501
high,7,1,f858_historical_rng_aligned,C:\Users\Asus\PycharmProjects\UNCERTAIN_EPC_RL_V3\revision_outputs\revision_v8_historical_eval_aligned_window_ablation\rng_snapshots\high_pre_decoupled_eval_rng.pkl,16.706208683119062,0.0257209480211673,604.5339965820312,3541510.75,550.5239868164062,44819.40625,5.008453447456348,1.6111271743187583,False,13.05086543669162,3,f278eece7120d671d53811f8c19c0c335bb3e88ba0b391fa8eab12140c88be2c,be7de516b96323cbcbb9766ddc8eb0f6a1e5ec02bf6a0b0cf4761dc48b6a4cd3,631cf9dc2fd297d503022cb939793429663b550dbd8ddc9e6fe1cacb53541501
high,7,2,f858_historical_rng_aligned,C:\Users\Asus\PycharmProjects\UNCERTAIN_EPC_RL_V3\revision_outputs\revision_v8_historical_eval_aligned_window_ablation\rng_snapshots\high_pre_decoupled_eval_rng.pkl,15.03576886668572,0.0243758964861316,603.13134765625,3243493.5,547.9722900390625,41091.640625,4.644191695927131,1.535617341176474,False,13.05086543669162,3,f278eece7120d671d53811f8c19c0c335bb3e88ba0b391fa8eab12140c88be2c,be7de516b96323cbcbb9766ddc8eb0f6a1e5ec02bf6a0b0cf4761dc48b6a4cd3,631cf9dc2fd297d503022cb939793429663b550dbd8ddc9e6fe1cacb53541501
high,7,3,f858_historical_rng_aligned,C:\Users\Asus\PycharmProjects\UNCERTAIN_EPC_RL_V3\revision_outputs\revision_v8_historical_eval_aligned_window_ablation\rng_snapshots\high_pre_decoupled_eval_rng.pkl,17.338651296818465,0.0253722549169171,597.46875,3625124.0,544.9376220703125,45858.98828125,5.111120133847022,1.631418584469213,False,13.05086543669162,3,f278eece7120d671d53811f8c19c0c335bb3e88ba0b391fa8eab12140c88be2c,be7de516b96323cbcbb9766ddc8eb0f6a1e5ec02bf6a0b0cf4761dc48b6a4cd3,631cf9dc2fd297d503022cb939793429663b550dbd8ddc9e6fe1cacb53541501
high,7,4,f858_historical_rng_aligned,C:\Users\Asus\PycharmProjects\UNCERTAIN_EPC_RL_V3\revision_outputs\revision_v8_historical_eval_aligned_window_ablation\rng_snapshots\high_pre_decoupled_eval_rng.pkl,14.34902630416677,0.0223144375588473,590.1690673828125,3037427.0,536.1919555664062,38504.02734375,4.403507810251331,1.48240145290807,False,13.05086543669162,3,f278eece7120d671d53811f8c19c0c335bb3e88ba0b391fa8eab12140c88be2c,be7de516b96323cbcbb9766ddc8eb0f6a1e5ec02bf6a0b0cf4761dc48b6a4cd3,631cf9dc2fd297d503022cb939793429663b550dbd8ddc9e6fe1cacb53541501
high,7,5,f858_historical_rng_aligned,C:\Users\Asus\PycharmProjects\UNCERTAIN_EPC_RL_V3\revision_outputs\revision_v8_historical_eval_aligned_window_ablation\rng_snapshots\high_pre_decoupled_eval_rng.pkl,13.913695615194628,0.026176804479443,615.1455078125,3218690.25,560.3037109375,40793.93359375,4.626540309911055,1.5318093554996528,False,13.05086543669162,3,f278eece7120d671d53811f8c19c0c335bb3e88ba0b391fa8eab12140c88be2c,be7de516b96323cbcbb9766ddc8eb0f6a1e5ec02bf6a0b0cf4761dc48b6a4cd3,631cf9dc2fd297d503022cb939793429663b550dbd8ddc9e6fe1cacb53541501
high,7,6,f858_historical_rng_aligned,C:\Users\Asus\PycharmProjects\UNCERTAIN_EPC_RL_V3\revision_outputs\revision_v8_historical_eval_aligned_window_ablation\rng_snapshots\high_pre_decoupled_eval_rng.pkl,13.94485707682107,0.0234575306523634,567.5787963867188,3148931.5,523.3237915039062,39884.96875,4.506324205171212,1.5054817890825216,False,13.05086543669162,3,f278eece7120d671d53811f8c19c0c335bb3e88ba0b391fa8eab12140c88be2c,be7de516b96323cbcbb9766ddc8eb0f6a1e5ec02bf6a0b0cf4761dc48b6a4cd3,631cf9dc2fd297d503022cb939793429663b550dbd8ddc9e6fe1cacb53541501
high,7,7,f858_historical_rng_aligned,C:\Users\Asus\PycharmProjects\UNCERTAIN_EPC_RL_V3\revision_outputs\revision_v8_historical_eval_aligned_window_ablation\rng_snapshots\high_pre_decoupled_eval_rng.pkl,15.523490047203111,0.022683075448763,572.6874389648438,3351633.75,528.4059448242188,42423.828125,4.74522331906129,1.5571384950347682,False,13.05086543669162,3,f278eece7120d671d53811f8c19c0c335bb3e88ba0b391fa8eab12140c88be2c,be7de516b96323cbcbb9766ddc8eb0f6a1e5ec02bf6a0b0cf4761dc48b6a4cd3,631cf9dc2fd297d503022cb939793429663b550dbd8ddc9e6fe1cacb53541501
high,7,8,f858_historical_rng_aligned,C:\Users\Asus\PycharmProjects\UNCERTAIN_EPC_RL_V3\revision_outputs\revision_v8_historical_eval_aligned_window_ablation\rng_snapshots\high_pre_decoupled_eval_rng.pkl,16.18890842403375,0.0250375884048399,690.074951171875,3778781.0,617.8359375,47852.59765625,5.404528414957725,1.6872371975081344,False,13.05086543669162,3,f278eece7120d671d53811f8c19c0c335bb3e88ba0b391fa8eab12140c88be2c,be7de516b96323cbcbb9766ddc8eb0f6a1e5ec02bf6a0b0cf4761dc48b6a4cd3,631cf9dc2fd297d503022cb939793429663b550dbd8ddc9e6fe1cacb53541501
high,7,9,f858_historical_rng_aligned,C:\Users\Asus\PycharmProjects\UNCERTAIN_EPC_RL_V3\revision_outputs\revision_v8_historical_eval_aligned_window_ablation\rng_snapshots\high_pre_decoupled_eval_rng.pkl,14.372759815871502,0.0265535574663268,596.6378784179688,3147865.0,548.81103515625,39897.125,4.530550120407862,1.5108433715054117,False,13.05086543669162,3,f278eece7120d671d53811f8c19c0c335bb3e88ba0b391fa8eab12140c88be2c,be7de516b96323cbcbb9766ddc8eb0f6a1e5ec02bf6a0b0cf4761dc48b6a4cd3,631cf9dc2fd297d503022cb939793429663b550dbd8ddc9e6fe1cacb53541501
high,7,10,f858_historical_rng_aligned,C:\Users\Asus\PycharmProjects\UNCERTAIN_EPC_RL_V3\revision_outputs\revision_v8_historical_eval_aligned_window_ablation\rng_snapshots\high_pre_decoupled_eval_rng.pkl,13.415625056842428,0.0227947136900807,558.0391845703125,3022170.75,512.0364990234375,38289.16796875,4.359670999381311,1.4723965956562828,False,13.05086543669162,3,f278eece7120d671d53811f8c19c0c335bb3e88ba0b391fa8eab12140c88be2c,be7de516b96323cbcbb9766ddc8eb0f6a1e5ec02bf6a0b0cf4761dc48b6a4cd3,631cf9dc2fd297d503022cb939793429663b550dbd8ddc9e6fe1cacb53541501
high,7,11,f858_historical_rng_aligned,C:\Users\Asus\PycharmProjects\UNCERTAIN_EPC_RL_V3\revision_outputs\revision_v8_historical_eval_aligned_window_ablation\rng_snapshots\high_pre_decoupled_eval_rng.pkl,13.732504987579132,0.0251954381699746,562.4749755859375,3000785.0,519.383544921875,38029.1953125,4.34108691283477,1.4681247575026035,False,13.05086543669162,3,f278eece7120d671d53811f8c19c0c335bb3e88ba0b391fa8eab12140c88be2c,be7de516b96323cbcbb9766ddc8eb0f6a1e5ec02bf6a0b0cf4761dc48b6a4cd3,631cf9dc2fd297d503022cb939793429663b550dbd8ddc9e6fe1cacb53541501
high,7,12,f858_historical_rng_aligned,C:\Users\Asus\PycharmProjects\UNCERTAIN_EPC_RL_V3\revision_outputs\revision_v8_historical_eval_aligned_window_ablation\rng_snapshots\high_pre_decoupled_eval_rng.pkl,14.863477406029086,0.0232437935707269,572.984619140625,3033618.25,527.2698974609375,38447.49609375,4.3849837598684855,1.4781859222525189,False,13.05086543669162,3,f278eece7120d671d53811f8c19c0c335bb3e88ba0b391fa8eab12140c88be2c,be7de516b96323cbcbb9766ddc8eb0f6a1e5ec02bf6a0b0cf4761dc48b6a4cd3,631cf9dc2fd297d503022cb939793429663b550dbd8ddc9e6fe1cacb53541501
high,7,13,f858_historical_rng_aligned,C:\Users\Asus\PycharmProjects\UNCERTAIN_EPC_RL_V3\revision_outputs\revision_v8_historical_eval_aligned_window_ablation\rng_snapshots\high_pre_decoupled_eval_rng.pkl,13.782158188507967,0.0229674672641002,611.116943359375,2990641.5,549.1004638671875,37932.12109375,4.371727989204726,1.4751583518199158,False,13.05086543669162,3,f278eece7120d671d53811f8c19c0c335bb3e88ba0b391fa8eab12140c88be2c,be7de516b96323cbcbb9766ddc8eb0f6a1e5ec02bf6a0b0cf4761dc48b6a4cd3,631cf9dc2fd297d503022cb939793429663b550dbd8ddc9e6fe1cacb53541501
high,7,14,f858_historical_rng_aligned,C:\Users\Asus\PycharmProjects\UNCERTAIN_EPC_RL_V3\revision_outputs\revision_v8_historical_eval_aligned_window_ablation\rng_snapshots\high_pre_decoupled_eval_rng.pkl,15.04023001970477,0.0253125902037109,535.85400390625,3356779.0,500.8714904785156,42460.609375,4.719882267535628,1.5517838559676511,False,13.05086543669162,3,f278eece7120d671d53811f8c19c0c335bb3e88ba0b391fa8eab12140c88be2c,be7de516b96323cbcbb9766ddc8eb0f6a1e5ec02bf6a0b0cf4761dc48b6a4cd3,631cf9dc2fd297d503022cb939793429663b550dbd8ddc9e6fe1cacb53541501
high,7,15,f858_historical_rng_aligned,C:\Users\Asus\PycharmProjects\UNCERTAIN_EPC_RL_V3\revision_outputs\revision_v8_historical_eval_aligned_window_ablation\rng_snapshots\high_pre_decoupled_eval_rng.pkl,14.622313465562115,0.0268871817130301,626.0542602539062,3210718.75,564.8785400390625,40698.86328125,4.626729837001814,1.5318503198479916,False,13.05086543669162,3,f278eece7120d671d53811f8c19c0c335bb3e88ba0b391fa8eab12140c88be2c,be7de516b96323cbcbb9766ddc8eb0f6a1e5ec02bf6a0b0cf4761dc48b6a4cd3,631cf9dc2fd297d503022cb939793429663b550dbd8ddc9e6fe1cacb53541501
high,7,16,f858_historical_rng_aligned,C:\Users\Asus\PycharmProjects\UNCERTAIN_EPC_RL_V3\revision_outputs\revision_v8_historical_eval_aligned_window_ablation\rng_snapshots\high_pre_decoupled_eval_rng.pkl,17.090698348565876,0.0252466705520538,558.823974609375,3706000.0,520.385498046875,46845.38671875,5.186242194243241,1.646009387576942,False,13.05086543669162,3,f278eece7120d671d53811f8c19c0c335bb3e88ba0b391fa8eab12140c88be2c,be7de516b96323cbcbb9766ddc8eb0f6a1e5ec02bf6a0b0cf4761dc48b6a4cd3,631cf9dc2fd297d503022cb939793429663b550dbd8ddc9e6fe1cacb53541501
high,7,17,f858_historical_rng_aligned,C:\Users\Asus\PycharmProjects\UNCERTAIN_EPC_RL_V3\revision_outputs\revision_v8_historical_eval_aligned_window_ablation\rng_snapshots\high_pre_decoupled_eval_rng.pkl,19.97931548562968,0.024952747526653,566.2294921875,3742660.75,522.2289428710938,47305.48828125,5.242465787832998,1.656791957846654,False,13.05086543669162,3,f278eece7120d671d53811f8c19c0c335bb3e88ba0b391fa8eab12140c88be2c,be7de516b96323cbcbb9766ddc8eb0f6a1e5ec02bf6a0b0cf4761dc48b6a4cd3,631cf9dc2fd297d503022cb939793429663b550dbd8ddc9e6fe1cacb53541501
high,7,18,f858_historical_rng_aligned,C:\Users\Asus\PycharmProjects\UNCERTAIN_EPC_RL_V3\revision_outputs\revision_v8_historical_eval_aligned_window_ablation\rng_snapshots\high_pre_decoupled_eval_rng.pkl,19.335211612953287,0.0226177339146584,598.603271484375,3644351.0,546.68115234375,46101.06640625,5.137728398798247,1.6366110360211683,False,13.05086543669162,3,f278eece7120d671d53811f8c19c0c335bb3e88ba0b391fa8eab12140c88be2c,be7de516b96323cbcbb9766ddc8eb0f6a1e5ec02bf6a0b0cf4761dc48b6a4cd3,631cf9dc2fd297d503022cb939793429663b550dbd8ddc9e6fe1cacb53541501
high,7,19,f858_historical_rng_aligned,C:\Users\Asus\PycharmProjects\UNCERTAIN_EPC_RL_V3\revision_outputs\revision_v8_historical_eval_aligned_window_ablation\rng_snapshots\high_pre_decoupled_eval_rng.pkl,18.94560942763979,0.0228595435477766,604.5618286132812,3786671.75,551.4508056640625,47884.84765625,5.337452038472297,1.6747483927480564,False,13.05086543669162,3,f278eece7120d671d53811f8c19c0c335bb3e88ba0b391fa8eab12140c88be2c,be7de516b96323cbcbb9766ddc8eb0f6a1e5ec02bf6a0b0cf4761dc48b6a4cd3,631cf9dc2fd297d503022cb939793429663b550dbd8ddc9e6fe1cacb53541501
high,7,20,f858_historical_rng_aligned,C:\Users\Asus\PycharmProjects\UNCERTAIN_EPC_RL_V3\revision_outputs\revision_v8_historical_eval_aligned_window_ablation\rng_snapshots\high_pre_decoupled_eval_rng.pkl,13.468208378625375,0.0259146238140263,596.73583984375,2881709.0,541.7112426757812,36563.07421875,4.246874164699656,1.4461832216714727,False,13.05086543669162,3,f278eece7120d671d53811f8c19c0c335bb3e88ba0b391fa8eab12140c88be2c,be7de516b96323cbcbb9766ddc8eb0f6a1e5ec02bf6a0b0cf4761dc48b6a4cd3,631cf9dc2fd297d503022cb939793429663b550dbd8ddc9e6fe1cacb53541501
high,7,21,f858_historical_rng_aligned,C:\Users\Asus\PycharmProjects\UNCERTAIN_EPC_RL_V3\revision_outputs\revision_v8_historical_eval_aligned_window_ablation\rng_snapshots\high_pre_decoupled_eval_rng.pkl,13.604680386956256,0.0252122366458177,584.662841796875,3001585.5,537.1888427734375,38057.0078125,4.361023956489507,1.4727068821932838,False,13.05086543669162,3,f278eece7120d671d53811f8c19c0c335bb3e88ba0b391fa8eab12140c88be2c,be7de516b96323cbcbb9766ddc8eb0f6a1e5ec02bf6a0b0cf4761dc48b6a4cd3,631cf9dc2fd297d503022cb939793429663b550dbd8ddc9e6fe1cacb53541501
high,7,22,f858_historical_rng_aligned,C:\Users\Asus\PycharmProjects\UNCERTAIN_EPC_RL_V3\revision_outputs\revision_v8_historical_eval_aligned_window_ablation\rng_snapshots\high_pre_decoupled_eval_rng.pkl,14.387356097457683,0.0253560409558082,566.7699584960938,3152176.5,522.6092529296875,39924.81640625,4.509241703357168,1.506129002650122,False,13.05086543669162,3,f278eece7120d671d53811f8c19c0c335bb3e88ba0b391fa8eab12140c88be2c,be7de516b96323cbcbb9766ddc8eb0f6a1e5ec02bf6a0b0cf4761dc48b6a4cd3,631cf9dc2fd297d503022cb939793429663b550dbd8ddc9e6fe1cacb53541501
high,7,23,f858_historical_rng_aligned,C:\Users\Asus\PycharmProjects\UNCERTAIN_EPC_RL_V3\revision_outputs\revision_v8_historical_eval_aligned_window_ablation\rng_snapshots\high_pre_decoupled_eval_rng.pkl,13.75924302966649,0.0228093044396974,615.56396484375,3235859.0,555.50244140625,41003.7421875,4.646143082652782,1.536037430828969,False,13.05086543669162,3,f278eece7120d671d53811f8c19c0c335bb3e88ba0b391fa8eab12140c88be2c,be7de516b96323cbcbb9766ddc8eb0f6a1e5ec02bf6a0b0cf4761dc48b6a4cd3,631cf9dc2fd297d503022cb939793429663b550dbd8ddc9e6fe1cacb53541501
high,7,24,f858_historical_rng_aligned,C:\Users\Asus\PycharmProjects\UNCERTAIN_EPC_RL_V3\revision_outputs\revision_v8_historical_eval_aligned_window_ablation\rng_snapshots\high_pre_decoupled_eval_rng.pkl,13.76226837023031,0.0225421371840782,569.1783447265625,3049642.0,521.3873291015625,38641.91015625,4.398660899005709,1.4813001534679875,False,13.05086543669162,3,f278eece7120d671d53811f8c19c0c335bb3e88ba0b391fa8eab12140c88be2c,be7de516b96323cbcbb9766ddc8eb0f6a1e5ec02bf6a0b0cf4761dc48b6a4cd3,631cf9dc2fd297d503022cb939793429663b550dbd8ddc9e6fe1cacb53541501
high,7,25,f858_historical_rng_aligned,C:\Users\Asus\PycharmProjects\UNCERTAIN_EPC_RL_V3\revision_outputs\revision_v8_historical_eval_aligned_window_ablation\rng_snapshots\high_pre_decoupled_eval_rng.pkl,15.40135413928708,0.0251015982580561,631.7879638671875,3150061.25,572.901611328125,39948.66796875,4.563662601037571,1.5181255031141263,False,13.05086543669162,3,f278eece7120d671d53811f8c19c0c335bb3e88ba0b391fa8eab12140c88be2c,be7de516b96323cbcbb9766ddc8eb0f6a1e5ec02bf6a0b0cf4761dc48b6a4cd3,631cf9dc2fd297d503022cb939793429663b550dbd8ddc9e6fe1cacb53541501
high,7,26,f858_historical_rng_aligned,C:\Users\Asus\PycharmProjects\UNCERTAIN_EPC_RL_V3\revision_outputs\revision_v8_historical_eval_aligned_window_ablation\rng_snapshots\high_pre_decoupled_eval_rng.pkl,13.558973999810815,0.0223535409033338,625.024658203125,3178356.5,561.1758422851562,40290.6328125,4.588838330432388,1.523626904988754,False,13.05086543669162,3,f278eece7120d671d53811f8c19c0c335bb3e88ba0b391fa8eab12140c88be2c,be7de516b96323cbcbb9766ddc8eb0f6a1e5ec02bf6a0b0cf4761dc48b6a4cd3,631cf9dc2fd297d503022cb939793429663b550dbd8ddc9e6fe1cacb53541501
high,7,27,f858_historical_rng_aligned,C:\Users\Asus\PycharmProjects\UNCERTAIN_EPC_RL_V3\revision_outputs\revision_v8_historical_eval_aligned_window_ablation\rng_snapshots\high_pre_decoupled_eval_rng.pkl,15.179401727439531,0.0246771213165733,544.1719970703125,3216437.0,504.9454345703125,40710.40625,4.562458846901995,1.5178616990108338,False,13.05086543669162,3,f278eece7120d671d53811f8c19c0c335bb3e88ba0b391fa8eab12140c88be2c,be7de516b96323cbcbb9766ddc8eb0f6a1e5ec02bf6a0b0cf4761dc48b6a4cd3,631cf9dc2fd297d503022cb939793429663b550dbd8ddc9e6fe1cacb53541501
high,7,28,f858_historical_rng_aligned,C:\Users\Asus\PycharmProjects\UNCERTAIN_EPC_RL_V3\revision_outputs\revision_v8_historical_eval_aligned_window_ablation\rng_snapshots\high_pre_decoupled_eval_rng.pkl,14.91314155308688,0.0276253623396872,562.3717041015625,3180680.75,520.4075927734375,40278.9140625,4.537553368405053,1.5123879611537694,False,13.05086543669162,3,f278eece7120d671d53811f8c19c0c335bb3e88ba0b391fa8eab12140c88be2c,be7de516b96323cbcbb9766ddc8eb0f6a1e5ec02bf6a0b0cf4761dc48b6a4cd3,631cf9dc2fd297d503022cb939793429663b550dbd8ddc9e6fe1cacb53541501
high,7,29,f858_historical_rng_aligned,C:\Users\Asus\PycharmProjects\UNCERTAIN_EPC_RL_V3\revision_outputs\revision_v8_historical_eval_aligned_window_ablation\rng_snapshots\high_pre_decoupled_eval_rng.pkl,14.147738217564612,0.024406287484973,553.609619140625,3280025.5,514.65966796875,41514.98046875,4.644157623779691,1.5356100046420118,False,13.05086543669162,3,f278eece7120d671d53811f8c19c0c335bb3e88ba0b391fa8eab12140c88be2c,be7de516b96323cbcbb9766ddc8eb0f6a1e5ec02bf6a0b0cf4761dc48b6a4cd3,631cf9dc2fd297d503022cb939793429663b550dbd8ddc9e6fe1cacb53541501
high,7,30,f858_historical_rng_aligned,C:\Users\Asus\PycharmProjects\UNCERTAIN_EPC_RL_V3\revision_outputs\revision_v8_historical_eval_aligned_window_ablation\rng_snapshots\high_pre_decoupled_eval_rng.pkl,14.182856878702326,0.0235533777073725,549.42041015625,3074613.0,510.7251586914063,38943.390625,4.409194372528382,1.4836919908040185,False,13.05086543669162,3,f278eece7120d671d53811f8c19c0c335bb3e88ba0b391fa8eab12140c88be2c,be7de516b96323cbcbb9766ddc8eb0f6a1e5ec02bf6a0b0cf4761dc48b6a4cd3,631cf9dc2fd297d503022cb939793429663b550dbd8ddc9e6fe1cacb53541501
high,7,31,f858_historical_rng_aligned,C:\Users\Asus\PycharmProjects\UNCERTAIN_EPC_RL_V3\revision_outputs\revision_v8_historical_eval_aligned_window_ablation\rng_snapshots\high_pre_decoupled_eval_rng.pkl,13.844638945818469,0.0255214813061541,603.9579467773438,3159384.5,549.9224243164062,40042.2265625,4.549413701328004,1.5149983678091137,False,13.05086543669162,3,f278eece7120d671d53811f8c19c0c335bb3e88ba0b391fa8eab12140c88be2c,be7de516b96323cbcbb9766ddc8eb0f6a1e5ec02bf6a0b0cf4761dc48b6a4cd3,631cf9dc2fd297d503022cb939793429663b550dbd8ddc9e6fe1cacb53541501
high,7,32,f858_historical_rng_aligned,C:\Users\Asus\PycharmProjects\UNCERTAIN_EPC_RL_V3\revision_outputs\revision_v8_historical_eval_aligned_window_ablation\rng_snapshots\high_pre_decoupled_eval_rng.pkl,15.80617303195218,0.0246638092219057,611.80029296875,3576815.25,561.8143310546875,45272.00390625,5.061105238703966,1.62158488606909,False,13.05086543669162,3,f278eece7120d671d53811f8c19c0c335bb3e88ba0b391fa8eab12140c88be2c,be7de516b96323cbcbb9766ddc8eb0f6a1e5ec02bf6a0b0cf4761dc48b6a4cd3,631cf9dc2fd297d503022cb939793429663b550dbd8ddc9e6fe1cacb53541501
high,7,33,f858_historical_rng_aligned,C:\Users\Asus\PycharmProjects\UNCERTAIN_EPC_RL_V3\revision_outputs\revision_v8_historical_eval_aligned_window_ablation\rng_snapshots\high_pre_decoupled_eval_rng.pkl,14.642803662220206,0.0251422687111605,590.4807739257812,3424219.5,537.6348876953125,43340.37890625,4.848445828563634,1.578658205876212,False,13.05086543669162,3,f278eece7120d671d53811f8c19c0c335bb3e88ba0b391fa8eab12140c88be2c,be7de516b96323cbcbb9766ddc8eb0f6a1e5ec02bf6a0b0cf4761dc48b6a4cd3,631cf9dc2fd297d503022cb939793429663b550dbd8ddc9e6fe1cacb53541501
high,7,34,f858_historical_rng_aligned,C:\Users\Asus\PycharmProjects\UNCERTAIN_EPC_RL_V3\revision_outputs\revision_v8_historical_eval_aligned_window_ablation\rng_snapshots\high_pre_decoupled_eval_rng.pkl,14.293697760833586,0.0287430068973264,610.81884765625,3056712.0,557.6066284179688,38766.50390625,4.442716299077008,1.491265968455005,False,13.05086543669162,3,f278eece7120d671d53811f8c19c0c335bb3e88ba0b391fa8eab12140c88be2c,be7de516b96323cbcbb9766ddc8eb0f6a1e5ec02bf6a0b0cf4761dc48b6a4cd3,631cf9dc2fd297d503022cb939793429663b550dbd8ddc9e6fe1cacb53541501
high,7,35,f858_historical_rng_aligned,C:\Users\Asus\PycharmProjects\UNCERTAIN_EPC_RL_V3\revision_outputs\revision_v8_historical_eval_aligned_window_ablation\rng_snapshots\high_pre_decoupled_eval_rng.pkl,13.898238908713932,0.0245067979486257,578.944091796875,2991220.25,530.9716796875,37921.2265625,4.344998114136424,1.4690253246865188,False,13.05086543669162,3,f278eece7120d671d53811f8c19c0c335bb3e88ba0b391fa8eab12140c88be2c,be7de516b96323cbcbb9766ddc8eb0f6a1e5ec02bf6a0b0cf4761dc48b6a4cd3,631cf9dc2fd297d503022cb939793429663b550dbd8ddc9e6fe1cacb53541501
high,7,36,f858_historical_rng_aligned,C:\Users\Asus\PycharmProjects\UNCERTAIN_EPC_RL_V3\revision_outputs\revision_v8_historical_eval_aligned_window_ablation\rng_snapshots\high_pre_decoupled_eval_rng.pkl,16.93132355806536,0.0251755206543209,595.2295532226562,3459867.75,541.9559936523438,43790.3046875,4.896828338867819,1.5885877177597991,False,13.05086543669162,3,f278eece7120d671d53811f8c19c0c335bb3e88ba0b391fa8eab12140c88be2c,be7de516b96323cbcbb9766ddc8eb0f6a1e5ec02bf6a0b0cf4761dc48b6a4cd3,631cf9dc2fd297d503022cb939793429663b550dbd8ddc9e6fe1cacb53541501
high,7,37,f858_historical_rng_aligned,C:\Users\Asus\PycharmProjects\UNCERTAIN_EPC_RL_V3\revision_outputs\revision_v8_historical_eval_aligned_window_ablation\rng_snapshots\high_pre_decoupled_eval_rng.pkl,14.674343740575749,0.0240744323511955,584.9248046875,3407129.0,531.8856811523438,43121.0,4.822478482463455,1.5732880038828587,False,13.05086543669162,3,f278eece7120d671d53811f8c19c0c335bb3e88ba0b391fa8eab12140c88be2c,be7de516b96323cbcbb9766ddc8eb0f6a1e5ec02bf6a0b0cf4761dc48b6a4cd3,631cf9dc2fd297d503022cb939793429663b550dbd8ddc9e6fe1cacb53541501
high,7,38,f858_historical_rng_aligned,C:\Users\Asus\PycharmProjects\UNCERTAIN_EPC_RL_V3\revision_outputs\revision_v8_historical_eval_aligned_window_ablation\rng_snapshots\high_pre_decoupled_eval_rng.pkl,18.01269011606938,0.0233452831965392,591.1761474609375,3707695.5,544.40673828125,46890.6015625,5.21682463666684,1.651888909648739,False,13.05086543669162,3,f278eece7120d671d53811f8c19c0c335bb3e88ba0b391fa8eab12140c88be2c,be7de516b96323cbcbb9766ddc8eb0f6a1e5ec02bf6a0b0cf4761dc48b6a4cd3,631cf9dc2fd297d503022cb939793429663b550dbd8ddc9e6fe1cacb53541501
high,7,39,f858_historical_rng_aligned,C:\Users\Asus\PycharmProjects\UNCERTAIN_EPC_RL_V3\revision_outputs\revision_v8_historical_eval_aligned_window_ablation\rng_snapshots\high_pre_decoupled_eval_rng.pkl,14.709816440962896,0.0240578950514139,672.0867309570312,3394848.0,603.1510009765625,43038.75390625,4.8857246409015564,1.5863176144937747,False,13.05086543669162,3,f278eece7120d671d53811f8c19c0c335bb3e88ba0b391fa8eab12140c88be2c,be7de516b96323cbcbb9766ddc8eb0f6a1e5ec02bf6a0b0cf4761dc48b6a4cd3,631cf9dc2fd297d503022cb939793429663b550dbd8ddc9e6fe1cacb53541501
high,7,40,f858_historical_rng_aligned,C:\Users\Asus\PycharmProjects\UNCERTAIN_EPC_RL_V3\revision_outputs\revision_v8_historical_eval_aligned_window_ablation\rng_snapshots\high_pre_decoupled_eval_rng.pkl,14.48415266729885,0.0271621635238132,649.4476318359375,3119550.75,586.8011474609375,39581.18359375,4.5455388785662025,1.51414628574223,False,13.05086543669162,3,f278eece7120d671d53811f8c19c0c335bb3e88ba0b391fa8eab12140c88be2c,be7de516b96323cbcbb9766ddc8eb0f6a1e5ec02bf6a0b0cf4761dc48b6a4cd3,631cf9dc2fd297d503022cb939793429663b550dbd8ddc9e6fe1cacb53541501
high,7,41,f858_historical_rng_aligned,C:\Users\Asus\PycharmProjects\UNCERTAIN_EPC_RL_V3\revision_outputs\revision_v8_historical_eval_aligned_window_ablation\rng_snapshots\high_pre_decoupled_eval_rng.pkl,14.104909169636526,0.0272841849360599,566.9090576171875,3069784.5,521.0712280273438,38893.375,4.418592785263813,1.485821271023023,False,13.05086543669162,3,f278eece7120d671d53811f8c19c0c335bb3e88ba0b391fa8eab12140c88be2c,be7de516b96323cbcbb9766ddc8eb0f6a1e5ec02bf6a0b0cf4761dc48b6a4cd3,631cf9dc2fd297d503022cb939793429663b550dbd8ddc9e6fe1cacb53541501
high,7,42,f858_historical_rng_aligned,C:\Users\Asus\PycharmProjects\UNCERTAIN_EPC_RL_V3\revision_outputs\revision_v8_historical_eval_aligned_window_ablation\rng_snapshots\high_pre_decoupled_eval_rng.pkl,14.311085974352952,0.0231426606234932,549.590576171875,3051934.5,509.2445068359375,38658.42578125,4.384685260688143,1.4781178468941991,False,13.05086543669162,3,f278eece7120d671d53811f8c19c0c335bb3e88ba0b391fa8eab12140c88be2c,be7de516b96323cbcbb9766ddc8eb0f6a1e5ec02bf6a0b0cf4761dc48b6a4cd3,631cf9dc2fd297d503022cb939793429663b550dbd8ddc9e6fe1cacb53541501
high,7,43,f858_historical_rng_aligned,C:\Users\Asus\PycharmProjects\UNCERTAIN_EPC_RL_V3\revision_outputs\revision_v8_historical_eval_aligned_window_ablation\rng_snapshots\high_pre_decoupled_eval_rng.pkl,14.043524380170403,0.021703599771038,593.8726806640625,3033325.25,543.28076171875,38459.84765625,4.402688173410244,1.4822153028734864,False,13.05086543669162,3,f278eece7120d671d53811f8c19c0c335bb3e88ba0b391fa8eab12140c88be2c,be7de516b96323cbcbb9766ddc8eb0f6a1e5ec02bf6a0b0cf4761dc48b6a4cd3,631cf9dc2fd297d503022cb939793429663b550dbd8ddc9e6fe1cacb53541501
high,7,44,f858_historical_rng_aligned,C:\Users\Asus\PycharmProjects\UNCERTAIN_EPC_RL_V3\revision_outputs\revision_v8_historical_eval_aligned_window_ablation\rng_snapshots\high_pre_decoupled_eval_rng.pkl,15.05084928368386,0.0242621354554107,568.7930908203125,3221647.0,521.2048950195312,40791.7890625,4.589221690179899,1.5237104432848367,False,13.05086543669162,3,f278eece7120d671d53811f8c19c0c335bb3e88ba0b391fa8eab12140c88be2c,be7de516b96323cbcbb9766ddc8eb0f6a1e5ec02bf6a0b0cf4761dc48b6a4cd3,631cf9dc2fd297d503022cb939793429663b550dbd8ddc9e6fe1cacb53541501
high,7,45,f858_historical_rng_aligned,C:\Users\Asus\PycharmProjects\UNCERTAIN_EPC_RL_V3\revision_outputs\revision_v8_historical_eval_aligned_window_ablation\rng_snapshots\high_pre_decoupled_eval_rng.pkl,16.462904252099417,0.0229282606484995,569.3234252929688,3555427.0,523.887451171875,44966.72265625,4.995495381932623,1.6085365827450326,False,13.05086543669162,3,f278eece7120d671d53811f8c19c0c335bb3e88ba0b391fa8eab12140c88be2c,be7de516b96323cbcbb9766ddc8eb0f6a1e5ec02bf6a0b0cf4761dc48b6a4cd3,631cf9dc2fd297d503022cb939793429663b550dbd8ddc9e6fe1cacb53541501
high,7,46,f858_historical_rng_aligned,C:\Users\Asus\PycharmProjects\UNCERTAIN_EPC_RL_V3\revision_outputs\revision_v8_historical_eval_aligned_window_ablation\rng_snapshots\high_pre_decoupled_eval_rng.pkl,15.6502417681754,0.0232423338937639,590.509033203125,3382073.0,541.8641967773438,42817.77734375,4.797404247788386,1.5680749899279252,False,13.05086543669162,3,f278eece7120d671d53811f8c19c0c335bb3e88ba0b391fa8eab12140c88be2c,be7de516b96323cbcbb9766ddc8eb0f6a1e5ec02bf6a0b0cf4761dc48b6a4cd3,631cf9dc2fd297d503022cb939793429663b550dbd8ddc9e6fe1cacb53541501
high,7,47,f858_historical_rng_aligned,C:\Users\Asus\PycharmProjects\UNCERTAIN_EPC_RL_V3\revision_outputs\revision_v8_historical_eval_aligned_window_ablation\rng_snapshots\high_pre_decoupled_eval_rng.pkl,14.702043029371811,0.0230972228673364,567.9920043945312,3261216.5,523.6629638671875,41288.87109375,4.634412379085781,1.533509411926906,False,13.05086543669162,3,f278eece7120d671d53811f8c19c0c335bb3e88ba0b391fa8eab12140c88be2c,be7de516b96323cbcbb9766ddc8eb0f6a1e5ec02bf6a0b0cf4761dc48b6a4cd3,631cf9dc2fd297d503022cb939793429663b550dbd8ddc9e6fe1cacb53541501
high,7,48,f858_historical_rng_aligned,C:\Users\Asus\PycharmProjects\UNCERTAIN_EPC_RL_V3\revision_outputs\revision_v8_historical_eval_aligned_window_ablation\rng_snapshots\high_pre_decoupled_eval_rng.pkl,15.872253720628164,0.0250245027446855,601.8026123046875,3238145.5,550.0145263671875,41026.8359375,4.63714396529191,1.5340986520034807,False,13.05086543669162,3,f278eece7120d671d53811f8c19c0c335bb3e88ba0b391fa8eab12140c88be2c,be7de516b96323cbcbb9766ddc8eb0f6a1e5ec02bf6a0b0cf4761dc48b6a4cd3,631cf9dc2fd297d503022cb939793429663b550dbd8ddc9e6fe1cacb53541501
high,7,49,f858_historical_rng_aligned,C:\Users\Asus\PycharmProjects\UNCERTAIN_EPC_RL_V3\revision_outputs\revision_v8_historical_eval_aligned_window_ablation\rng_snapshots\high_pre_decoupled_eval_rng.pkl,15.19430072913876,0.0257870838135761,577.2646484375,3096529.5,536.2054443359375,39242.82421875,4.4572422594798695,1.4945302473178228,False,13.05086543669162,3,f278eece7120d671d53811f8c19c0c335bb3e88ba0b391fa8eab12140c88be2c,be7de516b96323cbcbb9766ddc8eb0f6a1e5ec02bf6a0b0cf4761dc48b6a4cd3,631cf9dc2fd297d503022cb939793429663b550dbd8ddc9e6fe1cacb53541501
high,7,50,f858_historical_rng_aligned,C:\Users\Asus\PycharmProjects\UNCERTAIN_EPC_RL_V3\revision_outputs\revision_v8_historical_eval_aligned_window_ablation\rng_snapshots\high_pre_decoupled_eval_rng.pkl,14.483643715735877,0.0241301299506759,591.445068359375,2981867.25,543.2567749023438,37816.59765625,4.346160787248716,1.4692928777556595,False,13.05086543669162,3,f278eece7120d671d53811f8c19c0c335bb3e88ba0b391fa8eab12140c88be2c,be7de516b96323cbcbb9766ddc8eb0f6a1e5ec02bf6a0b0cf4761dc48b6a4cd3,631cf9dc2fd297d503022cb939793429663b550dbd8ddc9e6fe1cacb53541501
high,7,51,f858_historical_rng_aligned,C:\Users\Asus\PycharmProjects\UNCERTAIN_EPC_RL_V3\revision_outputs\revision_v8_historical_eval_aligned_window_ablation\rng_snapshots\high_pre_decoupled_eval_rng.pkl,14.02613151569293,0.0230402897065222,573.936767578125,3028489.5,525.786376953125,38381.90234375,4.380128323502539,1.4770780215625077,False,13.05086543669162,3,f278eece7120d671d53811f8c19c0c335bb3e88ba0b391fa8eab12140c88be2c,be7de516b96323cbcbb9766ddc8eb0f6a1e5ec02bf6a0b0cf4761dc48b6a4cd3,631cf9dc2fd297d503022cb939793429663b550dbd8ddc9e6fe1cacb53541501
high,7,52,f858_historical_rng_aligned,C:\Users\Asus\PycharmProjects\UNCERTAIN_EPC_RL_V3\revision_outputs\revision_v8_historical_eval_aligned_window_ablation\rng_snapshots\high_pre_decoupled_eval_rng.pkl,13.54175564106237,0.0233992302705955,576.7891235351562,2955930.75,520.7341918945312,37469.8671875,4.305467778954899,1.4598857914319443,False,13.05086543669162,3,f278eece7120d671d53811f8c19c0c335bb3e88ba0b391fa8eab12140c88be2c,be7de516b96323cbcbb9766ddc8eb0f6a1e5ec02bf6a0b0cf4761dc48b6a4cd3,631cf9dc2fd297d503022cb939793429663b550dbd8ddc9e6fe1cacb53541501
high,7,53,f858_historical_rng_aligned,C:\Users\Asus\PycharmProjects\UNCERTAIN_EPC_RL_V3\revision_outputs\revision_v8_historical_eval_aligned_window_ablation\rng_snapshots\high_pre_decoupled_eval_rng.pkl,19.89664807770456,0.0247300822546937,553.2254638671875,3621211.75,511.755615234375,45776.90234375,5.067348678831753,1.622817737789484,False,13.05086543669162,3,f278eece7120d671d53811f8c19c0c335bb3e88ba0b391fa8eab12140c88be2c,be7de516b96323cbcbb9766ddc8eb0f6a1e5ec02bf6a0b0cf4761dc48b6a4cd3,631cf9dc2fd297d503022cb939793429663b550dbd8ddc9e6fe1cacb53541501
high,7,54,f858_historical_rng_aligned,C:\Users\Asus\PycharmProjects\UNCERTAIN_EPC_RL_V3\revision_outputs\revision_v8_historical_eval_aligned_window_ablation\rng_snapshots\high_pre_decoupled_eval_rng.pkl,16.453587975027702,0.0237589442740879,580.8492431640625,3408751.5,537.1865234375,43146.58203125,4.8217350074011165,1.5731338233341612,False,13.05086543669162,3,f278eece7120d671d53811f8c19c0c335bb3e88ba0b391fa8eab12140c88be2c,be7de516b96323cbcbb9766ddc8eb0f6a1e5ec02bf6a0b0cf4761dc48b6a4cd3,631cf9dc2fd297d503022cb939793429663b550dbd8ddc9e6fe1cacb53541501
high,7,55,f858_historical_rng_aligned,C:\Users\Asus\PycharmProjects\UNCERTAIN_EPC_RL_V3\revision_outputs\revision_v8_historical_eval_aligned_window_ablation\rng_snapshots\high_pre_decoupled_eval_rng.pkl,17.872545000028442,0.0253453120260118,607.91015625,3589023.5,559.26708984375,45422.05859375,5.073600764615952,1.62405077550675,False,13.05086543669162,3,f278eece7120d671d53811f8c19c0c335bb3e88ba0b391fa8eab12140c88be2c,be7de516b96323cbcbb9766ddc8eb0f6a1e5ec02bf6a0b0cf4761dc48b6a4cd3,631cf9dc2fd297d503022cb939793429663b550dbd8ddc9e6fe1cacb53541501
high,7,56,f858_historical_rng_aligned,C:\Users\Asus\PycharmProjects\UNCERTAIN_EPC_RL_V3\revision_outputs\revision_v8_historical_eval_aligned_window_ablation\rng_snapshots\high_pre_decoupled_eval_rng.pkl,13.88969909674882,0.0232308827667549,571.1700439453125,3041702.0,522.5391845703125,38543.8125,4.391803561278242,1.479739976722053,False,13.05086543669162,3,f278eece7120d671d53811f8c19c0c335bb3e88ba0b391fa8eab12140c88be2c,be7de516b96323cbcbb9766ddc8eb0f6a1e5ec02bf6a0b0cf4761dc48b6a4cd3,631cf9dc2fd297d503022cb939793429663b550dbd8ddc9e6fe1cacb53541501
high,7,57,f858_historical_rng_aligned,C:\Users\Asus\PycharmProjects\UNCERTAIN_EPC_RL_V3\revision_outputs\revision_v8_historical_eval_aligned_window_ablation\rng_snapshots\high_pre_decoupled_eval_rng.pkl,14.8949723841086,0.0260695743744032,579.407470703125,3229219.25,525.5382690429688,40890.78125,4.60670972791944,1.5275138772223942,False,13.05086543669162,3,f278eece7120d671d53811f8c19c0c335bb3e88ba0b391fa8eab12140c88be2c,be7de516b96323cbcbb9766ddc8eb0f6a1e5ec02bf6a0b0cf4761dc48b6a4cd3,631cf9dc2fd297d503022cb939793429663b550dbd8ddc9e6fe1cacb53541501
high,7,58,f858_historical_rng_aligned,C:\Users\Asus\PycharmProjects\UNCERTAIN_EPC_RL_V3\revision_outputs\revision_v8_historical_eval_aligned_window_ablation\rng_snapshots\high_pre_decoupled_eval_rng.pkl,14.862583976369368,0.0257879482117016,539.5311279296875,3144076.5,501.1763305664063,39802.1328125,4.476969842692356,1.498946443183507,False,13.05086543669162,3,f278eece7120d671d53811f8c19c0c335bb3e88ba0b391fa8eab12140c88be2c,be7de516b96323cbcbb9766ddc8eb0f6a1e5ec02bf6a0b0cf4761dc48b6a4cd3,631cf9dc2fd297d503022cb939793429663b550dbd8ddc9e6fe1cacb53541501
high,7,59,f858_historical_rng_aligned,C:\Users\Asus\PycharmProjects\UNCERTAIN_EPC_RL_V3\revision_outputs\revision_v8_historical_eval_aligned_window_ablation\rng_snapshots\high_pre_decoupled_eval_rng.pkl,14.515884734107786,0.0219330899080482,544.6986083984375,3332032.5,505.2390441894531,42155.64453125,4.697609849161278,1.5470538366326592,False,13.05086543669162,3,f278eece7120d671d53811f8c19c0c335bb3e88ba0b391fa8eab12140c88be2c,be7de516b96323cbcbb9766ddc8eb0f6a1e5ec02bf6a0b0cf4761dc48b6a4cd3,631cf9dc2fd297d503022cb939793429663b550dbd8ddc9e6fe1cacb53541501
high,7,60,f858_historical_rng_aligned,C:\Users\Asus\PycharmProjects\UNCERTAIN_EPC_RL_V3\revision_outputs\revision_v8_historical_eval_aligned_window_ablation\rng_snapshots\high_pre_decoupled_eval_rng.pkl,17.078932835882654,0.026169559765069,586.1138305664062,3457597.75,539.977294921875,43759.94921875,4.886507836421576,1.5864779044835011,False,13.05086543669162,3,f278eece7120d671d53811f8c19c0c335bb3e88ba0b391fa8eab12140c88be2c,be7de516b96323cbcbb9766ddc8eb0f6a1e5ec02bf6a0b0cf4761dc48b6a4cd3,631cf9dc2fd297d503022cb939793429663b550dbd8ddc9e6fe1cacb53541501
high,7,61,f858_historical_rng_aligned,C:\Users\Asus\PycharmProjects\UNCERTAIN_EPC_RL_V3\revision_outputs\revision_v8_historical_eval_aligned_window_ablation\rng_snapshots\high_pre_decoupled_eval_rng.pkl,13.9853575190719,0.0236419114407881,598.1021118164062,3033729.5,543.787109375,38465.40625,4.406559139992831,1.4830941445483812,False,13.05086543669162,3,f278eece7120d671d53811f8c19c0c335bb3e88ba0b391fa8eab12140c88be2c,be7de516b96323cbcbb9766ddc8eb0f6a1e5ec02bf6a0b0cf4761dc48b6a4cd3,631cf9dc2fd297d503022cb939793429663b550dbd8ddc9e6fe1cacb53541501
high,7,62,f858_historical_rng_aligned,C:\Users\Asus\PycharmProjects\UNCERTAIN_EPC_RL_V3\revision_outputs\revision_v8_historical_eval_aligned_window_ablation\rng_snapshots\high_pre_decoupled_eval_rng.pkl,15.417640594190871,0.0254806968688069,564.990966796875,3204135.0,523.560791015625,40575.25,4.566460837685469,1.5187384711105163,False,13.05086543669162,3,f278eece7120d671d53811f8c19c0c335bb3e88ba0b391fa8eab12140c88be2c,be7de516b96323cbcbb9766ddc8eb0f6a1e5ec02bf6a0b0cf4761dc48b6a4cd3,631cf9dc2fd297d503022cb939793429663b550dbd8ddc9e6fe1cacb53541501
high,7,63,f858_historical_rng_aligned,C:\Users\Asus\PycharmProjects\UNCERTAIN_EPC_RL_V3\revision_outputs\revision_v8_historical_eval_aligned_window_ablation\rng_snapshots\high_pre_decoupled_eval_rng.pkl,13.75257298804303,0.0263492956813497,673.1314697265625,3407224.0,592.88134765625,43183.18359375,4.900725932334859,1.5893833435996276,False,13.05086543669162,3,f278eece7120d671d53811f8c19c0c335bb3e88ba0b391fa8eab12140c88be2c,be7de516b96323cbcbb9766ddc8eb0f6a1e5ec02bf6a0b0cf4761dc48b6a4cd3,631cf9dc2fd297d503022cb939793429663b550dbd8ddc9e6fe1cacb53541501
high,7,64,f858_historical_rng_aligned,C:\Users\Asus\PycharmProjects\UNCERTAIN_EPC_RL_V3\revision_outputs\revision_v8_historical_eval_aligned_window_ablation\rng_snapshots\high_pre_decoupled_eval_rng.pkl,14.77544135129924,0.0229273498623886,603.8638916015625,3156886.5,549.2130126953125,40010.296875,4.546478450464848,1.51435296636502,False,13.05086543669162,3,f278eece7120d671d53811f8c19c0c335bb3e88ba0b391fa8eab12140c88be2c,be7de516b96323cbcbb9766ddc8eb0f6a1e5ec02bf6a0b0cf4761dc48b6a4cd3,631cf9dc2fd297d503022cb939793429663b550dbd8ddc9e6fe1cacb53541501
high,7,65,f858_historical_rng_aligned,C:\Users\Asus\PycharmProjects\UNCERTAIN_EPC_RL_V3\revision_outputs\revision_v8_historical_eval_aligned_window_ablation\rng_snapshots\high_pre_decoupled_eval_rng.pkl,14.220171083105596,0.0259417361916821,636.644775390625,3125113.0,573.2052001953125,39637.12109375,4.539932298172073,1.512912099645167,False,13.05086543669162,3,f278eece7120d671d53811f8c19c0c335bb3e88ba0b391fa8eab12140c88be2c,be7de516b96323cbcbb9766ddc8eb0f6a1e5ec02bf6a0b0cf4761dc48b6a4cd3,631cf9dc2fd297d503022cb939793429663b550dbd8ddc9e6fe1cacb53541501
high,7,66,f858_historical_rng_aligned,C:\Users\Asus\PycharmProjects\UNCERTAIN_EPC_RL_V3\revision_outputs\revision_v8_historical_eval_aligned_window_ablation\rng_snapshots\high_pre_decoupled_eval_rng.pkl,15.732628318415449,0.0235663075132375,568.2096557617188,3391601.75,519.3945922851562,42914.41796875,4.789059430571832,1.5663340310917468,False,13.05086543669162,3,f278eece7120d671d53811f8c19c0c335bb3e88ba0b391fa8eab12140c88be2c,be7de516b96323cbcbb9766ddc8eb0f6a1e5ec02bf6a0b0cf4761dc48b6a4cd3,631cf9dc2fd297d503022cb939793429663b550dbd8ddc9e6fe1cacb53541501
high,7,67,f858_historical_rng_aligned,C:\Users\Asus\PycharmProjects\UNCERTAIN_EPC_RL_V3\revision_outputs\revision_v8_historical_eval_aligned_window_ablation\rng_snapshots\high_pre_decoupled_eval_rng.pkl,13.922456359158872,0.0281705873332714,614.7421875,3015235.5,554.4277954101562,38244.875,4.401166767897593,1.4818696802938465,False,13.05086543669162,3,f278eece7120d671d53811f8c19c0c335bb3e88ba0b391fa8eab12140c88be2c,be7de516b96323cbcbb9766ddc8eb0f6a1e5ec02bf6a0b0cf4761dc48b6a4cd3,631cf9dc2fd297d503022cb939793429663b550dbd8ddc9e6fe1cacb53541501
high,7,68,f858_historical_rng_aligned,C:\Users\Asus\PycharmProjects\UNCERTAIN_EPC_RL_V3\revision_outputs\revision_v8_historical_eval_aligned_window_ablation\rng_snapshots\high_pre_decoupled_eval_rng.pkl,15.437641586367915,0.0239110535564314,561.9169921875,3275722.5,516.5525512695312,41463.08203125,4.645835936580957,1.5359713208923664,False,13.05086543669162,3,f278eece7120d671d53811f8c19c0c335bb3e88ba0b391fa8eab12140c88be2c,be7de516b96323cbcbb9766ddc8eb0f6a1e5ec02bf6a0b0cf4761dc48b6a4cd3,631cf9dc2fd297d503022cb939793429663b550dbd8ddc9e6fe1cacb53541501
high,7,69,f858_historical_rng_aligned,C:\Users\Asus\PycharmProjects\UNCERTAIN_EPC_RL_V3\revision_outputs\revision_v8_historical_eval_aligned_window_ablation\rng_snapshots\high_pre_decoupled_eval_rng.pkl,13.892620517567378,0.0228635578788236,671.773193359375,3352574.5,594.20068359375,42501.37890625,4.833415349033901,1.575553329380086,False,13.05086543669162,3,f278eece7120d671d53811f8c19c0c335bb3e88ba0b391fa8eab12140c88be2c,be7de516b96323cbcbb9766ddc8eb0f6a1e5ec02bf6a0b0cf4761dc48b6a4cd3,631cf9dc2fd297d503022cb939793429663b550dbd8ddc9e6fe1cacb53541501
high,7,70,f858_historical_rng_aligned,C:\Users\Asus\PycharmProjects\UNCERTAIN_EPC_RL_V3\revision_outputs\revision_v8_historical_eval_aligned_window_ablation\rng_snapshots\high_pre_decoupled_eval_rng.pkl,14.161013497984476,0.0223677987048209,541.73779296875,3030897.0,502.2560424804688,38388.46875,4.3554004043916,1.4714165473850347,False,13.05086543669162,3,f278eece7120d671d53811f8c19c0c335bb3e88ba0b391fa8eab12140c88be2c,be7de516b96323cbcbb9766ddc8eb0f6a1e5ec02bf6a0b0cf4761dc48b6a4cd3,631cf9dc2fd297d503022cb939793429663b550dbd8ddc9e6fe1cacb53541501
high,7,71,f858_historical_rng_aligned,C:\Users\Asus\PycharmProjects\UNCERTAIN_EPC_RL_V3\revision_outputs\revision_v8_historical_eval_aligned_window_ablation\rng_snapshots\high_pre_decoupled_eval_rng.pkl,15.728536003351865,0.0229246314325745,612.188720703125,3486336.75,551.647216796875,44130.859375,4.944625664871682,1.5983012624866946,False,13.05086543669162,3,f278eece7120d671d53811f8c19c0c335bb3e88ba0b391fa8eab12140c88be2c,be7de516b96323cbcbb9766ddc8eb0f6a1e5ec02bf6a0b0cf4761dc48b6a4cd3,631cf9dc2fd297d503022cb939793429663b550dbd8ddc9e6fe1cacb53541501
high,7,72,f858_historical_rng_aligned,C:\Users\Asus\PycharmProjects\UNCERTAIN_EPC_RL_V3\revision_outputs\revision_v8_historical_eval_aligned_window_ablation\rng_snapshots\high_pre_decoupled_eval_rng.pkl,14.1124037211109,0.0216518519448467,597.5576171875,3180553.0,542.2062377929688,40299.12109375,4.567363108335425,1.5189360380131025,False,13.05086543669162,3,f278eece7120d671d53811f8c19c0c335bb3e88ba0b391fa8eab12140c88be2c,be7de516b96323cbcbb9766ddc8eb0f6a1e5ec02bf6a0b0cf4761dc48b6a4cd3,631cf9dc2fd297d503022cb939793429663b550dbd8ddc9e6fe1cacb53541501
high,7,73,f858_historical_rng_aligned,C:\Users\Asus\PycharmProjects\UNCERTAIN_EPC_RL_V3\revision_outputs\revision_v8_historical_eval_aligned_window_ablation\rng_snapshots\high_pre_decoupled_eval_rng.pkl,14.121576453771016,0.024656029458893,600.943603515625,3107051.5,548.4404907226562,39386.5859375,4.488790042394269,1.5015831871297332,False,13.05086543669162,3,f278eece7120d671d53811f8c19c0c335bb3e88ba0b391fa8eab12140c88be2c,be7de516b96323cbcbb9766ddc8eb0f6a1e5ec02bf6a0b0cf4761dc48b6a4cd3,631cf9dc2fd297d503022cb939793429663b550dbd8ddc9e6fe1cacb53541501
high,7,74,f858_historical_rng_aligned,C:\Users\Asus\PycharmProjects\UNCERTAIN_EPC_RL_V3\revision_outputs\revision_v8_historical_eval_aligned_window_ablation\rng_snapshots\high_pre_decoupled_eval_rng.pkl,14.072513767642706,0.0236847827788551,617.8975830078125,3140975.5,556.6375732421875,39818.83203125,4.540747634785044,1.5130916757608723,False,13.05086543669162,3,f278eece7120d671d53811f8c19c0c335bb3e88ba0b391fa8eab12140c88be2c,be7de516b96323cbcbb9766ddc8eb0f6a1e5ec02bf6a0b0cf4761dc48b6a4cd3,631cf9dc2fd297d503022cb939793429663b550dbd8ddc9e6fe1cacb53541501
high,7,75,f858_historical_rng_aligned,C:\Users\Asus\PycharmProjects\UNCERTAIN_EPC_RL_V3\revision_outputs\revision_v8_historical_eval_aligned_window_ablation\rng_snapshots\high_pre_decoupled_eval_rng.pkl,14.442191656998128,0.0263317369307639,593.9215087890625,3092373.75,540.91796875,39195.58984375,4.466399804186008,1.4965826711724417,False,13.05086543669162,3,f278eece7120d671d53811f8c19c0c335bb3e88ba0b391fa8eab12140c88be2c,be7de516b96323cbcbb9766ddc8eb0f6a1e5ec02bf6a0b0cf4761dc48b6a4cd3,631cf9dc2fd297d503022cb939793429663b550dbd8ddc9e6fe1cacb53541501
high,7,76,f858_historical_rng_aligned,C:\Users\Asus\PycharmProjects\UNCERTAIN_EPC_RL_V3\revision_outputs\revision_v8_historical_eval_aligned_window_ablation\rng_snapshots\high_pre_decoupled_eval_rng.pkl,13.699252001149024,0.0244346988092493,557.6804809570312,3040083.0,512.8594970703125,38513.8984375,4.378602287041783,1.476729560913573,False,13.05086543669162,3,f278eece7120d671d53811f8c19c0c335bb3e88ba0b391fa8eab12140c88be2c,be7de516b96323cbcbb9766ddc8eb0f6a1e5ec02bf6a0b0cf4761dc48b6a4cd3,631cf9dc2fd297d503022cb939793429663b550dbd8ddc9e6fe1cacb53541501
high,7,77,f858_historical_rng_aligned,C:\Users\Asus\PycharmProjects\UNCERTAIN_EPC_RL_V3\revision_outputs\revision_v8_historical_eval_aligned_window_ablation\rng_snapshots\high_pre_decoupled_eval_rng.pkl,13.050446938132298,0.0249748368828664,571.7718505859375,2826660.5,520.031005859375,35853.2890625,4.1699706905396345,1.4279090071384393,False,13.05086543669162,3,f278eece7120d671d53811f8c19c0c335bb3e88ba0b391fa8eab12140c88be2c,be7de516b96323cbcbb9766ddc8eb0f6a1e5ec02bf6a0b0cf4761dc48b6a4cd3,631cf9dc2fd297d503022cb939793429663b550dbd8ddc9e6fe1cacb53541501
high,7,78,f858_historical_rng_aligned,C:\Users\Asus\PycharmProjects\UNCERTAIN_EPC_RL_V3\revision_outputs\revision_v8_historical_eval_aligned_window_ablation\rng_snapshots\high_pre_decoupled_eval_rng.pkl,15.023614940907454,0.0250687698619207,576.046875,3454894.5,529.0592651367188,43715.23828125,4.874044044528337,1.5839239917908954,False,13.05086543669162,3,f278eece7120d671d53811f8c19c0c335bb3e88ba0b391fa8eab12140c88be2c,be7de516b96323cbcbb9766ddc8eb0f6a1e5ec02bf6a0b0cf4761dc48b6a4cd3,631cf9dc2fd297d503022cb939793429663b550dbd8ddc9e6fe1cacb53541501
high,7,79,f858_historical_rng_aligned,C:\Users\Asus\PycharmProjects\UNCERTAIN_EPC_RL_V3\revision_outputs\revision_v8_historical_eval_aligned_window_ablation\rng_snapshots\high_pre_decoupled_eval_rng.pkl,17.760525427525074,0.0269320227068434,626.9224853515625,3650152.75,571.4223022460938,46198.33203125,5.171053816378123,1.643076500704373,False,13.05086543669162,3,f278eece7120d671d53811f8c19c0c335bb3e88ba0b391fa8eab12140c88be2c,be7de516b96323cbcbb9766ddc8eb0f6a1e5ec02bf6a0b0cf4761dc48b6a4cd3,631cf9dc2fd297d503022cb939793429663b550dbd8ddc9e6fe1cacb53541501
high,7,80,f858_historical_rng_aligned,C:\Users\Asus\PycharmProjects\UNCERTAIN_EPC_RL_V3\revision_outputs\revision_v8_historical_eval_aligned_window_ablation\rng_snapshots\high_pre_decoupled_eval_rng.pkl,14.456518997057318,0.0242022538369899,606.5707397460938,3134144.0,553.780517578125,39730.58203125,4.523724425044846,1.509335642394307,False,13.05086543669162,3,f278eece7120d671d53811f8c19c0c335bb3e88ba0b391fa8eab12140c88be2c,be7de516b96323cbcbb9766ddc8eb0f6a1e5ec02bf6a0b0cf4761dc48b6a4cd3,631cf9dc2fd297d503022cb939793429663b550dbd8ddc9e6fe1cacb53541501
high,7,81,f858_historical_rng_aligned,C:\Users\Asus\PycharmProjects\UNCERTAIN_EPC_RL_V3\revision_outputs\revision_v8_historical_eval_aligned_window_ablation\rng_snapshots\high_pre_decoupled_eval_rng.pkl,15.432564484059702,0.0245090221144601,544.005859375,3203043.0,508.1685180664063,40546.20703125,4.547369792053708,1.5145489981368163,False,13.05086543669162,3,f278eece7120d671d53811f8c19c0c335bb3e88ba0b391fa8eab12140c88be2c,be7de516b96323cbcbb9766ddc8eb0f6a1e5ec02bf6a0b0cf4761dc48b6a4cd3,631cf9dc2fd297d503022cb939793429663b550dbd8ddc9e6fe1cacb53541501
high,7,82,f858_historical_rng_aligned,C:\Users\Asus\PycharmProjects\UNCERTAIN_EPC_RL_V3\revision_outputs\revision_v8_historical_eval_aligned_window_ablation\rng_snapshots\high_pre_decoupled_eval_rng.pkl,14.076123150287646,0.0261799497574456,563.3231201171875,3398488.0,518.6851806640625,42999.78515625,4.793516463702799,1.5672642681181053,False,13.05086543669162,3,f278eece7120d671d53811f8c19c0c335bb3e88ba0b391fa8eab12140c88be2c,be7de516b96323cbcbb9766ddc8eb0f6a1e5ec02bf6a0b0cf4761dc48b6a4cd3,631cf9dc2fd297d503022cb939793429663b550dbd8ddc9e6fe1cacb53541501
high,7,83,f858_historical_rng_aligned,C:\Users\Asus\PycharmProjects\UNCERTAIN_EPC_RL_V3\revision_outputs\revision_v8_historical_eval_aligned_window_ablation\rng_snapshots\high_pre_decoupled_eval_rng.pkl,15.091075082966563,0.0218418453154919,600.9339599609375,3098646.5,548.470458984375,39281.55078125,4.479560122289679,1.499524854617325,False,13.05086543669162,3,f278eece7120d671d53811f8c19c0c335bb3e88ba0b391fa8eab12140c88be2c,be7de516b96323cbcbb9766ddc8eb0f6a1e5ec02bf6a0b0cf4761dc48b6a4cd3,631cf9dc2fd297d503022cb939793429663b550dbd8ddc9e6fe1cacb53541501
high,7,84,f858_historical_rng_aligned,C:\Users\Asus\PycharmProjects\UNCERTAIN_EPC_RL_V3\revision_outputs\revision_v8_historical_eval_aligned_window_ablation\rng_snapshots\high_pre_decoupled_eval_rng.pkl,14.753742527719965,0.0248576968600461,631.7387084960938,3201658.5,574.0389404296875,40594.76953125,4.621890633719562,1.530803849460502,False,13.05086543669162,3,f278eece7120d671d53811f8c19c0c335bb3e88ba0b391fa8eab12140c88be2c,be7de516b96323cbcbb9766ddc8eb0f6a1e5ec02bf6a0b0cf4761dc48b6a4cd3,631cf9dc2fd297d503022cb939793429663b550dbd8ddc9e6fe1cacb53541501
high,7,85,f858_historical_rng_aligned,C:\Users\Asus\PycharmProjects\UNCERTAIN_EPC_RL_V3\revision_outputs\revision_v8_historical_eval_aligned_window_ablation\rng_snapshots\high_pre_decoupled_eval_rng.pkl,14.754963031540088,0.0221404565139184,537.85888671875,3150130.75,500.63580322265625,39877.26953125,4.482363761739406,1.5001505326698212,False,13.05086543669162,3,f278eece7120d671d53811f8c19c0c335bb3e88ba0b391fa8eab12140c88be2c,be7de516b96323cbcbb9766ddc8eb0f6a1e5ec02bf6a0b0cf4761dc48b6a4cd3,631cf9dc2fd297d503022cb939793429663b550dbd8ddc9e6fe1cacb53541501
high,7,86,f858_historical_rng_aligned,C:\Users\Asus\PycharmProjects\UNCERTAIN_EPC_RL_V3\revision_outputs\revision_v8_historical_eval_aligned_window_ablation\rng_snapshots\high_pre_decoupled_eval_rng.pkl,14.775330287231018,0.0261170202388749,582.1500854492188,3235772.0,537.87890625,40985.02734375,4.6175548129157455,1.5298653037118133,False,13.05086543669162,3,f278eece7120d671d53811f8c19c0c335bb3e88ba0b391fa8eab12140c88be2c,be7de516b96323cbcbb9766ddc8eb0f6a1e5ec02bf6a0b0cf4761dc48b6a4cd3,631cf9dc2fd297d503022cb939793429663b550dbd8ddc9e6fe1cacb53541501
high,7,87,f858_historical_rng_aligned,C:\Users\Asus\PycharmProjects\UNCERTAIN_EPC_RL_V3\revision_outputs\revision_v8_historical_eval_aligned_window_ablation\rng_snapshots\high_pre_decoupled_eval_rng.pkl,14.75800370386674,0.027230943994416,575.402587890625,3144251.5,530.7413330078125,39833.88671875,4.507964196016585,1.5058456538249123,False,13.05086543669162,3,f278eece7120d671d53811f8c19c0c335bb3e88ba0b391fa8eab12140c88be2c,be7de516b96323cbcbb9766ddc8eb0f6a1e5ec02bf6a0b0cf4761dc48b6a4cd3,631cf9dc2fd297d503022cb939793429663b550dbd8ddc9e6fe1cacb53541501
high,7,88,f858_historical_rng_aligned,C:\Users\Asus\PycharmProjects\UNCERTAIN_EPC_RL_V3\revision_outputs\revision_v8_historical_eval_aligned_window_ablation\rng_snapshots\high_pre_decoupled_eval_rng.pkl,14.224245332583884,0.023184840134961,543.4190673828125,2997346.5,505.222412109375,37972.0546875,4.321332758644725,1.4635638636224575,False,13.05086543669162,3,f278eece7120d671d53811f8c19c0c335bb3e88ba0b391fa8eab12140c88be2c,be7de516b96323cbcbb9766ddc8eb0f6a1e5ec02bf6a0b0cf4761dc48b6a4cd3,631cf9dc2fd297d503022cb939793429663b550dbd8ddc9e6fe1cacb53541501
high,7,89,f858_historical_rng_aligned,C:\Users\Asus\PycharmProjects\UNCERTAIN_EPC_RL_V3\revision_outputs\revision_v8_historical_eval_aligned_window_ablation\rng_snapshots\high_pre_decoupled_eval_rng.pkl,14.616867457087771,0.0220395155776198,604.0250244140625,3101654.5,547.7508544921875,39318.4296875,4.485285341102212,1.5008021146915231,False,13.05086543669162,3,f278eece7120d671d53811f8c19c0c335bb3e88ba0b391fa8eab12140c88be2c,be7de516b96323cbcbb9766ddc8eb0f6a1e5ec02bf6a0b0cf4761dc48b6a4cd3,631cf9dc2fd297d503022cb939793429663b550dbd8ddc9e6fe1cacb53541501
high,7,90,f858_historical_rng_aligned,C:\Users\Asus\PycharmProjects\UNCERTAIN_EPC_RL_V3\revision_outputs\revision_v8_historical_eval_aligned_window_ablation\rng_snapshots\high_pre_decoupled_eval_rng.pkl,13.671602502945264,0.0228216866654239,598.4007568359375,2951828.0,543.4503173828125,37441.30078125,4.320355181569147,1.4633376168321293,False,13.05086543669162,3,f278eece7120d671d53811f8c19c0c335bb3e88ba0b391fa8eab12140c88be2c,be7de516b96323cbcbb9766ddc8eb0f6a1e5ec02bf6a0b0cf4761dc48b6a4cd3,631cf9dc2fd297d503022cb939793429663b550dbd8ddc9e6fe1cacb53541501
high,7,91,f858_historical_rng_aligned,C:\Users\Asus\PycharmProjects\UNCERTAIN_EPC_RL_V3\revision_outputs\revision_v8_historical_eval_aligned_window_ablation\rng_snapshots\high_pre_decoupled_eval_rng.pkl,14.335834296588867,0.0255731169459379,608.239501953125,3041337.25,553.1005859375,38569.81640625,4.423685785790703,1.4869732367859596,False,13.05086543669162,3,f278eece7120d671d53811f8c19c0c335bb3e88ba0b391fa8eab12140c88be2c,be7de516b96323cbcbb9766ddc8eb0f6a1e5ec02bf6a0b0cf4761dc48b6a4cd3,631cf9dc2fd297d503022cb939793429663b550dbd8ddc9e6fe1cacb53541501
high,7,92,f858_historical_rng_aligned,C:\Users\Asus\PycharmProjects\UNCERTAIN_EPC_RL_V3\revision_outputs\revision_v8_historical_eval_aligned_window_ablation\rng_snapshots\high_pre_decoupled_eval_rng.pkl,13.550061824679398,0.0255243276491586,649.73193359375,3216946.0,577.4308471679688,40789.25390625,4.654458535971141,1.5378255851602818,False,13.05086543669162,3,f278eece7120d671d53811f8c19c0c335bb3e88ba0b391fa8eab12140c88be2c,be7de516b96323cbcbb9766ddc8eb0f6a1e5ec02bf6a0b0cf4761dc48b6a4cd3,631cf9dc2fd297d503022cb939793429663b550dbd8ddc9e6fe1cacb53541501
high,7,93,f858_historical_rng_aligned,C:\Users\Asus\PycharmProjects\UNCERTAIN_EPC_RL_V3\revision_outputs\revision_v8_historical_eval_aligned_window_ablation\rng_snapshots\high_pre_decoupled_eval_rng.pkl,13.392733586609875,0.0251156558552802,535.5302124023438,2973186.0,496.5908203125,37661.4140625,4.2890835734440165,1.456073090876266,False,13.05086543669162,3,f278eece7120d671d53811f8c19c0c335bb3e88ba0b391fa8eab12140c88be2c,be7de516b96323cbcbb9766ddc8eb0f6a1e5ec02bf6a0b0cf4761dc48b6a4cd3,631cf9dc2fd297d503022cb939793429663b550dbd8ddc9e6fe1cacb53541501
high,7,94,f858_historical_rng_aligned,C:\Users\Asus\PycharmProjects\UNCERTAIN_EPC_RL_V3\revision_outputs\revision_v8_historical_eval_aligned_window_ablation\rng_snapshots\high_pre_decoupled_eval_rng.pkl,14.897922015941882,0.0223726108433876,571.8294677734375,2995357.0,524.4680786132812,37966.4296875,4.343168473417123,1.468604144745294,False,13.05086543669162,3,f278eece7120d671d53811f8c19c0c335bb3e88ba0b391fa8eab12140c88be2c,be7de516b96323cbcbb9766ddc8eb0f6a1e5ec02bf6a0b0cf4761dc48b6a4cd3,631cf9dc2fd297d503022cb939793429663b550dbd8ddc9e6fe1cacb53541501
high,7,95,f858_historical_rng_aligned,C:\Users\Asus\PycharmProjects\UNCERTAIN_EPC_RL_V3\revision_outputs\revision_v8_historical_eval_aligned_window_ablation\rng_snapshots\high_pre_decoupled_eval_rng.pkl,14.260697819687785,0.0230533800745181,603.1600341796875,3005331.5,547.855712890625,38114.5,4.380724985360288,1.477214232462893,False,13.05086543669162,3,f278eece7120d671d53811f8c19c0c335bb3e88ba0b391fa8eab12140c88be2c,be7de516b96323cbcbb9766ddc8eb0f6a1e5ec02bf6a0b0cf4761dc48b6a4cd3,631cf9dc2fd297d503022cb939793429663b550dbd8ddc9e6fe1cacb53541501
high,7,96,f858_historical_rng_aligned,C:\Users\Asus\PycharmProjects\UNCERTAIN_EPC_RL_V3\revision_outputs\revision_v8_historical_eval_aligned_window_ablation\rng_snapshots\high_pre_decoupled_eval_rng.pkl,14.328858880108127,0.0247511227039775,611.516845703125,3059929.0,555.7671508789062,38804.87890625,4.446598451217857,1.4921394108961172,False,13.05086543669162,3,f278eece7120d671d53811f8c19c0c335bb3e88ba0b391fa8eab12140c88be2c,be7de516b96323cbcbb9766ddc8eb0f6a1e5ec02bf6a0b0cf4761dc48b6a4cd3,631cf9dc2fd297d503022cb939793429663b550dbd8ddc9e6fe1cacb53541501
high,7,97,f858_historical_rng_aligned,C:\Users\Asus\PycharmProjects\UNCERTAIN_EPC_RL_V3\revision_outputs\revision_v8_historical_eval_aligned_window_ablation\rng_snapshots\high_pre_decoupled_eval_rng.pkl,18.811951132950327,0.0221006639792523,639.9735717773438,3742591.0,579.0107421875,47361.3984375,5.308073339262211,1.669228933115696,False,13.05086543669162,3,f278eece7120d671d53811f8c19c0c335bb3e88ba0b391fa8eab12140c88be2c,be7de516b96323cbcbb9766ddc8eb0f6a1e5ec02bf6a0b0cf4761dc48b6a4cd3,631cf9dc2fd297d503022cb939793429663b550dbd8ddc9e6fe1cacb53541501
high,7,98,f858_historical_rng_aligned,C:\Users\Asus\PycharmProjects\UNCERTAIN_EPC_RL_V3\revision_outputs\revision_v8_historical_eval_aligned_window_ablation\rng_snapshots\high_pre_decoupled_eval_rng.pkl,16.596787220399936,0.0241113990582319,586.5206909179688,3462736.0,538.1728515625,43822.37109375,4.893057192429898,1.5878173008611762,False,13.05086543669162,3,f278eece7120d671d53811f8c19c0c335bb3e88ba0b391fa8eab12140c88be2c,be7de516b96323cbcbb9766ddc8eb0f6a1e5ec02bf6a0b0cf4761dc48b6a4cd3,631cf9dc2fd297d503022cb939793429663b550dbd8ddc9e6fe1cacb53541501
high,7,99,f858_historical_rng_aligned,C:\Users\Asus\PycharmProjects\UNCERTAIN_EPC_RL_V3\revision_outputs\revision_v8_historical_eval_aligned_window_ablation\rng_snapshots\high_pre_decoupled_eval_rng.pkl,14.667395819170654,0.0272519642797639,644.5975341796875,3443972.25,589.8157958984375,43639.46875,4.921993632466544,1.5937136582797995,False,13.05086543669162,3,f278eece7120d671d53811f8c19c0c335bb3e88ba0b391fa8eab12140c88be2c,be7de516b96323cbcbb9766ddc8eb0f6a1e5ec02bf6a0b0cf4761dc48b6a4cd3,631cf9dc2fd297d503022cb939793429663b550dbd8ddc9e6fe1cacb53541501
high,14,0,f858_historical_rng_aligned,C:\Users\Asus\PycharmProjects\UNCERTAIN_EPC_RL_V3\revision_outputs\revision_v8_historical_eval_aligned_window_ablation\rng_snapshots\high_pre_decoupled_eval_rng.pkl,15.784561381343476,0.0217685445166561,577.51220703125,3304714.75,530.1279296875,41839.0625,4.693437158954057,1.546165183753334,False,13.359569977899024,3,9b580ae0bc45724b04d128f0fdb27f4fae56dab449c836fa44f29e93046d7dfa,be7de516b96323cbcbb9766ddc8eb0f6a1e5ec02bf6a0b0cf4761dc48b6a4cd3,631cf9dc2fd297d503022cb939793429663b550dbd8ddc9e6fe1cacb53541501
high,14,1,f858_historical_rng_aligned,C:\Users\Asus\PycharmProjects\UNCERTAIN_EPC_RL_V3\revision_outputs\revision_v8_historical_eval_aligned_window_ablation\rng_snapshots\high_pre_decoupled_eval_rng.pkl,15.365406643317815,0.025736923032996,609.1450805664062,3313118.5,553.7947998046875,41967.7734375,4.730951525309504,1.5541263504137883,False,13.359569977899024,3,9b580ae0bc45724b04d128f0fdb27f4fae56dab449c836fa44f29e93046d7dfa,be7de516b96323cbcbb9766ddc8eb0f6a1e5ec02bf6a0b0cf4761dc48b6a4cd3,631cf9dc2fd297d503022cb939793429663b550dbd8ddc9e6fe1cacb53541501
high,14,2,f858_historical_rng_aligned,C:\Users\Asus\PycharmProjects\UNCERTAIN_EPC_RL_V3\revision_outputs\revision_v8_historical_eval_aligned_window_ablation\rng_snapshots\high_pre_decoupled_eval_rng.pkl,14.596386725604464,0.0243981889086147,601.867431640625,3375414.25,550.6148681640625,42743.29296875,4.799306423119201,1.5684714122899106,False,13.359569977899024,3,9b580ae0bc45724b04d128f0fdb27f4fae56dab449c836fa44f29e93046d7dfa,be7de516b96323cbcbb9766ddc8eb0f6a1e5ec02bf6a0b0cf4761dc48b6a4cd3,631cf9dc2fd297d503022cb939793429663b550dbd8ddc9e6fe1cacb53541501
high,14,3,f858_historical_rng_aligned,C:\Users\Asus\PycharmProjects\UNCERTAIN_EPC_RL_V3\revision_outputs\revision_v8_historical_eval_aligned_window_ablation\rng_snapshots\high_pre_decoupled_eval_rng.pkl,15.67742117785366,0.0255737227452615,591.1710815429688,3406592.25,542.284912109375,43124.6875,4.827830370845069,1.5743971681617732,False,13.359569977899024,3,9b580ae0bc45724b04d128f0fdb27f4fae56dab449c836fa44f29e93046d7dfa,be7de516b96323cbcbb9766ddc8eb0f6a1e5ec02bf6a0b0cf4761dc48b6a4cd3,631cf9dc2fd297d503022cb939793429663b550dbd8ddc9e6fe1cacb53541501
high,14,4,f858_historical_rng_aligned,C:\Users\Asus\PycharmProjects\UNCERTAIN_EPC_RL_V3\revision_outputs\revision_v8_historical_eval_aligned_window_ablation\rng_snapshots\high_pre_decoupled_eval_rng.pkl,15.260301639145563,0.0218887667403415,579.3206787109375,3441623.5,531.6809692382812,43551.97265625,4.860437139438833,1.58112838025406,False,13.359569977899024,3,9b580ae0bc45724b04d128f0fdb27f4fae56dab449c836fa44f29e93046d7dfa,be7de516b96323cbcbb9766ddc8eb0f6a1e5ec02bf6a0b0cf4761dc48b6a4cd3,631cf9dc2fd297d503022cb939793429663b550dbd8ddc9e6fe1cacb53541501
high,14,5,f858_historical_rng_aligned,C:\Users\Asus\PycharmProjects\UNCERTAIN_EPC_RL_V3\revision_outputs\revision_v8_historical_eval_aligned_window_ablation\rng_snapshots\high_pre_decoupled_eval_rng.pkl,16.285283896694,0.0264733221602861,571.0718383789062,3658268.5,531.0528564453125,46259.41015625,5.1326738045518905,1.6356267328645102,False,13.359569977899024,3,9b580ae0bc45724b04d128f0fdb27f4fae56dab449c836fa44f29e93046d7dfa,be7de516b96323cbcbb9766ddc8eb0f6a1e5ec02bf6a0b0cf4761dc48b6a4cd3,631cf9dc2fd297d503022cb939793429663b550dbd8ddc9e6fe1cacb53541501
high,14,6,f858_historical_rng_aligned,C:\Users\Asus\PycharmProjects\UNCERTAIN_EPC_RL_V3\revision_outputs\revision_v8_historical_eval_aligned_window_ablation\rng_snapshots\high_pre_decoupled_eval_rng.pkl,16.08652906043415,0.0233774878614389,556.8505859375,3356338.5,517.99267578125,42472.22265625,4.737380077713523,1.5554842566767613,False,13.359569977899024,3,9b580ae0bc45724b04d128f0fdb27f4fae56dab449c836fa44f29e93046d7dfa,be7de516b96323cbcbb9766ddc8eb0f6a1e5ec02bf6a0b0cf4761dc48b6a4cd3,631cf9dc2fd297d503022cb939793429663b550dbd8ddc9e6fe1cacb53541501
high,14,7,f858_historical_rng_aligned,C:\Users\Asus\PycharmProjects\UNCERTAIN_EPC_RL_V3\revision_outputs\revision_v8_historical_eval_aligned_window_ablation\rng_snapshots\high_pre_decoupled_eval_rng.pkl,16.594223992918224,0.0227788070813429,572.4918212890625,3375816.0,527.86572265625,42725.56640625,4.77412990662895,1.5632117388218585,False,13.359569977899024,3,9b580ae0bc45724b04d128f0fdb27f4fae56dab449c836fa44f29e93046d7dfa,be7de516b96323cbcbb9766ddc8eb0f6a1e5ec02bf6a0b0cf4761dc48b6a4cd3,631cf9dc2fd297d503022cb939793429663b550dbd8ddc9e6fe1cacb53541501
high,14,8,f858_historical_rng_aligned,C:\Users\Asus\PycharmProjects\UNCERTAIN_EPC_RL_V3\revision_outputs\revision_v8_historical_eval_aligned_window_ablation\rng_snapshots\high_pre_decoupled_eval_rng.pkl,16.46177262382262,0.0252610853820545,649.0570068359375,3672951.5,587.7279663085938,46499.62109375,5.221572922447304,1.6527986826442742,False,13.359569977899024,3,9b580ae0bc45724b04d128f0fdb27f4fae56dab449c836fa44f29e93046d7dfa,be7de516b96323cbcbb9766ddc8eb0f6a1e5ec02bf6a0b0cf4761dc48b6a4cd3,631cf9dc2fd297d503022cb939793429663b550dbd8ddc9e6fe1cacb53541501
high,14,9,f858_historical_rng_aligned,C:\Users\Asus\PycharmProjects\UNCERTAIN_EPC_RL_V3\revision_outputs\revision_v8_historical_eval_aligned_window_ablation\rng_snapshots\high_pre_decoupled_eval_rng.pkl,15.41342416123231,0.0268995539355683,596.7850341796875,3371637.0,550.5003051757812,42695.9609375,4.790641442948436,1.5666643153901552,False,13.359569977899024,3,9b580ae0bc45724b04d128f0fdb27f4fae56dab449c836fa44f29e93046d7dfa,be7de516b96323cbcbb9766ddc8eb0f6a1e5ec02bf6a0b0cf4761dc48b6a4cd3,631cf9dc2fd297d503022cb939793429663b550dbd8ddc9e6fe1cacb53541501
high,14,10,f858_historical_rng_aligned,C:\Users\Asus\PycharmProjects\UNCERTAIN_EPC_RL_V3\revision_outputs\revision_v8_historical_eval_aligned_window_ablation\rng_snapshots\high_pre_decoupled_eval_rng.pkl,14.997625258657887,0.0224509564980265,552.5572509765625,3400065.5,510.1149291992188,43010.93359375,4.786147599928519,1.565725828945559,False,13.359569977899024,3,9b580ae0bc45724b04d128f0fdb27f4fae56dab449c836fa44f29e93046d7dfa,be7de516b96323cbcbb9766ddc8eb0f6a1e5ec02bf6a0b0cf4761dc48b6a4cd3,631cf9dc2fd297d503022cb939793429663b550dbd8ddc9e6fe1cacb53541501
high,14,11,f858_historical_rng_aligned,C:\Users\Asus\PycharmProjects\UNCERTAIN_EPC_RL_V3\revision_outputs\revision_v8_historical_eval_aligned_window_ablation\rng_snapshots\high_pre_decoupled_eval_rng.pkl,15.29960058454974,0.0251935413405089,561.2518310546875,3179374.5,520.0283203125,40262.20703125,4.535165189840559,1.5118615084473792,False,13.359569977899024,3,9b580ae0bc45724b04d128f0fdb27f4fae56dab449c836fa44f29e93046d7dfa,be7de516b96323cbcbb9766ddc8eb0f6a1e5ec02bf6a0b0cf4761dc48b6a4cd3,631cf9dc2fd297d503022cb939793429663b550dbd8ddc9e6fe1cacb53541501
high,14,12,f858_historical_rng_aligned,C:\Users\Asus\PycharmProjects\UNCERTAIN_EPC_RL_V3\revision_outputs\revision_v8_historical_eval_aligned_window_ablation\rng_snapshots\high_pre_decoupled_eval_rng.pkl,15.822135256741008,0.0227020465372755,563.6591796875,3378620.75,524.5096435546875,42757.265625,4.770219796741911,1.562392382820179,False,13.359569977899024,3,9b580ae0bc45724b04d128f0fdb27f4fae56dab449c836fa44f29e93046d7dfa,be7de516b96323cbcbb9766ddc8eb0f6a1e5ec02bf6a0b0cf4761dc48b6a4cd3,631cf9dc2fd297d503022cb939793429663b550dbd8ddc9e6fe1cacb53541501
high,14,13,f858_historical_rng_aligned,C:\Users\Asus\PycharmProjects\UNCERTAIN_EPC_RL_V3\revision_outputs\revision_v8_historical_eval_aligned_window_ablation\rng_snapshots\high_pre_decoupled_eval_rng.pkl,13.804865916317972,0.0228390033583309,620.1978759765625,3172142.0,558.1460571289062,40209.91796875,4.577629893432862,1.5211813736648216,False,13.359569977899024,3,9b580ae0bc45724b04d128f0fdb27f4fae56dab449c836fa44f29e93046d7dfa,be7de516b96323cbcbb9766ddc8eb0f6a1e5ec02bf6a0b0cf4761dc48b6a4cd3,631cf9dc2fd297d503022cb939793429663b550dbd8ddc9e6fe1cacb53541501
high,14,14,f858_historical_rng_aligned,C:\Users\Asus\PycharmProjects\UNCERTAIN_EPC_RL_V3\revision_outputs\revision_v8_historical_eval_aligned_window_ablation\rng_snapshots\high_pre_decoupled_eval_rng.pkl,15.766942556370568,0.0252558284700026,537.1909790039062,3370076.5,502.0897216796875,42628.046875,4.737032114420049,1.5554108034035503,False,13.359569977899024,3,9b580ae0bc45724b04d128f0fdb27f4fae56dab449c836fa44f29e93046d7dfa,be7de516b96323cbcbb9766ddc8eb0f6a1e5ec02bf6a0b0cf4761dc48b6a4cd3,631cf9dc2fd297d503022cb939793429663b550dbd8ddc9e6fe1cacb53541501
high,14,15,f858_historical_rng_aligned,C:\Users\Asus\PycharmProjects\UNCERTAIN_EPC_RL_V3\revision_outputs\revision_v8_historical_eval_aligned_window_ablation\rng_snapshots\high_pre_decoupled_eval_rng.pkl,16.101961381036705,0.0270346282007548,621.0017700195312,3549110.0,566.84326171875,44930.71875,5.033248038515852,1.616065509018956,False,13.359569977899024,3,9b580ae0bc45724b04d128f0fdb27f4fae56dab449c836fa44f29e93046d7dfa,be7de516b96323cbcbb9766ddc8eb0f6a1e5ec02bf6a0b0cf4761dc48b6a4cd3,631cf9dc2fd297d503022cb939793429663b550dbd8ddc9e6fe1cacb53541501
high,14,16,f858_historical_rng_aligned,C:\Users\Asus\PycharmProjects\UNCERTAIN_EPC_RL_V3\revision_outputs\revision_v8_historical_eval_aligned_window_ablation\rng_snapshots\high_pre_decoupled_eval_rng.pkl,17.2648086390338,0.0253641377839349,555.0374145507812,3797859.75,518.8369750976562,47992.08203125,5.310101509320882,1.6696109517040614,False,13.359569977899024,3,9b580ae0bc45724b04d128f0fdb27f4fae56dab449c836fa44f29e93046d7dfa,be7de516b96323cbcbb9766ddc8eb0f6a1e5ec02bf6a0b0cf4761dc48b6a4cd3,631cf9dc2fd297d503022cb939793429663b550dbd8ddc9e6fe1cacb53541501
high,14,17,f858_historical_rng_aligned,C:\Users\Asus\PycharmProjects\UNCERTAIN_EPC_RL_V3\revision_outputs\revision_v8_historical_eval_aligned_window_ablation\rng_snapshots\high_pre_decoupled_eval_rng.pkl,25.0064437415351,0.0250464257168858,562.505126953125,4140262.75,521.76611328125,52275.05078125,5.828175060198433,1.7627039256646804,False,13.359569977899024,3,9b580ae0bc45724b04d128f0fdb27f4fae56dab449c836fa44f29e93046d7dfa,be7de516b96323cbcbb9766ddc8eb0f6a1e5ec02bf6a0b0cf4761dc48b6a4cd3,631cf9dc2fd297d503022cb939793429663b550dbd8ddc9e6fe1cacb53541501
high,14,18,f858_historical_rng_aligned,C:\Users\Asus\PycharmProjects\UNCERTAIN_EPC_RL_V3\revision_outputs\revision_v8_historical_eval_aligned_window_ablation\rng_snapshots\high_pre_decoupled_eval_rng.pkl,15.937520961039963,0.0225384478796535,595.3466796875,3469582.5,545.136962890625,43914.91796875,4.909370310405081,1.5911456872288186,False,13.359569977899024,3,9b580ae0bc45724b04d128f0fdb27f4fae56dab449c836fa44f29e93046d7dfa,be7de516b96323cbcbb9766ddc8eb0f6a1e5ec02bf6a0b0cf4761dc48b6a4cd3,631cf9dc2fd297d503022cb939793429663b550dbd8ddc9e6fe1cacb53541501
high,14,19,f858_historical_rng_aligned,C:\Users\Asus\PycharmProjects\UNCERTAIN_EPC_RL_V3\revision_outputs\revision_v8_historical_eval_aligned_window_ablation\rng_snapshots\high_pre_decoupled_eval_rng.pkl,20.1278023176799,0.0226186792800048,597.7442626953125,3889612.0,547.4119262695312,49167.55859375,5.47839947055479,1.7008129908829204,False,13.359569977899024,3,9b580ae0bc45724b04d128f0fdb27f4fae56dab449c836fa44f29e93046d7dfa,be7de516b96323cbcbb9766ddc8eb0f6a1e5ec02bf6a0b0cf4761dc48b6a4cd3,631cf9dc2fd297d503022cb939793429663b550dbd8ddc9e6fe1cacb53541501
high,14,20,f858_historical_rng_aligned,C:\Users\Asus\PycharmProjects\UNCERTAIN_EPC_RL_V3\revision_outputs\revision_v8_historical_eval_aligned_window_ablation\rng_snapshots\high_pre_decoupled_eval_rng.pkl,14.654636998542518,0.0260034113067879,585.0993041992188,3123056.0,536.99658203125,39575.1953125,4.492723117881227,1.5024590029679286,False,13.359569977899024,3,9b580ae0bc45724b04d128f0fdb27f4fae56dab449c836fa44f29e93046d7dfa,be7de516b96323cbcbb9766ddc8eb0f6a1e5ec02bf6a0b0cf4761dc48b6a4cd3,631cf9dc2fd297d503022cb939793429663b550dbd8ddc9e6fe1cacb53541501
high,14,21,f858_historical_rng_aligned,C:\Users\Asus\PycharmProjects\UNCERTAIN_EPC_RL_V3\revision_outputs\revision_v8_historical_eval_aligned_window_ablation\rng_snapshots\high_pre_decoupled_eval_rng.pkl,15.272427808742997,0.0254104379713898,579.488037109375,3361410.5,535.5870361328125,42553.21875,4.763051819015331,1.5608886012504788,False,13.359569977899024,3,9b580ae0bc45724b04d128f0fdb27f4fae56dab449c836fa44f29e93046d7dfa,be7de516b96323cbcbb9766ddc8eb0f6a1e5ec02bf6a0b0cf4761dc48b6a4cd3,631cf9dc2fd297d503022cb939793429663b550dbd8ddc9e6fe1cacb53541501
high,14,22,f858_historical_rng_aligned,C:\Users\Asus\PycharmProjects\UNCERTAIN_EPC_RL_V3\revision_outputs\revision_v8_historical_eval_aligned_window_ablation\rng_snapshots\high_pre_decoupled_eval_rng.pkl,17.566272585120533,0.0254673675654195,546.244873046875,3568667.25,511.2896118164063,45119.62890625,4.993172664686766,1.608071512271796,False,13.359569977899024,3,9b580ae0bc45724b04d128f0fdb27f4fae56dab449c836fa44f29e93046d7dfa,be7de516b96323cbcbb9766ddc8eb0f6a1e5ec02bf6a0b0cf4761dc48b6a4cd3,631cf9dc2fd297d503022cb939793429663b550dbd8ddc9e6fe1cacb53541501
high,14,23,f858_historical_rng_aligned,C:\Users\Asus\PycharmProjects\UNCERTAIN_EPC_RL_V3\revision_outputs\revision_v8_historical_eval_aligned_window_ablation\rng_snapshots\high_pre_decoupled_eval_rng.pkl,14.772077365787842,0.0227828204657446,575.9781494140625,3247501.5,525.9638671875,41119.734375,4.625070510062196,1.5314916162670316,False,13.359569977899024,3,9b580ae0bc45724b04d128f0fdb27f4fae56dab449c836fa44f29e93046d7dfa,be7de516b96323cbcbb9766ddc8eb0f6a1e5ec02bf6a0b0cf4761dc48b6a4cd3,631cf9dc2fd297d503022cb939793429663b550dbd8ddc9e6fe1cacb53541501
high,14,24,f858_historical_rng_aligned,C:\Users\Asus\PycharmProjects\UNCERTAIN_EPC_RL_V3\revision_outputs\revision_v8_historical_eval_aligned_window_ablation\rng_snapshots\high_pre_decoupled_eval_rng.pkl,14.045037247296971,0.0226132536299354,569.27880859375,3178661.5,523.6736450195312,40256.94140625,4.541021581058804,1.5131520045948983,False,13.359569977899024,3,9b580ae0bc45724b04d128f0fdb27f4fae56dab449c836fa44f29e93046d7dfa,be7de516b96323cbcbb9766ddc8eb0f6a1e5ec02bf6a0b0cf4761dc48b6a4cd3,631cf9dc2fd297d503022cb939793429663b550dbd8ddc9e6fe1cacb53541501
high,14,25,f858_historical_rng_aligned,C:\Users\Asus\PycharmProjects\UNCERTAIN_EPC_RL_V3\revision_outputs\revision_v8_historical_eval_aligned_window_ablation\rng_snapshots\high_pre_decoupled_eval_rng.pkl,16.00238807556083,0.0251304393026515,623.0106811523438,3331911.0,569.983642578125,42218.87109375,4.766063695482852,1.5615207431451246,False,13.359569977899024,3,9b580ae0bc45724b04d128f0fdb27f4fae56dab449c836fa44f29e93046d7dfa,be7de516b96323cbcbb9766ddc8eb0f6a1e5ec02bf6a0b0cf4761dc48b6a4cd3,631cf9dc2fd297d503022cb939793429663b550dbd8ddc9e6fe1cacb53541501
high,14,26,f858_historical_rng_aligned,C:\Users\Asus\PycharmProjects\UNCERTAIN_EPC_RL_V3\revision_outputs\revision_v8_historical_eval_aligned_window_ablation\rng_snapshots\high_pre_decoupled_eval_rng.pkl,13.391227419822586,0.0221978507731046,599.81689453125,3170593.25,543.4817504882812,40175.89453125,4.558077270868009,1.516900883481026,False,13.359569977899024,3,9b580ae0bc45724b04d128f0fdb27f4fae56dab449c836fa44f29e93046d7dfa,be7de516b96323cbcbb9766ddc8eb0f6a1e5ec02bf6a0b0cf4761dc48b6a4cd3,631cf9dc2fd297d503022cb939793429663b550dbd8ddc9e6fe1cacb53541501
high,14,27,f858_historical_rng_aligned,C:\Users\Asus\PycharmProjects\UNCERTAIN_EPC_RL_V3\revision_outputs\revision_v8_historical_eval_aligned_window_ablation\rng_snapshots\high_pre_decoupled_eval_rng.pkl,14.581676955068556,0.0244526048078195,541.346923828125,3107505.25,503.6548461914063,39347.47265625,4.438186746366477,1.4902459025720385,False,13.359569977899024,3,9b580ae0bc45724b04d128f0fdb27f4fae56dab449c836fa44f29e93046d7dfa,be7de516b96323cbcbb9766ddc8eb0f6a1e5ec02bf6a0b0cf4761dc48b6a4cd3,631cf9dc2fd297d503022cb939793429663b550dbd8ddc9e6fe1cacb53541501
high,14,28,f858_historical_rng_aligned,C:\Users\Asus\PycharmProjects\UNCERTAIN_EPC_RL_V3\revision_outputs\revision_v8_historical_eval_aligned_window_ablation\rng_snapshots\high_pre_decoupled_eval_rng.pkl,14.403101566571904,0.027771990651343,554.266845703125,3132252.25,516.306640625,39669.4609375,4.476687976862438,1.4988834821377104,False,13.359569977899024,3,9b580ae0bc45724b04d128f0fdb27f4fae56dab449c836fa44f29e93046d7dfa,be7de516b96323cbcbb9766ddc8eb0f6a1e5ec02bf6a0b0cf4761dc48b6a4cd3,631cf9dc2fd297d503022cb939793429663b550dbd8ddc9e6fe1cacb53541501
high,14,29,f858_historical_rng_aligned,C:\Users\Asus\PycharmProjects\UNCERTAIN_EPC_RL_V3\revision_outputs\revision_v8_historical_eval_aligned_window_ablation\rng_snapshots\high_pre_decoupled_eval_rng.pkl,17.190500097450535,0.024321320405669,549.2775268554688,3723454.5,513.8339233398438,47057.01171875,5.201856346683829,1.6490155516285931,False,13.359569977899024,3,9b580ae0bc45724b04d128f0fdb27f4fae56dab449c836fa44f29e93046d7dfa,be7de516b96323cbcbb9766ddc8eb0f6a1e5ec02bf6a0b0cf4761dc48b6a4cd3,631cf9dc2fd297d503022cb939793429663b550dbd8ddc9e6fe1cacb53541501
high,14,30,f858_historical_rng_aligned,C:\Users\Asus\PycharmProjects\UNCERTAIN_EPC_RL_V3\revision_outputs\revision_v8_historical_eval_aligned_window_ablation\rng_snapshots\high_pre_decoupled_eval_rng.pkl,14.535849564341875,0.0232967051992913,541.6263427734375,3105155.25,505.9209899902344,39320.36328125,4.4360239485845945,1.4897584681625906,False,13.359569977899024,3,9b580ae0bc45724b04d128f0fdb27f4fae56dab449c836fa44f29e93046d7dfa,be7de516b96323cbcbb9766ddc8eb0f6a1e5ec02bf6a0b0cf4761dc48b6a4cd3,631cf9dc2fd297d503022cb939793429663b550dbd8ddc9e6fe1cacb53541501
high,14,31,f858_historical_rng_aligned,C:\Users\Asus\PycharmProjects\UNCERTAIN_EPC_RL_V3\revision_outputs\revision_v8_historical_eval_aligned_window_ablation\rng_snapshots\high_pre_decoupled_eval_rng.pkl,14.045533743493044,0.0254030357859191,574.2554931640625,3091750.0,528.0405883789062,39174.9140625,4.448913312436421,1.4926598669041178,False,13.359569977899024,3,9b580ae0bc45724b04d128f0fdb27f4fae56dab449c836fa44f29e93046d7dfa,be7de516b96323cbcbb9766ddc8eb0f6a1e5ec02bf6a0b0cf4761dc48b6a4cd3,631cf9dc2fd297d503022cb939793429663b550dbd8ddc9e6fe1cacb53541501
high,14,32,f858_historical_rng_aligned,C:\Users\Asus\PycharmProjects\UNCERTAIN_EPC_RL_V3\revision_outputs\revision_v8_historical_eval_aligned_window_ablation\rng_snapshots\high_pre_decoupled_eval_rng.pkl,15.312323388314066,0.0246276425019973,606.2386474609375,3371725.5,557.6612548828125,42704.23046875,4.799053055227813,1.5684186182906823,False,13.359569977899024,3,9b580ae0bc45724b04d128f0fdb27f4fae56dab449c836fa44f29e93046d7dfa,be7de516b96323cbcbb9766ddc8eb0f6a1e5ec02bf6a0b0cf4761dc48b6a4cd3,631cf9dc2fd297d503022cb939793429663b550dbd8ddc9e6fe1cacb53541501
high,14,33,f858_historical_rng_aligned,C:\Users\Asus\PycharmProjects\UNCERTAIN_EPC_RL_V3\revision_outputs\revision_v8_historical_eval_aligned_window_ablation\rng_snapshots\high_pre_decoupled_eval_rng.pkl,15.103952496713296,0.0253045256662715,568.52783203125,3607257.5,524.9012451171875,45615.62109375,5.062406111139636,1.6218418863129531,False,13.359569977899024,3,9b580ae0bc45724b04d128f0fdb27f4fae56dab449c836fa44f29e93046d7dfa,be7de516b96323cbcbb9766ddc8eb0f6a1e5ec02bf6a0b0cf4761dc48b6a4cd3,631cf9dc2fd297d503022cb939793429663b550dbd8ddc9e6fe1cacb53541501
high,14,34,f858_historical_rng_aligned,C:\Users\Asus\PycharmProjects\UNCERTAIN_EPC_RL_V3\revision_outputs\revision_v8_historical_eval_aligned_window_ablation\rng_snapshots\high_pre_decoupled_eval_rng.pkl,14.81756563182674,0.0289423239822494,598.9907836914062,3264942.75,551.8845825195312,41363.66796875,4.666069745129052,1.540317121007682,False,13.359569977899024,3,9b580ae0bc45724b04d128f0fdb27f4fae56dab449c836fa44f29e93046d7dfa,be7de516b96323cbcbb9766ddc8eb0f6a1e5ec02bf6a0b0cf4761dc48b6a4cd3,631cf9dc2fd297d503022cb939793429663b550dbd8ddc9e6fe1cacb53541501
high,14,35,f858_historical_rng_aligned,C:\Users\Asus\PycharmProjects\UNCERTAIN_EPC_RL_V3\revision_outputs\revision_v8_historical_eval_aligned_window_ablation\rng_snapshots\high_pre_decoupled_eval_rng.pkl,14.49917589944406,0.0248297260190265,567.5005493164062,3172799.75,525.8440551757812,40185.83984375,4.533213550665642,1.5114310810775275,False,13.359569977899024,3,9b580ae0bc45724b04d128f0fdb27f4fae56dab449c836fa44f29e93046d7dfa,be7de516b96323cbcbb9766ddc8eb0f6a1e5ec02bf6a0b0cf4761dc48b6a4cd3,631cf9dc2fd297d503022cb939793429663b550dbd8ddc9e6fe1cacb53541501
high,14,36,f858_historical_rng_aligned,C:\Users\Asus\PycharmProjects\UNCERTAIN_EPC_RL_V3\revision_outputs\revision_v8_historical_eval_aligned_window_ablation\rng_snapshots\high_pre_decoupled_eval_rng.pkl,14.427428183635271,0.0253669918144926,587.6912841796875,3377919.75,536.6377563476562,42760.6328125,4.789613753878241,1.5664497722380109,False,13.359569977899024,3,9b580ae0bc45724b04d128f0fdb27f4fae56dab449c836fa44f29e93046d7dfa,be7de516b96323cbcbb9766ddc8eb0f6a1e5ec02bf6a0b0cf4761dc48b6a4cd3,631cf9dc2fd297d503022cb939793429663b550dbd8ddc9e6fe1cacb53541501
high,14,37,f858_historical_rng_aligned,C:\Users\Asus\PycharmProjects\UNCERTAIN_EPC_RL_V3\revision_outputs\revision_v8_historical_eval_aligned_window_ablation\rng_snapshots\high_pre_decoupled_eval_rng.pkl,16.887623391876275,0.0237028555049756,567.8848876953125,3611197.0,521.759765625,45661.71875,5.066743930308576,1.6226983884708583,False,13.359569977899024,3,9b580ae0bc45724b04d128f0fdb27f4fae56dab449c836fa44f29e93046d7dfa,be7de516b96323cbcbb9766ddc8eb0f6a1e5ec02bf6a0b0cf4761dc48b6a4cd3,631cf9dc2fd297d503022cb939793429663b550dbd8ddc9e6fe1cacb53541501
high,14,38,f858_historical_rng_aligned,C:\Users\Asus\PycharmProjects\UNCERTAIN_EPC_RL_V3\revision_outputs\revision_v8_historical_eval_aligned_window_ablation\rng_snapshots\high_pre_decoupled_eval_rng.pkl,15.934669587320922,0.0229792763485253,574.312744140625,3425671.5,531.3768310546875,43352.26953125,4.836738985409193,1.5762407303028048,False,13.359569977899024,3,9b580ae0bc45724b04d128f0fdb27f4fae56dab449c836fa44f29e93046d7dfa,be7de516b96323cbcbb9766ddc8eb0f6a1e5ec02bf6a0b0cf4761dc48b6a4cd3,631cf9dc2fd297d503022cb939793429663b550dbd8ddc9e6fe1cacb53541501
high,14,39,f858_historical_rng_aligned,C:\Users\Asus\PycharmProjects\UNCERTAIN_EPC_RL_V3\revision_outputs\revision_v8_historical_eval_aligned_window_ablation\rng_snapshots\high_pre_decoupled_eval_rng.pkl,15.067749071110644,0.0240912160892233,640.4578857421875,3348586.0,579.8109741210938,42437.13671875,4.801231628927301,1.5688724743602798,False,13.359569977899024,3,9b580ae0bc45724b04d128f0fdb27f4fae56dab449c836fa44f29e93046d7dfa,be7de516b96323cbcbb9766ddc8eb0f6a1e5ec02bf6a0b0cf4761dc48b6a4cd3,631cf9dc2fd297d503022cb939793429663b550dbd8ddc9e6fe1cacb53541501
high,14,40,f858_historical_rng_aligned,C:\Users\Asus\PycharmProjects\UNCERTAIN_EPC_RL_V3\revision_outputs\revision_v8_historical_eval_aligned_window_ablation\rng_snapshots\high_pre_decoupled_eval_rng.pkl,14.427639877071272,0.027430554034267,622.305419921875,3045262.25,562.6536254882812,38628.4296875,4.440140803178863,1.4906860883689768,False,13.359569977899024,3,9b580ae0bc45724b04d128f0fdb27f4fae56dab449c836fa44f29e93046d7dfa,be7de516b96323cbcbb9766ddc8eb0f6a1e5ec02bf6a0b0cf4761dc48b6a4cd3,631cf9dc2fd297d503022cb939793429663b550dbd8ddc9e6fe1cacb53541501
high,14,41,f858_historical_rng_aligned,C:\Users\Asus\PycharmProjects\UNCERTAIN_EPC_RL_V3\revision_outputs\revision_v8_historical_eval_aligned_window_ablation\rng_snapshots\high_pre_decoupled_eval_rng.pkl,16.10421219975879,0.0274166064803222,553.978759765625,3492457.0,515.7833251953125,44171.49609375,4.902336251052993,1.5897118774194674,False,13.359569977899024,3,9b580ae0bc45724b04d128f0fdb27f4fae56dab449c836fa44f29e93046d7dfa,be7de516b96323cbcbb9766ddc8eb0f6a1e5ec02bf6a0b0cf4761dc48b6a4cd3,631cf9dc2fd297d503022cb939793429663b550dbd8ddc9e6fe1cacb53541501
high,14,42,f858_historical_rng_aligned,C:\Users\Asus\PycharmProjects\UNCERTAIN_EPC_RL_V3\revision_outputs\revision_v8_historical_eval_aligned_window_ablation\rng_snapshots\high_pre_decoupled_eval_rng.pkl,15.831054232638952,0.022389832315769,534.3829345703125,3321239.25,501.1318359375,42016.625,4.676388303194879,1.5425260819060334,False,13.359569977899024,3,9b580ae0bc45724b04d128f0fdb27f4fae56dab449c836fa44f29e93046d7dfa,be7de516b96323cbcbb9766ddc8eb0f6a1e5ec02bf6a0b0cf4761dc48b6a4cd3,631cf9dc2fd297d503022cb939793429663b550dbd8ddc9e6fe1cacb53541501
high,14,43,f858_historical_rng_aligned,C:\Users\Asus\PycharmProjects\UNCERTAIN_EPC_RL_V3\revision_outputs\revision_v8_historical_eval_aligned_window_ablation\rng_snapshots\high_pre_decoupled_eval_rng.pkl,15.066304901162123,0.0216858473531684,606.5699462890625,3265043.0,555.2437744140625,41368.28125,4.672606345225166,1.54171701990135,False,13.359569977899024,3,9b580ae0bc45724b04d128f0fdb27f4fae56dab449c836fa44f29e93046d7dfa,be7de516b96323cbcbb9766ddc8eb0f6a1e5ec02bf6a0b0cf4761dc48b6a4cd3,631cf9dc2fd297d503022cb939793429663b550dbd8ddc9e6fe1cacb53541501
high,14,44,f858_historical_rng_aligned,C:\Users\Asus\PycharmProjects\UNCERTAIN_EPC_RL_V3\revision_outputs\revision_v8_historical_eval_aligned_window_ablation\rng_snapshots\high_pre_decoupled_eval_rng.pkl,17.85275791037146,0.024322094428833,563.6148071289062,3854787.25,522.66552734375,48707.50390625,5.39810380981866,1.686047745574042,False,13.359569977899024,3,9b580ae0bc45724b04d128f0fdb27f4fae56dab449c836fa44f29e93046d7dfa,be7de516b96323cbcbb9766ddc8eb0f6a1e5ec02bf6a0b0cf4761dc48b6a4cd3,631cf9dc2fd297d503022cb939793429663b550dbd8ddc9e6fe1cacb53541501
high,14,45,f858_historical_rng_aligned,C:\Users\Asus\PycharmProjects\UNCERTAIN_EPC_RL_V3\revision_outputs\revision_v8_historical_eval_aligned_window_ablation\rng_snapshots\high_pre_decoupled_eval_rng.pkl,15.154383311986138,0.0227963604392368,584.5385131835938,3307413.25,534.1058349609375,41876.76953125,4.70258721789207,1.548112829153869,False,13.359569977899024,3,9b580ae0bc45724b04d128f0fdb27f4fae56dab449c836fa44f29e93046d7dfa,be7de516b96323cbcbb9766ddc8eb0f6a1e5ec02bf6a0b0cf4761dc48b6a4cd3,631cf9dc2fd297d503022cb939793429663b550dbd8ddc9e6fe1cacb53541501
high,14,46,f858_historical_rng_aligned,C:\Users\Asus\PycharmProjects\UNCERTAIN_EPC_RL_V3\revision_outputs\revision_v8_historical_eval_aligned_window_ablation\rng_snapshots\high_pre_decoupled_eval_rng.pkl,16.690940589781647,0.0231533584689449,607.570068359375,3535933.5,556.3733520507812,44755.54296875,5.0043524239419686,1.6103080185703351,False,13.359569977899024,3,9b580ae0bc45724b04d128f0fdb27f4fae56dab449c836fa44f29e93046d7dfa,be7de516b96323cbcbb9766ddc8eb0f6a1e5ec02bf6a0b0cf4761dc48b6a4cd3,631cf9dc2fd297d503022cb939793429663b550dbd8ddc9e6fe1cacb53541501
high,14,47,f858_historical_rng_aligned,C:\Users\Asus\PycharmProjects\UNCERTAIN_EPC_RL_V3\revision_outputs\revision_v8_historical_eval_aligned_window_ablation\rng_snapshots\high_pre_decoupled_eval_rng.pkl,16.644422770385823,0.0230291790912605,545.5346069335938,3587058.75,510.8389892578125,45349.07421875,5.016461053480968,1.6127247156697424,False,13.359569977899024,3,9b580ae0bc45724b04d128f0fdb27f4fae56dab449c836fa44f29e93046d7dfa,be7de516b96323cbcbb9766ddc8eb0f6a1e5ec02bf6a0b0cf4761dc48b6a4cd3,631cf9dc2fd297d503022cb939793429663b550dbd8ddc9e6fe1cacb53541501
high,14,48,f858_historical_rng_aligned,C:\Users\Asus\PycharmProjects\UNCERTAIN_EPC_RL_V3\revision_outputs\revision_v8_historical_eval_aligned_window_ablation\rng_snapshots\high_pre_decoupled_eval_rng.pkl,15.073240147916067,0.0251455390818888,583.640869140625,3222566.5,537.803955078125,40819.88671875,4.603578926154596,1.52683402841352,False,13.359569977899024,3,9b580ae0bc45724b04d128f0fdb27f4fae56dab449c836fa44f29e93046d7dfa,be7de516b96323cbcbb9766ddc8eb0f6a1e5ec02bf6a0b0cf4761dc48b6a4cd3,631cf9dc2fd297d503022cb939793429663b550dbd8ddc9e6fe1cacb53541501
high,14,49,f858_historical_rng_aligned,C:\Users\Asus\PycharmProjects\UNCERTAIN_EPC_RL_V3\revision_outputs\revision_v8_historical_eval_aligned_window_ablation\rng_snapshots\high_pre_decoupled_eval_rng.pkl,16.685182987219743,0.0259992230309404,571.2361450195312,3363271.75,533.5787353515625,42574.4765625,4.758552462988543,1.5599435175800331,False,13.359569977899024,3,9b580ae0bc45724b04d128f0fdb27f4fae56dab449c836fa44f29e93046d7dfa,be7de516b96323cbcbb9766ddc8eb0f6a1e5ec02bf6a0b0cf4761dc48b6a4cd3,631cf9dc2fd297d503022cb939793429663b550dbd8ddc9e6fe1cacb53541501
high,14,50,f858_historical_rng_aligned,C:\Users\Asus\PycharmProjects\UNCERTAIN_EPC_RL_V3\revision_outputs\revision_v8_historical_eval_aligned_window_ablation\rng_snapshots\high_pre_decoupled_eval_rng.pkl,16.16834381556428,0.0241017251962938,574.348876953125,3481616.25,534.5723876953125,44054.77734375,4.906646247825125,1.590590663175278,False,13.359569977899024,3,9b580ae0bc45724b04d128f0fdb27f4fae56dab449c836fa44f29e93046d7dfa,be7de516b96323cbcbb9766ddc8eb0f6a1e5ec02bf6a0b0cf4761dc48b6a4cd3,631cf9dc2fd297d503022cb939793429663b550dbd8ddc9e6fe1cacb53541501
high,14,51,f858_historical_rng_aligned,C:\Users\Asus\PycharmProjects\UNCERTAIN_EPC_RL_V3\revision_outputs\revision_v8_historical_eval_aligned_window_ablation\rng_snapshots\high_pre_decoupled_eval_rng.pkl,15.449248996230905,0.0230106002450766,569.05810546875,3428738.0,525.08447265625,43384.3125,4.835736188116099,1.5760333795929409,False,13.359569977899024,3,9b580ae0bc45724b04d128f0fdb27f4fae56dab449c836fa44f29e93046d7dfa,be7de516b96323cbcbb9766ddc8eb0f6a1e5ec02bf6a0b0cf4761dc48b6a4cd3,631cf9dc2fd297d503022cb939793429663b550dbd8ddc9e6fe1cacb53541501
high,14,52,f858_historical_rng_aligned,C:\Users\Asus\PycharmProjects\UNCERTAIN_EPC_RL_V3\revision_outputs\revision_v8_historical_eval_aligned_window_ablation\rng_snapshots\high_pre_decoupled_eval_rng.pkl,15.157555073335272,0.0232768944777144,550.13330078125,3298401.0,505.97564697265625,41735.98828125,4.662153477607952,1.5394774610515083,False,13.359569977899024,3,9b580ae0bc45724b04d128f0fdb27f4fae56dab449c836fa44f29e93046d7dfa,be7de516b96323cbcbb9766ddc8eb0f6a1e5ec02bf6a0b0cf4761dc48b6a4cd3,631cf9dc2fd297d503022cb939793429663b550dbd8ddc9e6fe1cacb53541501
high,14,53,f858_historical_rng_aligned,C:\Users\Asus\PycharmProjects\UNCERTAIN_EPC_RL_V3\revision_outputs\revision_v8_historical_eval_aligned_window_ablation\rng_snapshots\high_pre_decoupled_eval_rng.pkl,20.9451473608855,0.0246850576956644,545.147705078125,3803870.25,508.4807739257813,48056.859375,5.309657985235985,1.6695274236193844,False,13.359569977899024,3,9b580ae0bc45724b04d128f0fdb27f4fae56dab449c836fa44f29e93046d7dfa,be7de516b96323cbcbb9766ddc8eb0f6a1e5ec02bf6a0b0cf4761dc48b6a4cd3,631cf9dc2fd297d503022cb939793429663b550dbd8ddc9e6fe1cacb53541501
high,14,54,f858_historical_rng_aligned,C:\Users\Asus\PycharmProjects\UNCERTAIN_EPC_RL_V3\revision_outputs\revision_v8_historical_eval_aligned_window_ablation\rng_snapshots\high_pre_decoupled_eval_rng.pkl,15.663482221497109,0.0232075168713042,587.338134765625,3357862.5,540.3275146484375,42513.609375,4.765497494441392,1.561401937625054,False,13.359569977899024,3,9b580ae0bc45724b04d128f0fdb27f4fae56dab449c836fa44f29e93046d7dfa,be7de516b96323cbcbb9766ddc8eb0f6a1e5ec02bf6a0b0cf4761dc48b6a4cd3,631cf9dc2fd297d503022cb939793429663b550dbd8ddc9e6fe1cacb53541501
high,14,55,f858_historical_rng_aligned,C:\Users\Asus\PycharmProjects\UNCERTAIN_EPC_RL_V3\revision_outputs\revision_v8_historical_eval_aligned_window_ablation\rng_snapshots\high_pre_decoupled_eval_rng.pkl,18.59001936995793,0.0247071420948778,624.2940673828125,3913375.5,572.494384765625,49489.69140625,5.53752014243056,1.7115467728238818,False,13.359569977899024,3,9b580ae0bc45724b04d128f0fdb27f4fae56dab449c836fa44f29e93046d7dfa,be7de516b96323cbcbb9766ddc8eb0f6a1e5ec02bf6a0b0cf4761dc48b6a4cd3,631cf9dc2fd297d503022cb939793429663b550dbd8ddc9e6fe1cacb53541501
high,14,56,f858_historical_rng_aligned,C:\Users\Asus\PycharmProjects\UNCERTAIN_EPC_RL_V3\revision_outputs\revision_v8_historical_eval_aligned_window_ablation\rng_snapshots\high_pre_decoupled_eval_rng.pkl,16.74918897789681,0.022807706971135,549.5055541992188,3574886.0,511.25006103515625,45197.32421875,5.003775129036377,1.6101926533527808,False,13.359569977899024,3,9b580ae0bc45724b04d128f0fdb27f4fae56dab449c836fa44f29e93046d7dfa,be7de516b96323cbcbb9766ddc8eb0f6a1e5ec02bf6a0b0cf4761dc48b6a4cd3,631cf9dc2fd297d503022cb939793429663b550dbd8ddc9e6fe1cacb53541501
high,14,57,f858_historical_rng_aligned,C:\Users\Asus\PycharmProjects\UNCERTAIN_EPC_RL_V3\revision_outputs\revision_v8_historical_eval_aligned_window_ablation\rng_snapshots\high_pre_decoupled_eval_rng.pkl,15.575247302024476,0.0258725610128187,542.9301147460938,3321263.5,505.3653259277344,42021.16015625,4.683457946187784,1.5440367144845948,False,13.359569977899024,3,9b580ae0bc45724b04d128f0fdb27f4fae56dab449c836fa44f29e93046d7dfa,be7de516b96323cbcbb9766ddc8eb0f6a1e5ec02bf6a0b0cf4761dc48b6a4cd3,631cf9dc2fd297d503022cb939793429663b550dbd8ddc9e6fe1cacb53541501
high,14,58,f858_historical_rng_aligned,C:\Users\Asus\PycharmProjects\UNCERTAIN_EPC_RL_V3\revision_outputs\revision_v8_historical_eval_aligned_window_ablation\rng_snapshots\high_pre_decoupled_eval_rng.pkl,15.458508867296256,0.0257779045533704,545.3240356445312,3311049.0,505.8438720703125,41893.95703125,4.673286081591887,1.5418624819582358,False,13.359569977899024,3,9b580ae0bc45724b04d128f0fdb27f4fae56dab449c836fa44f29e93046d7dfa,be7de516b96323cbcbb9766ddc8eb0f6a1e5ec02bf6a0b0cf4761dc48b6a4cd3,631cf9dc2fd297d503022cb939793429663b550dbd8ddc9e6fe1cacb53541501
high,14,59,f858_historical_rng_aligned,C:\Users\Asus\PycharmProjects\UNCERTAIN_EPC_RL_V3\revision_outputs\revision_v8_historical_eval_aligned_window_ablation\rng_snapshots\high_pre_decoupled_eval_rng.pkl,14.431917643020755,0.0215314714106021,541.6123046875,3273667.5,503.1873779296875,41424.03125,4.626302434617553,1.5317579388053195,False,13.359569977899024,3,9b580ae0bc45724b04d128f0fdb27f4fae56dab449c836fa44f29e93046d7dfa,be7de516b96323cbcbb9766ddc8eb0f6a1e5ec02bf6a0b0cf4761dc48b6a4cd3,631cf9dc2fd297d503022cb939793429663b550dbd8ddc9e6fe1cacb53541501
high,14,60,f858_historical_rng_aligned,C:\Users\Asus\PycharmProjects\UNCERTAIN_EPC_RL_V3\revision_outputs\revision_v8_historical_eval_aligned_window_ablation\rng_snapshots\high_pre_decoupled_eval_rng.pkl,16.23683619285921,0.0266483168859831,569.4749145507812,3268843.5,529.8627319335938,41390.40625,4.64502462495892,1.5357966736422597,False,13.359569977899024,3,9b580ae0bc45724b04d128f0fdb27f4fae56dab449c836fa44f29e93046d7dfa,be7de516b96323cbcbb9766ddc8eb0f6a1e5ec02bf6a0b0cf4761dc48b6a4cd3,631cf9dc2fd297d503022cb939793429663b550dbd8ddc9e6fe1cacb53541501
high,14,61,f858_historical_rng_aligned,C:\Users\Asus\PycharmProjects\UNCERTAIN_EPC_RL_V3\revision_outputs\revision_v8_historical_eval_aligned_window_ablation\rng_snapshots\high_pre_decoupled_eval_rng.pkl,15.529315621718968,0.0237568263849873,588.9812622070312,3411714.25,541.105224609375,43187.53515625,4.832232960685063,1.575308671532656,False,13.359569977899024,3,9b580ae0bc45724b04d128f0fdb27f4fae56dab449c836fa44f29e93046d7dfa,be7de516b96323cbcbb9766ddc8eb0f6a1e5ec02bf6a0b0cf4761dc48b6a4cd3,631cf9dc2fd297d503022cb939793429663b550dbd8ddc9e6fe1cacb53541501
high,14,62,f858_historical_rng_aligned,C:\Users\Asus\PycharmProjects\UNCERTAIN_EPC_RL_V3\revision_outputs\revision_v8_historical_eval_aligned_window_ablation\rng_snapshots\high_pre_decoupled_eval_rng.pkl,16.015276807952336,0.0252082665484358,555.111328125,3525187.25,519.583740234375,44584.421875,4.945096156157879,1.598396410013605,False,13.359569977899024,3,9b580ae0bc45724b04d128f0fdb27f4fae56dab449c836fa44f29e93046d7dfa,be7de516b96323cbcbb9766ddc8eb0f6a1e5ec02bf6a0b0cf4761dc48b6a4cd3,631cf9dc2fd297d503022cb939793429663b550dbd8ddc9e6fe1cacb53541501
high,14,63,f858_historical_rng_aligned,C:\Users\Asus\PycharmProjects\UNCERTAIN_EPC_RL_V3\revision_outputs\revision_v8_historical_eval_aligned_window_ablation\rng_snapshots\high_pre_decoupled_eval_rng.pkl,14.663758259739184,0.0266689109725071,605.546875,3372297.5,545.7449951171875,42699.46484375,4.79803396474733,1.5682062433310322,False,13.359569977899024,3,9b580ae0bc45724b04d128f0fdb27f4fae56dab449c836fa44f29e93046d7dfa,be7de516b96323cbcbb9766ddc8eb0f6a1e5ec02bf6a0b0cf4761dc48b6a4cd3,631cf9dc2fd297d503022cb939793429663b550dbd8ddc9e6fe1cacb53541501
high,14,64,f858_historical_rng_aligned,C:\Users\Asus\PycharmProjects\UNCERTAIN_EPC_RL_V3\revision_outputs\revision_v8_historical_eval_aligned_window_ablation\rng_snapshots\high_pre_decoupled_eval_rng.pkl,14.263025332430516,0.0229782916097492,600.3038330078125,3325378.0,550.7056274414062,42117.93359375,4.738063714942709,1.5556285532913223,False,13.359569977899024,3,9b580ae0bc45724b04d128f0fdb27f4fae56dab449c836fa44f29e93046d7dfa,be7de516b96323cbcbb9766ddc8eb0f6a1e5ec02bf6a0b0cf4761dc48b6a4cd3,631cf9dc2fd297d503022cb939793429663b550dbd8ddc9e6fe1cacb53541501
high,14,65,f858_historical_rng_aligned,C:\Users\Asus\PycharmProjects\UNCERTAIN_EPC_RL_V3\revision_outputs\revision_v8_historical_eval_aligned_window_ablation\rng_snapshots\high_pre_decoupled_eval_rng.pkl,14.886144863537794,0.0262223412940678,628.3741455078125,3297439.75,568.79541015625,41786.79296875,4.729501434489678,1.5538197919778776,False,13.359569977899024,3,9b580ae0bc45724b04d128f0fdb27f4fae56dab449c836fa44f29e93046d7dfa,be7de516b96323cbcbb9766ddc8eb0f6a1e5ec02bf6a0b0cf4761dc48b6a4cd3,631cf9dc2fd297d503022cb939793429663b550dbd8ddc9e6fe1cacb53541501
high,14,66,f858_historical_rng_aligned,C:\Users\Asus\PycharmProjects\UNCERTAIN_EPC_RL_V3\revision_outputs\revision_v8_historical_eval_aligned_window_ablation\rng_snapshots\high_pre_decoupled_eval_rng.pkl,14.452687386949416,0.0235606991166629,541.6378173828125,3269579.25,504.0505065917969,41373.79296875,4.62164342970363,1.530750362555105,False,13.359569977899024,3,9b580ae0bc45724b04d128f0fdb27f4fae56dab449c836fa44f29e93046d7dfa,be7de516b96323cbcbb9766ddc8eb0f6a1e5ec02bf6a0b0cf4761dc48b6a4cd3,631cf9dc2fd297d503022cb939793429663b550dbd8ddc9e6fe1cacb53541501
high,14,67,f858_historical_rng_aligned,C:\Users\Asus\PycharmProjects\UNCERTAIN_EPC_RL_V3\revision_outputs\revision_v8_historical_eval_aligned_window_ablation\rng_snapshots\high_pre_decoupled_eval_rng.pkl,15.270426855858668,0.0283230353872371,590.8134155273438,3177413.0,538.546142578125,40256.2109375,4.5580847485923455,1.5169025240232454,False,13.359569977899024,3,9b580ae0bc45724b04d128f0fdb27f4fae56dab449c836fa44f29e93046d7dfa,be7de516b96323cbcbb9766ddc8eb0f6a1e5ec02bf6a0b0cf4761dc48b6a4cd3,631cf9dc2fd297d503022cb939793429663b550dbd8ddc9e6fe1cacb53541501
high,14,68,f858_historical_rng_aligned,C:\Users\Asus\PycharmProjects\UNCERTAIN_EPC_RL_V3\revision_outputs\revision_v8_historical_eval_aligned_window_ablation\rng_snapshots\high_pre_decoupled_eval_rng.pkl,14.128729356485106,0.0238410458585955,574.177001953125,3033089.5,523.9400634765625,38437.55859375,4.385078115006038,1.478207439805964,False,13.359569977899024,3,9b580ae0bc45724b04d128f0fdb27f4fae56dab449c836fa44f29e93046d7dfa,be7de516b96323cbcbb9766ddc8eb0f6a1e5ec02bf6a0b0cf4761dc48b6a4cd3,631cf9dc2fd297d503022cb939793429663b550dbd8ddc9e6fe1cacb53541501
high,14,69,f858_historical_rng_aligned,C:\Users\Asus\PycharmProjects\UNCERTAIN_EPC_RL_V3\revision_outputs\revision_v8_historical_eval_aligned_window_ablation\rng_snapshots\high_pre_decoupled_eval_rng.pkl,15.156773599233611,0.0226400678462321,608.275634765625,3337012.75,549.9286499023438,42262.58984375,4.758273232810404,1.5598848362114457,False,13.359569977899024,3,9b580ae0bc45724b04d128f0fdb27f4fae56dab449c836fa44f29e93046d7dfa,be7de516b96323cbcbb9766ddc8eb0f6a1e5ec02bf6a0b0cf4761dc48b6a4cd3,631cf9dc2fd297d503022cb939793429663b550dbd8ddc9e6fe1cacb53541501
high,14,70,f858_historical_rng_aligned,C:\Users\Asus\PycharmProjects\UNCERTAIN_EPC_RL_V3\revision_outputs\revision_v8_historical_eval_aligned_window_ablation\rng_snapshots\high_pre_decoupled_eval_rng.pkl,16.125472897620583,0.0221172767063106,530.73876953125,3515110.0,497.0674743652344,44435.94140625,4.911003120021391,1.5914782223697526,False,13.359569977899024,3,9b580ae0bc45724b04d128f0fdb27f4fae56dab449c836fa44f29e93046d7dfa,be7de516b96323cbcbb9766ddc8eb0f6a1e5ec02bf6a0b0cf4761dc48b6a4cd3,631cf9dc2fd297d503022cb939793429663b550dbd8ddc9e6fe1cacb53541501
high,14,71,f858_historical_rng_aligned,C:\Users\Asus\PycharmProjects\UNCERTAIN_EPC_RL_V3\revision_outputs\revision_v8_historical_eval_aligned_window_ablation\rng_snapshots\high_pre_decoupled_eval_rng.pkl,16.446851462300284,0.0225991884943172,609.6079711914062,3563155.5,553.04736328125,45092.4921875,5.040704718860336,1.6175458974793508,False,13.359569977899024,3,9b580ae0bc45724b04d128f0fdb27f4fae56dab449c836fa44f29e93046d7dfa,be7de516b96323cbcbb9766ddc8eb0f6a1e5ec02bf6a0b0cf4761dc48b6a4cd3,631cf9dc2fd297d503022cb939793429663b550dbd8ddc9e6fe1cacb53541501
high,14,72,f858_historical_rng_aligned,C:\Users\Asus\PycharmProjects\UNCERTAIN_EPC_RL_V3\revision_outputs\revision_v8_historical_eval_aligned_window_ablation\rng_snapshots\high_pre_decoupled_eval_rng.pkl,14.510717844136463,0.0212243975954658,561.5223388671875,3266451.75,519.5927734375,41350.2421875,4.635013814398673,1.533639179466165,False,13.359569977899024,3,9b580ae0bc45724b04d128f0fdb27f4fae56dab449c836fa44f29e93046d7dfa,be7de516b96323cbcbb9766ddc8eb0f6a1e5ec02bf6a0b0cf4761dc48b6a4cd3,631cf9dc2fd297d503022cb939793429663b550dbd8ddc9e6fe1cacb53541501
high,14,73,f858_historical_rng_aligned,C:\Users\Asus\PycharmProjects\UNCERTAIN_EPC_RL_V3\revision_outputs\revision_v8_historical_eval_aligned_window_ablation\rng_snapshots\high_pre_decoupled_eval_rng.pkl,14.482247007183512,0.0246495523743305,580.2220458984375,3120618.5,535.4002685546875,39543.12890625,4.486004278332514,1.500962389805211,False,13.359569977899024,3,9b580ae0bc45724b04d128f0fdb27f4fae56dab449c836fa44f29e93046d7dfa,be7de516b96323cbcbb9766ddc8eb0f6a1e5ec02bf6a0b0cf4761dc48b6a4cd3,631cf9dc2fd297d503022cb939793429663b550dbd8ddc9e6fe1cacb53541501
high,14,74,f858_historical_rng_aligned,C:\Users\Asus\PycharmProjects\UNCERTAIN_EPC_RL_V3\revision_outputs\revision_v8_historical_eval_aligned_window_ablation\rng_snapshots\high_pre_decoupled_eval_rng.pkl,14.609712512587064,0.0235430201970944,619.42578125,3310176.5,559.46875,41936.67578125,4.736348067753165,1.5552663889168692,False,13.359569977899024,3,9b580ae0bc45724b04d128f0fdb27f4fae56dab449c836fa44f29e93046d7dfa,be7de516b96323cbcbb9766ddc8eb0f6a1e5ec02bf6a0b0cf4761dc48b6a4cd3,631cf9dc2fd297d503022cb939793429663b550dbd8ddc9e6fe1cacb53541501
high,14,75,f858_historical_rng_aligned,C:\Users\Asus\PycharmProjects\UNCERTAIN_EPC_RL_V3\revision_outputs\revision_v8_historical_eval_aligned_window_ablation\rng_snapshots\high_pre_decoupled_eval_rng.pkl,15.577737531332772,0.026460658126104,569.67236328125,3261749.0,526.0677490234375,41297.9296875,4.636581544530873,1.5339773586222758,False,13.359569977899024,3,9b580ae0bc45724b04d128f0fdb27f4fae56dab449c836fa44f29e93046d7dfa,be7de516b96323cbcbb9766ddc8eb0f6a1e5ec02bf6a0b0cf4761dc48b6a4cd3,631cf9dc2fd297d503022cb939793429663b550dbd8ddc9e6fe1cacb53541501
high,14,76,f858_historical_rng_aligned,C:\Users\Asus\PycharmProjects\UNCERTAIN_EPC_RL_V3\revision_outputs\revision_v8_historical_eval_aligned_window_ablation\rng_snapshots\high_pre_decoupled_eval_rng.pkl,15.547580779881208,0.024229701763376,543.537353515625,3444734.25,505.4535217285156,43564.6328125,4.833529226399907,1.5755768895370978,False,13.359569977899024,3,9b580ae0bc45724b04d128f0fdb27f4fae56dab449c836fa44f29e93046d7dfa,be7de516b96323cbcbb9766ddc8eb0f6a1e5ec02bf6a0b0cf4761dc48b6a4cd3,631cf9dc2fd297d503022cb939793429663b550dbd8ddc9e6fe1cacb53541501
high,14,77,f858_historical_rng_aligned,C:\Users\Asus\PycharmProjects\UNCERTAIN_EPC_RL_V3\revision_outputs\revision_v8_historical_eval_aligned_window_ablation\rng_snapshots\high_pre_decoupled_eval_rng.pkl,13.29971323935402,0.0244427439848617,556.4540405273438,2835554.5,511.7193603515625,35956.1484375,4.166085684093927,1.426976910100611,False,13.359569977899024,3,9b580ae0bc45724b04d128f0fdb27f4fae56dab449c836fa44f29e93046d7dfa,be7de516b96323cbcbb9766ddc8eb0f6a1e5ec02bf6a0b0cf4761dc48b6a4cd3,631cf9dc2fd297d503022cb939793429663b550dbd8ddc9e6fe1cacb53541501
high,14,78,f858_historical_rng_aligned,C:\Users\Asus\PycharmProjects\UNCERTAIN_EPC_RL_V3\revision_outputs\revision_v8_historical_eval_aligned_window_ablation\rng_snapshots\high_pre_decoupled_eval_rng.pkl,14.55247802558129,0.0252999067582483,574.8226928710938,3202057.25,527.27978515625,40552.99609375,4.572212219106859,1.5199971619828072,False,13.359569977899024,3,9b580ae0bc45724b04d128f0fdb27f4fae56dab449c836fa44f29e93046d7dfa,be7de516b96323cbcbb9766ddc8eb0f6a1e5ec02bf6a0b0cf4761dc48b6a4cd3,631cf9dc2fd297d503022cb939793429663b550dbd8ddc9e6fe1cacb53541501
high,14,79,f858_historical_rng_aligned,C:\Users\Asus\PycharmProjects\UNCERTAIN_EPC_RL_V3\revision_outputs\revision_v8_historical_eval_aligned_window_ablation\rng_snapshots\high_pre_decoupled_eval_rng.pkl,16.53101977436938,0.0267864306209967,614.1690673828125,3597203.5,563.7040405273438,45528.74609375,5.089830906918679,1.6272446093659532,False,13.359569977899024,3,9b580ae0bc45724b04d128f0fdb27f4fae56dab449c836fa44f29e93046d7dfa,be7de516b96323cbcbb9766ddc8eb0f6a1e5ec02bf6a0b0cf4761dc48b6a4cd3,631cf9dc2fd297d503022cb939793429663b550dbd8ddc9e6fe1cacb53541501
high,14,80,f858_historical_rng_aligned,C:\Users\Asus\PycharmProjects\UNCERTAIN_EPC_RL_V3\revision_outputs\revision_v8_historical_eval_aligned_window_ablation\rng_snapshots\high_pre_decoupled_eval_rng.pkl,15.757726582497574,0.023448730944966,575.595947265625,3290712.5,534.1494140625,41668.0546875,4.675827328561143,1.5424061157597215,False,13.359569977899024,3,9b580ae0bc45724b04d128f0fdb27f4fae56dab449c836fa44f29e93046d7dfa,be7de516b96323cbcbb9766ddc8eb0f6a1e5ec02bf6a0b0cf4761dc48b6a4cd3,631cf9dc2fd297d503022cb939793429663b550dbd8ddc9e6fe1cacb53541501
high,14,81,f858_historical_rng_aligned,C:\Users\Asus\PycharmProjects\UNCERTAIN_EPC_RL_V3\revision_outputs\revision_v8_historical_eval_aligned_window_ablation\rng_snapshots\high_pre_decoupled_eval_rng.pkl,15.762311681627898,0.0244047161990181,542.5872192382812,3387541.0,508.37493896484375,42852.63671875,4.762960639929851,1.5608694580705016,False,13.359569977899024,3,9b580ae0bc45724b04d128f0fdb27f4fae56dab449c836fa44f29e93046d7dfa,be7de516b96323cbcbb9766ddc8eb0f6a1e5ec02bf6a0b0cf4761dc48b6a4cd3,631cf9dc2fd297d503022cb939793429663b550dbd8ddc9e6fe1cacb53541501
high,14,82,f858_historical_rng_aligned,C:\Users\Asus\PycharmProjects\UNCERTAIN_EPC_RL_V3\revision_outputs\revision_v8_historical_eval_aligned_window_ablation\rng_snapshots\high_pre_decoupled_eval_rng.pkl,16.37856115565478,0.0260417534020619,558.4081420898438,3550068.5,515.26220703125,44891.1171875,4.979104889615516,1.6052501338401437,False,13.359569977899024,3,9b580ae0bc45724b04d128f0fdb27f4fae56dab449c836fa44f29e93046d7dfa,be7de516b96323cbcbb9766ddc8eb0f6a1e5ec02bf6a0b0cf4761dc48b6a4cd3,631cf9dc2fd297d503022cb939793429663b550dbd8ddc9e6fe1cacb53541501
high,14,83,f858_historical_rng_aligned,C:\Users\Asus\PycharmProjects\UNCERTAIN_EPC_RL_V3\revision_outputs\revision_v8_historical_eval_aligned_window_ablation\rng_snapshots\high_pre_decoupled_eval_rng.pkl,14.578905798163351,0.0213392495564139,585.7275390625,3145094.5,538.90771484375,39852.5859375,4.517845092163223,1.508035130641543,False,13.359569977899024,3,9b580ae0bc45724b04d128f0fdb27f4fae56dab449c836fa44f29e93046d7dfa,be7de516b96323cbcbb9766ddc8eb0f6a1e5ec02bf6a0b0cf4761dc48b6a4cd3,631cf9dc2fd297d503022cb939793429663b550dbd8ddc9e6fe1cacb53541501
high,14,84,f858_historical_rng_aligned,C:\Users\Asus\PycharmProjects\UNCERTAIN_EPC_RL_V3\revision_outputs\revision_v8_historical_eval_aligned_window_ablation\rng_snapshots\high_pre_decoupled_eval_rng.pkl,16.28065409133604,0.0251150507771689,609.634521484375,3399210.0,560.4193725585938,43050.54296875,4.835441761636338,1.5759724921847302,False,13.359569977899024,3,9b580ae0bc45724b04d128f0fdb27f4fae56dab449c836fa44f29e93046d7dfa,be7de516b96323cbcbb9766ddc8eb0f6a1e5ec02bf6a0b0cf4761dc48b6a4cd3,631cf9dc2fd297d503022cb939793429663b550dbd8ddc9e6fe1cacb53541501
high,14,85,f858_historical_rng_aligned,C:\Users\Asus\PycharmProjects\UNCERTAIN_EPC_RL_V3\revision_outputs\revision_v8_historical_eval_aligned_window_ablation\rng_snapshots\high_pre_decoupled_eval_rng.pkl,15.845898498725273,0.0219968220957418,534.7567749023438,3401823.5,500.2740478515625,43023.06640625,4.773463429154784,1.5630721272041848,False,13.359569977899024,3,9b580ae0bc45724b04d128f0fdb27f4fae56dab449c836fa44f29e93046d7dfa,be7de516b96323cbcbb9766ddc8eb0f6a1e5ec02bf6a0b0cf4761dc48b6a4cd3,631cf9dc2fd297d503022cb939793429663b550dbd8ddc9e6fe1cacb53541501
high,14,86,f858_historical_rng_aligned,C:\Users\Asus\PycharmProjects\UNCERTAIN_EPC_RL_V3\revision_outputs\revision_v8_historical_eval_aligned_window_ablation\rng_snapshots\high_pre_decoupled_eval_rng.pkl,15.44771840025463,0.0263568394641821,596.6417236328125,3398386.0,549.0606689453125,43028.88671875,4.822856230728153,1.5733663315461537,False,13.359569977899024,3,9b580ae0bc45724b04d128f0fdb27f4fae56dab449c836fa44f29e93046d7dfa,be7de516b96323cbcbb9766ddc8eb0f6a1e5ec02bf6a0b0cf4761dc48b6a4cd3,631cf9dc2fd297d503022cb939793429663b550dbd8ddc9e6fe1cacb53541501
high,14,87,f858_historical_rng_aligned,C:\Users\Asus\PycharmProjects\UNCERTAIN_EPC_RL_V3\revision_outputs\revision_v8_historical_eval_aligned_window_ablation\rng_snapshots\high_pre_decoupled_eval_rng.pkl,15.256589068550618,0.0273335028673349,578.8001708984375,3348401.0,535.951171875,42390.9609375,4.74692307325158,1.557496634097991,False,13.359569977899024,3,9b580ae0bc45724b04d128f0fdb27f4fae56dab449c836fa44f29e93046d7dfa,be7de516b96323cbcbb9766ddc8eb0f6a1e5ec02bf6a0b0cf4761dc48b6a4cd3,631cf9dc2fd297d503022cb939793429663b550dbd8ddc9e6fe1cacb53541501
high,14,88,f858_historical_rng_aligned,C:\Users\Asus\PycharmProjects\UNCERTAIN_EPC_RL_V3\revision_outputs\revision_v8_historical_eval_aligned_window_ablation\rng_snapshots\high_pre_decoupled_eval_rng.pkl,13.675477572043423,0.0229829769148314,548.7238159179688,3004408.0,508.9853515625,38064.0859375,4.333253527717574,1.466318651943278,False,13.359569977899024,3,9b580ae0bc45724b04d128f0fdb27f4fae56dab449c836fa44f29e93046d7dfa,be7de516b96323cbcbb9766ddc8eb0f6a1e5ec02bf6a0b0cf4761dc48b6a4cd3,631cf9dc2fd297d503022cb939793429663b550dbd8ddc9e6fe1cacb53541501
high,14,89,f858_historical_rng_aligned,C:\Users\Asus\PycharmProjects\UNCERTAIN_EPC_RL_V3\revision_outputs\revision_v8_historical_eval_aligned_window_ablation\rng_snapshots\high_pre_decoupled_eval_rng.pkl,14.237039314539947,0.0216283327248807,600.0916137695312,3236638.25,547.102783203125,41005.078125,4.633762333666148,1.5333691371822349,False,13.359569977899024,3,9b580ae0bc45724b04d128f0fdb27f4fae56dab449c836fa44f29e93046d7dfa,be7de516b96323cbcbb9766ddc8eb0f6a1e5ec02bf6a0b0cf4761dc48b6a4cd3,631cf9dc2fd297d503022cb939793429663b550dbd8ddc9e6fe1cacb53541501
high,14,90,f858_historical_rng_aligned,C:\Users\Asus\PycharmProjects\UNCERTAIN_EPC_RL_V3\revision_outputs\revision_v8_historical_eval_aligned_window_ablation\rng_snapshots\high_pre_decoupled_eval_rng.pkl,15.182104909163876,0.0229165937590895,573.5938720703125,3263068.5,528.6826171875,41317.0390625,4.64146089207772,1.5350291641146556,False,13.359569977899024,3,9b580ae0bc45724b04d128f0fdb27f4fae56dab449c836fa44f29e93046d7dfa,be7de516b96323cbcbb9766ddc8eb0f6a1e5ec02bf6a0b0cf4761dc48b6a4cd3,631cf9dc2fd297d503022cb939793429663b550dbd8ddc9e6fe1cacb53541501
high,14,91,f858_historical_rng_aligned,C:\Users\Asus\PycharmProjects\UNCERTAIN_EPC_RL_V3\revision_outputs\revision_v8_historical_eval_aligned_window_ablation\rng_snapshots\high_pre_decoupled_eval_rng.pkl,14.335907082232836,0.0259438270784768,619.6563110351562,3123054.75,560.6221923828125,39598.8046875,4.522651422021328,1.5090984196552366,False,13.359569977899024,3,9b580ae0bc45724b04d128f0fdb27f4fae56dab449c836fa44f29e93046d7dfa,be7de516b96323cbcbb9766ddc8eb0f6a1e5ec02bf6a0b0cf4761dc48b6a4cd3,631cf9dc2fd297d503022cb939793429663b550dbd8ddc9e6fe1cacb53541501
high,14,92,f858_historical_rng_aligned,C:\Users\Asus\PycharmProjects\UNCERTAIN_EPC_RL_V3\revision_outputs\revision_v8_historical_eval_aligned_window_ablation\rng_snapshots\high_pre_decoupled_eval_rng.pkl,15.053344980821546,0.0256275869138459,593.956787109375,3275719.0,539.7826538085938,41486.26953125,4.673454687353666,1.541898559937922,False,13.359569977899024,3,9b580ae0bc45724b04d128f0fdb27f4fae56dab449c836fa44f29e93046d7dfa,be7de516b96323cbcbb9766ddc8eb0f6a1e5ec02bf6a0b0cf4761dc48b6a4cd3,631cf9dc2fd297d503022cb939793429663b550dbd8ddc9e6fe1cacb53541501
high,14,93,f858_historical_rng_aligned,C:\Users\Asus\PycharmProjects\UNCERTAIN_EPC_RL_V3\revision_outputs\revision_v8_historical_eval_aligned_window_ablation\rng_snapshots\high_pre_decoupled_eval_rng.pkl,15.975092390825637,0.0245873556366497,529.2495727539062,3398159.75,495.03558349609375,42972.03125,4.764226404467829,1.5611351743914947,False,13.359569977899024,3,9b580ae0bc45724b04d128f0fdb27f4fae56dab449c836fa44f29e93046d7dfa,be7de516b96323cbcbb9766ddc8eb0f6a1e5ec02bf6a0b0cf4761dc48b6a4cd3,631cf9dc2fd297d503022cb939793429663b550dbd8ddc9e6fe1cacb53541501
high,14,94,f858_historical_rng_aligned,C:\Users\Asus\PycharmProjects\UNCERTAIN_EPC_RL_V3\revision_outputs\revision_v8_historical_eval_aligned_window_ablation\rng_snapshots\high_pre_decoupled_eval_rng.pkl,15.374848901230834,0.0220584579804649,560.7220458984375,3132870.0,517.9615478515625,39678.8359375,4.482587986921938,1.5002005552887632,False,13.359569977899024,3,9b580ae0bc45724b04d128f0fdb27f4fae56dab449c836fa44f29e93046d7dfa,be7de516b96323cbcbb9766ddc8eb0f6a1e5ec02bf6a0b0cf4761dc48b6a4cd3,631cf9dc2fd297d503022cb939793429663b550dbd8ddc9e6fe1cacb53541501
high,14,95,f858_historical_rng_aligned,C:\Users\Asus\PycharmProjects\UNCERTAIN_EPC_RL_V3\revision_outputs\revision_v8_historical_eval_aligned_window_ablation\rng_snapshots\high_pre_decoupled_eval_rng.pkl,14.839286042953503,0.0228866720010598,575.0706787109375,3170585.5,530.3085327148438,40162.62890625,4.537117464146562,1.5122918906148222,False,13.359569977899024,3,9b580ae0bc45724b04d128f0fdb27f4fae56dab449c836fa44f29e93046d7dfa,be7de516b96323cbcbb9766ddc8eb0f6a1e5ec02bf6a0b0cf4761dc48b6a4cd3,631cf9dc2fd297d503022cb939793429663b550dbd8ddc9e6fe1cacb53541501
high,14,96,f858_historical_rng_aligned,C:\Users\Asus\PycharmProjects\UNCERTAIN_EPC_RL_V3\revision_outputs\revision_v8_historical_eval_aligned_window_ablation\rng_snapshots\high_pre_decoupled_eval_rng.pkl,15.08719167318695,0.0244225419603121,617.7423095703125,3373067.0,563.4714965820312,42726.80859375,4.810555039082291,1.5708124702010406,False,13.359569977899024,3,9b580ae0bc45724b04d128f0fdb27f4fae56dab449c836fa44f29e93046d7dfa,be7de516b96323cbcbb9766ddc8eb0f6a1e5ec02bf6a0b0cf4761dc48b6a4cd3,631cf9dc2fd297d503022cb939793429663b550dbd8ddc9e6fe1cacb53541501
high,14,97,f858_historical_rng_aligned,C:\Users\Asus\PycharmProjects\UNCERTAIN_EPC_RL_V3\revision_outputs\revision_v8_historical_eval_aligned_window_ablation\rng_snapshots\high_pre_decoupled_eval_rng.pkl,18.54308585726977,0.0221305101499045,629.2559814453125,3730828.25,569.7797241210938,47205.1328125,5.28206208157822,1.6643165672284783,False,13.359569977899024,3,9b580ae0bc45724b04d128f0fdb27f4fae56dab449c836fa44f29e93046d7dfa,be7de516b96323cbcbb9766ddc8eb0f6a1e5ec02bf6a0b0cf4761dc48b6a4cd3,631cf9dc2fd297d503022cb939793429663b550dbd8ddc9e6fe1cacb53541501
high,14,98,f858_historical_rng_aligned,C:\Users\Asus\PycharmProjects\UNCERTAIN_EPC_RL_V3\revision_outputs\revision_v8_historical_eval_aligned_window_ablation\rng_snapshots\high_pre_decoupled_eval_rng.pkl,15.07662379862669,0.0242004920490765,576.6480712890625,3222525.75,530.7738037109375,40812.34375,4.597325540197406,1.5254747301091152,False,13.359569977899024,3,9b580ae0bc45724b04d128f0fdb27f4fae56dab449c836fa44f29e93046d7dfa,be7de516b96323cbcbb9766ddc8eb0f6a1e5ec02bf6a0b0cf4761dc48b6a4cd3,631cf9dc2fd297d503022cb939793429663b550dbd8ddc9e6fe1cacb53541501
high,14,99,f858_historical_rng_aligned,C:\Users\Asus\PycharmProjects\UNCERTAIN_EPC_RL_V3\revision_outputs\revision_v8_historical_eval_aligned_window_ablation\rng_snapshots\high_pre_decoupled_eval_rng.pkl,15.704547771263902,0.026161117847479,605.3953247070312,3402993.25,557.4539184570312,43094.8671875,4.836346692116459,1.576159620033336,False,13.359569977899024,3,9b580ae0bc45724b04d128f0fdb27f4fae56dab449c836fa44f29e93046d7dfa,be7de516b96323cbcbb9766ddc8eb0f6a1e5ec02bf6a0b0cf4761dc48b6a4cd3,631cf9dc2fd297d503022cb939793429663b550dbd8ddc9e6fe1cacb53541501
high,21,0,f858_historical_rng_aligned,C:\Users\Asus\PycharmProjects\UNCERTAIN_EPC_RL_V3\revision_outputs\revision_v8_historical_eval_aligned_window_ablation\rng_snapshots\high_pre_decoupled_eval_rng.pkl,15.890630665104934,0.0220486117610648,588.1123657226562,3211180.75,535.6883544921875,40675.4453125,4.593943019802796,1.5247387010125368,False,13.781991713008733,3,a3e9b10ea746de2a9cbfe89c0d8127d63a54978667de8f5c198a8f28f117057b,be7de516b96323cbcbb9766ddc8eb0f6a1e5ec02bf6a0b0cf4761dc48b6a4cd3,631cf9dc2fd297d503022cb939793429663b550dbd8ddc9e6fe1cacb53541501
high,21,1,f858_historical_rng_aligned,C:\Users\Asus\PycharmProjects\UNCERTAIN_EPC_RL_V3\revision_outputs\revision_v8_historical_eval_aligned_window_ablation\rng_snapshots\high_pre_decoupled_eval_rng.pkl,14.89753309868924,0.025909460466713,601.1356201171875,3128663.0,547.24755859375,39655.53515625,4.512685017386558,1.5068923239013716,False,13.781991713008733,3,a3e9b10ea746de2a9cbfe89c0d8127d63a54978667de8f5c198a8f28f117057b,be7de516b96323cbcbb9766ddc8eb0f6a1e5ec02bf6a0b0cf4761dc48b6a4cd3,631cf9dc2fd297d503022cb939793429663b550dbd8ddc9e6fe1cacb53541501
high,21,2,f858_historical_rng_aligned,C:\Users\Asus\PycharmProjects\UNCERTAIN_EPC_RL_V3\revision_outputs\revision_v8_historical_eval_aligned_window_ablation\rng_snapshots\high_pre_decoupled_eval_rng.pkl,15.415865528671754,0.0246694774814648,592.6788940429688,3386118.5,543.385986328125,42869.8671875,4.804197257275798,1.5694899644230065,False,13.781991713008733,3,a3e9b10ea746de2a9cbfe89c0d8127d63a54978667de8f5c198a8f28f117057b,be7de516b96323cbcbb9766ddc8eb0f6a1e5ec02bf6a0b0cf4761dc48b6a4cd3,631cf9dc2fd297d503022cb939793429663b550dbd8ddc9e6fe1cacb53541501
high,21,3,f858_historical_rng_aligned,C:\Users\Asus\PycharmProjects\UNCERTAIN_EPC_RL_V3\revision_outputs\revision_v8_historical_eval_aligned_window_ablation\rng_snapshots\high_pre_decoupled_eval_rng.pkl,15.53729874150652,0.0257589630296848,596.337158203125,3220343.75,544.6441650390625,40798.94140625,4.611817107949197,1.528621945928657,False,13.781991713008733,3,a3e9b10ea746de2a9cbfe89c0d8127d63a54978667de8f5c198a8f28f117057b,be7de516b96323cbcbb9766ddc8eb0f6a1e5ec02bf6a0b0cf4761dc48b6a4cd3,631cf9dc2fd297d503022cb939793429663b550dbd8ddc9e6fe1cacb53541501
high,21,4,f858_historical_rng_aligned,C:\Users\Asus\PycharmProjects\UNCERTAIN_EPC_RL_V3\revision_outputs\revision_v8_historical_eval_aligned_window_ablation\rng_snapshots\high_pre_decoupled_eval_rng.pkl,16.317542217395864,0.0223561123110212,574.0765380859375,3606582.0,529.4949340820312,45611.76953125,5.066393053921549,1.622629135210449,False,13.781991713008733,3,a3e9b10ea746de2a9cbfe89c0d8127d63a54978667de8f5c198a8f28f117057b,be7de516b96323cbcbb9766ddc8eb0f6a1e5ec02bf6a0b0cf4761dc48b6a4cd3,631cf9dc2fd297d503022cb939793429663b550dbd8ddc9e6fe1cacb53541501
high,21,5,f858_historical_rng_aligned,C:\Users\Asus\PycharmProjects\UNCERTAIN_EPC_RL_V3\revision_outputs\revision_v8_historical_eval_aligned_window_ablation\rng_snapshots\high_pre_decoupled_eval_rng.pkl,16.995474125487558,0.0265680202516804,572.134521484375,3704487.5,531.5057373046875,46837.59765625,5.195894490584536,1.647868792710064,False,13.781991713008733,3,a3e9b10ea746de2a9cbfe89c0d8127d63a54978667de8f5c198a8f28f117057b,be7de516b96323cbcbb9766ddc8eb0f6a1e5ec02bf6a0b0cf4761dc48b6a4cd3,631cf9dc2fd297d503022cb939793429663b550dbd8ddc9e6fe1cacb53541501
high,21,6,f858_historical_rng_aligned,C:\Users\Asus\PycharmProjects\UNCERTAIN_EPC_RL_V3\revision_outputs\revision_v8_historical_eval_aligned_window_ablation\rng_snapshots\high_pre_decoupled_eval_rng.pkl,15.963118189028645,0.0237054670516876,559.5101318359375,3380647.0,520.591064453125,42778.67578125,4.769027699218122,1.562142447480835,False,13.781991713008733,3,a3e9b10ea746de2a9cbfe89c0d8127d63a54978667de8f5c198a8f28f117057b,be7de516b96323cbcbb9766ddc8eb0f6a1e5ec02bf6a0b0cf4761dc48b6a4cd3,631cf9dc2fd297d503022cb939793429663b550dbd8ddc9e6fe1cacb53541501
high,21,7,f858_historical_rng_aligned,C:\Users\Asus\PycharmProjects\UNCERTAIN_EPC_RL_V3\revision_outputs\revision_v8_historical_eval_aligned_window_ablation\rng_snapshots\high_pre_decoupled_eval_rng.pkl,16.46224441177967,0.0230884414958323,571.89404296875,3451493.0,528.5162353515625,43672.1796875,4.86647049232643,1.5823689294377803,False,13.781991713008733,3,a3e9b10ea746de2a9cbfe89c0d8127d63a54978667de8f5c198a8f28f117057b,be7de516b96323cbcbb9766ddc8eb0f6a1e5ec02bf6a0b0cf4761dc48b6a4cd3,631cf9dc2fd297d503022cb939793429663b550dbd8ddc9e6fe1cacb53541501
high,21,8,f858_historical_rng_aligned,C:\Users\Asus\PycharmProjects\UNCERTAIN_EPC_RL_V3\revision_outputs\revision_v8_historical_eval_aligned_window_ablation\rng_snapshots\high_pre_decoupled_eval_rng.pkl,16.46844633121943,0.0253548417888501,645.5423583984375,3588816.0,585.4228515625,45445.62109375,5.106805682765768,1.6305740977475252,False,13.781991713008733,3,a3e9b10ea746de2a9cbfe89c0d8127d63a54978667de8f5c198a8f28f117057b,be7de516b96323cbcbb9766ddc8eb0f6a1e5ec02bf6a0b0cf4761dc48b6a4cd3,631cf9dc2fd297d503022cb939793429663b550dbd8ddc9e6fe1cacb53541501
high,21,9,f858_historical_rng_aligned,C:\Users\Asus\PycharmProjects\UNCERTAIN_EPC_RL_V3\revision_outputs\revision_v8_historical_eval_aligned_window_ablation\rng_snapshots\high_pre_decoupled_eval_rng.pkl,15.819841287298964,0.0269762430575232,597.698486328125,3386371.5,551.42529296875,42881.0703125,4.809312904621289,1.5705542266419452,False,13.781991713008733,3,a3e9b10ea746de2a9cbfe89c0d8127d63a54978667de8f5c198a8f28f117057b,be7de516b96323cbcbb9766ddc8eb0f6a1e5ec02bf6a0b0cf4761dc48b6a4cd3,631cf9dc2fd297d503022cb939793429663b550dbd8ddc9e6fe1cacb53541501
high,21,10,f858_historical_rng_aligned,C:\Users\Asus\PycharmProjects\UNCERTAIN_EPC_RL_V3\revision_outputs\revision_v8_historical_eval_aligned_window_ablation\rng_snapshots\high_pre_decoupled_eval_rng.pkl,15.939806288192706,0.022892479790574,557.0433349609375,3405046.0,510.9807739257813,43074.0546875,4.795825973057378,1.5677459506556646,False,13.781991713008733,3,a3e9b10ea746de2a9cbfe89c0d8127d63a54978667de8f5c198a8f28f117057b,be7de516b96323cbcbb9766ddc8eb0f6a1e5ec02bf6a0b0cf4761dc48b6a4cd3,631cf9dc2fd297d503022cb939793429663b550dbd8ddc9e6fe1cacb53541501
high,21,11,f858_historical_rng_aligned,C:\Users\Asus\PycharmProjects\UNCERTAIN_EPC_RL_V3\revision_outputs\revision_v8_historical_eval_aligned_window_ablation\rng_snapshots\high_pre_decoupled_eval_rng.pkl,16.331912717155106,0.0254771152093732,562.0953979492188,3345916.0,519.9384155273438,42343.88671875,4.72920134521176,1.5537563394548397,False,13.781991713008733,3,a3e9b10ea746de2a9cbfe89c0d8127d63a54978667de8f5c198a8f28f117057b,be7de516b96323cbcbb9766ddc8eb0f6a1e5ec02bf6a0b0cf4761dc48b6a4cd3,631cf9dc2fd297d503022cb939793429663b550dbd8ddc9e6fe1cacb53541501
high,21,12,f858_historical_rng_aligned,C:\Users\Asus\PycharmProjects\UNCERTAIN_EPC_RL_V3\revision_outputs\revision_v8_historical_eval_aligned_window_ablation\rng_snapshots\high_pre_decoupled_eval_rng.pkl,17.9014880268429,0.0231212554559857,558.68359375,3618876.0,520.709228515625,45756.66015625,5.069495168506639,1.6232412403587837,False,13.781991713008733,3,a3e9b10ea746de2a9cbfe89c0d8127d63a54978667de8f5c198a8f28f117057b,be7de516b96323cbcbb9766ddc8eb0f6a1e5ec02bf6a0b0cf4761dc48b6a4cd3,631cf9dc2fd297d503022cb939793429663b550dbd8ddc9e6fe1cacb53541501
high,21,13,f858_historical_rng_aligned,C:\Users\Asus\PycharmProjects\UNCERTAIN_EPC_RL_V3\revision_outputs\revision_v8_historical_eval_aligned_window_ablation\rng_snapshots\high_pre_decoupled_eval_rng.pkl,14.290129989232916,0.0231909667031982,597.111083984375,3092125.5,540.1510009765625,39191.72265625,4.468621165974739,1.4970798970529215,False,13.781991713008733,3,a3e9b10ea746de2a9cbfe89c0d8127d63a54978667de8f5c198a8f28f117057b,be7de516b96323cbcbb9766ddc8eb0f6a1e5ec02bf6a0b0cf4761dc48b6a4cd3,631cf9dc2fd297d503022cb939793429663b550dbd8ddc9e6fe1cacb53541501
high,21,14,f858_historical_rng_aligned,C:\Users\Asus\PycharmProjects\UNCERTAIN_EPC_RL_V3\revision_outputs\revision_v8_historical_eval_aligned_window_ablation\rng_snapshots\high_pre_decoupled_eval_rng.pkl,14.575134644994124,0.0255194184090362,537.2083129882812,3083421.5,501.1298522949219,39043.8984375,4.40842162688396,1.4835167176584307,False,13.781991713008733,3,a3e9b10ea746de2a9cbfe89c0d8127d63a54978667de8f5c198a8f28f117057b,be7de516b96323cbcbb9766ddc8eb0f6a1e5ec02bf6a0b0cf4761dc48b6a4cd3,631cf9dc2fd297d503022cb939793429663b550dbd8ddc9e6fe1cacb53541501
high,21,15,f858_historical_rng_aligned,C:\Users\Asus\PycharmProjects\UNCERTAIN_EPC_RL_V3\revision_outputs\revision_v8_historical_eval_aligned_window_ablation\rng_snapshots\high_pre_decoupled_eval_rng.pkl,16.277655702035016,0.0271928359274357,625.221923828125,3485309.0,568.781005859375,44135.14453125,4.95565539873251,1.6005294292131276,False,13.781991713008733,3,a3e9b10ea746de2a9cbfe89c0d8127d63a54978667de8f5c198a8f28f117057b,be7de516b96323cbcbb9766ddc8eb0f6a1e5ec02bf6a0b0cf4761dc48b6a4cd3,631cf9dc2fd297d503022cb939793429663b550dbd8ddc9e6fe1cacb53541501
high,21,16,f858_historical_rng_aligned,C:\Users\Asus\PycharmProjects\UNCERTAIN_EPC_RL_V3\revision_outputs\revision_v8_historical_eval_aligned_window_ablation\rng_snapshots\high_pre_decoupled_eval_rng.pkl,18.561778749231404,0.0255308057482562,556.155029296875,3908183.25,519.40234375,49371.69140625,5.469179309643664,1.699128570377482,False,13.781991713008733,3,a3e9b10ea746de2a9cbfe89c0d8127d63a54978667de8f5c198a8f28f117057b,be7de516b96323cbcbb9766ddc8eb0f6a1e5ec02bf6a0b0cf4761dc48b6a4cd3,631cf9dc2fd297d503022cb939793429663b550dbd8ddc9e6fe1cacb53541501
high,21,17,f858_historical_rng_aligned,C:\Users\Asus\PycharmProjects\UNCERTAIN_EPC_RL_V3\revision_outputs\revision_v8_historical_eval_aligned_window_ablation\rng_snapshots\high_pre_decoupled_eval_rng.pkl,25.385414928001904,0.0252898206162796,563.7977294921875,4009588.0,522.148193359375,50642.0,5.626472121616343,1.7274826243598342,False,13.781991713008733,3,a3e9b10ea746de2a9cbfe89c0d8127d63a54978667de8f5c198a8f28f117057b,be7de516b96323cbcbb9766ddc8eb0f6a1e5ec02bf6a0b0cf4761dc48b6a4cd3,631cf9dc2fd297d503022cb939793429663b550dbd8ddc9e6fe1cacb53541501
high,21,18,f858_historical_rng_aligned,C:\Users\Asus\PycharmProjects\UNCERTAIN_EPC_RL_V3\revision_outputs\revision_v8_historical_eval_aligned_window_ablation\rng_snapshots\high_pre_decoupled_eval_rng.pkl,22.321577420345584,0.0228725182923598,602.6627197265625,4285406.5,552.143798828125,54119.7265625,6.10081907220494,1.8084230362972584,False,13.781991713008733,3,a3e9b10ea746de2a9cbfe89c0d8127d63a54978667de8f5c198a8f28f117057b,be7de516b96323cbcbb9766ddc8eb0f6a1e5ec02bf6a0b0cf4761dc48b6a4cd3,631cf9dc2fd297d503022cb939793429663b550dbd8ddc9e6fe1cacb53541501
high,21,19,f858_historical_rng_aligned,C:\Users\Asus\PycharmProjects\UNCERTAIN_EPC_RL_V3\revision_outputs\revision_v8_historical_eval_aligned_window_ablation\rng_snapshots\high_pre_decoupled_eval_rng.pkl,24.22394626788891,0.0229614139115153,620.092041015625,4216007.0,564.0571899414062,53264.14453125,6.001737106633056,1.792048945098048,False,13.781991713008733,3,a3e9b10ea746de2a9cbfe89c0d8127d63a54978667de8f5c198a8f28f117057b,be7de516b96323cbcbb9766ddc8eb0f6a1e5ec02bf6a0b0cf4761dc48b6a4cd3,631cf9dc2fd297d503022cb939793429663b550dbd8ddc9e6fe1cacb53541501
high,21,20,f858_historical_rng_aligned,C:\Users\Asus\PycharmProjects\UNCERTAIN_EPC_RL_V3\revision_outputs\revision_v8_historical_eval_aligned_window_ablation\rng_snapshots\high_pre_decoupled_eval_rng.pkl,15.58278032704848,0.0261854294512527,573.4029541015625,3360843.0,530.5324096679688,42541.0703125,4.757052468255165,1.5596282470834877,False,13.781991713008733,3,a3e9b10ea746de2a9cbfe89c0d8127d63a54978667de8f5c198a8f28f117057b,be7de516b96323cbcbb9766ddc8eb0f6a1e5ec02bf6a0b0cf4761dc48b6a4cd3,631cf9dc2fd297d503022cb939793429663b550dbd8ddc9e6fe1cacb53541501
high,21,21,f858_historical_rng_aligned,C:\Users\Asus\PycharmProjects\UNCERTAIN_EPC_RL_V3\revision_outputs\revision_v8_historical_eval_aligned_window_ablation\rng_snapshots\high_pre_decoupled_eval_rng.pkl,14.869554264096486,0.025622165609719,584.8082275390625,3208278.25,537.3388671875,40640.81640625,4.588147620817201,1.5234763741673796,False,13.781991713008733,3,a3e9b10ea746de2a9cbfe89c0d8127d63a54978667de8f5c198a8f28f117057b,be7de516b96323cbcbb9766ddc8eb0f6a1e5ec02bf6a0b0cf4761dc48b6a4cd3,631cf9dc2fd297d503022cb939793429663b550dbd8ddc9e6fe1cacb53541501
high,21,22,f858_historical_rng_aligned,C:\Users\Asus\PycharmProjects\UNCERTAIN_EPC_RL_V3\revision_outputs\revision_v8_historical_eval_aligned_window_ablation\rng_snapshots\high_pre_decoupled_eval_rng.pkl,15.861743788619536,0.0256501577173017,543.7325439453125,3453315.25,509.30706787109375,43675.75,4.844707690269216,1.5778869112768903,False,13.781991713008733,3,a3e9b10ea746de2a9cbfe89c0d8127d63a54978667de8f5c198a8f28f117057b,be7de516b96323cbcbb9766ddc8eb0f6a1e5ec02bf6a0b0cf4761dc48b6a4cd3,631cf9dc2fd297d503022cb939793429663b550dbd8ddc9e6fe1cacb53541501
high,21,23,f858_historical_rng_aligned,C:\Users\Asus\PycharmProjects\UNCERTAIN_EPC_RL_V3\revision_outputs\revision_v8_historical_eval_aligned_window_ablation\rng_snapshots\high_pre_decoupled_eval_rng.pkl,15.665201422505092,0.0231119658359815,589.9444580078125,3365660.75,535.434326171875,42606.19140625,4.776493923579682,1.5637067885779872,False,13.781991713008733,3,a3e9b10ea746de2a9cbfe89c0d8127d63a54978667de8f5c198a8f28f117057b,be7de516b96323cbcbb9766ddc8eb0f6a1e5ec02bf6a0b0cf4761dc48b6a4cd3,631cf9dc2fd297d503022cb939793429663b550dbd8ddc9e6fe1cacb53541501
high,21,24,f858_historical_rng_aligned,C:\Users\Asus\PycharmProjects\UNCERTAIN_EPC_RL_V3\revision_outputs\revision_v8_historical_eval_aligned_window_ablation\rng_snapshots\high_pre_decoupled_eval_rng.pkl,14.836639940048192,0.0229180584060317,559.9520263671875,2996892.25,515.6563720703125,37976.80859375,4.334673553902364,1.4666463026454868,False,13.781991713008733,3,a3e9b10ea746de2a9cbfe89c0d8127d63a54978667de8f5c198a8f28f117057b,be7de516b96323cbcbb9766ddc8eb0f6a1e5ec02bf6a0b0cf4761dc48b6a4cd3,631cf9dc2fd297d503022cb939793429663b550dbd8ddc9e6fe1cacb53541501
high,21,25,f858_historical_rng_aligned,C:\Users\Asus\PycharmProjects\UNCERTAIN_EPC_RL_V3\revision_outputs\revision_v8_historical_eval_aligned_window_ablation\rng_snapshots\high_pre_decoupled_eval_rng.pkl,16.34584687107868,0.0253381906544745,639.0651245117188,3277395.75,581.7489013671875,41549.1953125,4.715970917376346,1.5509548158572009,False,13.781991713008733,3,a3e9b10ea746de2a9cbfe89c0d8127d63a54978667de8f5c198a8f28f117057b,be7de516b96323cbcbb9766ddc8eb0f6a1e5ec02bf6a0b0cf4761dc48b6a4cd3,631cf9dc2fd297d503022cb939793429663b550dbd8ddc9e6fe1cacb53541501
high,21,26,f858_historical_rng_aligned,C:\Users\Asus\PycharmProjects\UNCERTAIN_EPC_RL_V3\revision_outputs\revision_v8_historical_eval_aligned_window_ablation\rng_snapshots\high_pre_decoupled_eval_rng.pkl,14.312750125720212,0.0225589862033925,599.670654296875,3180549.0,543.846435546875,40300.7109375,4.5692052566785,1.519339285336264,False,13.781991713008733,3,a3e9b10ea746de2a9cbfe89c0d8127d63a54978667de8f5c198a8f28f117057b,be7de516b96323cbcbb9766ddc8eb0f6a1e5ec02bf6a0b0cf4761dc48b6a4cd3,631cf9dc2fd297d503022cb939793429663b550dbd8ddc9e6fe1cacb53541501
high,21,27,f858_historical_rng_aligned,C:\Users\Asus\PycharmProjects\UNCERTAIN_EPC_RL_V3\revision_outputs\revision_v8_historical_eval_aligned_window_ablation\rng_snapshots\high_pre_decoupled_eval_rng.pkl,16.487938993319023,0.024807803222548,545.8126831054688,3262082.25,507.1223754882813,41283.1484375,4.616470936194068,1.5296305465742217,False,13.781991713008733,3,a3e9b10ea746de2a9cbfe89c0d8127d63a54978667de8f5c198a8f28f117057b,be7de516b96323cbcbb9766ddc8eb0f6a1e5ec02bf6a0b0cf4761dc48b6a4cd3,631cf9dc2fd297d503022cb939793429663b550dbd8ddc9e6fe1cacb53541501
high,21,28,f858_historical_rng_aligned,C:\Users\Asus\PycharmProjects\UNCERTAIN_EPC_RL_V3\revision_outputs\revision_v8_historical_eval_aligned_window_ablation\rng_snapshots\high_pre_decoupled_eval_rng.pkl,16.12984197723489,0.0278975571892278,558.4229736328125,3360769.75,519.22509765625,42528.84765625,4.744057078841142,1.5568926934192364,False,13.781991713008733,3,a3e9b10ea746de2a9cbfe89c0d8127d63a54978667de8f5c198a8f28f117057b,be7de516b96323cbcbb9766ddc8eb0f6a1e5ec02bf6a0b0cf4761dc48b6a4cd3,631cf9dc2fd297d503022cb939793429663b550dbd8ddc9e6fe1cacb53541501
high,21,29,f858_historical_rng_aligned,C:\Users\Asus\PycharmProjects\UNCERTAIN_EPC_RL_V3\revision_outputs\revision_v8_historical_eval_aligned_window_ablation\rng_snapshots\high_pre_decoupled_eval_rng.pkl,15.48420707041709,0.0245860305835331,549.38818359375,3429357.5,512.5513916015625,43379.51953125,4.819802964401751,1.5727330484721262,False,13.781991713008733,3,a3e9b10ea746de2a9cbfe89c0d8127d63a54978667de8f5c198a8f28f117057b,be7de516b96323cbcbb9766ddc8eb0f6a1e5ec02bf6a0b0cf4761dc48b6a4cd3,631cf9dc2fd297d503022cb939793429663b550dbd8ddc9e6fe1cacb53541501
high,21,30,f858_historical_rng_aligned,C:\Users\Asus\PycharmProjects\UNCERTAIN_EPC_RL_V3\revision_outputs\revision_v8_historical_eval_aligned_window_ablation\rng_snapshots\high_pre_decoupled_eval_rng.pkl,14.55828092423754,0.0236868161645632,546.3218994140625,3078629.0,507.864013671875,38990.7265625,4.410887447416608,1.4840759044555207,False,13.781991713008733,3,a3e9b10ea746de2a9cbfe89c0d8127d63a54978667de8f5c198a8f28f117057b,be7de516b96323cbcbb9766ddc8eb0f6a1e5ec02bf6a0b0cf4761dc48b6a4cd3,631cf9dc2fd297d503022cb939793429663b550dbd8ddc9e6fe1cacb53541501
high,21,31,f858_historical_rng_aligned,C:\Users\Asus\PycharmProjects\UNCERTAIN_EPC_RL_V3\revision_outputs\revision_v8_historical_eval_aligned_window_ablation\rng_snapshots\high_pre_decoupled_eval_rng.pkl,15.330393232729865,0.0257158978061051,575.8026733398438,3189686.5,530.764892578125,40401.84765625,4.559278226814947,1.5171643274049114,False,13.781991713008733,3,a3e9b10ea746de2a9cbfe89c0d8127d63a54978667de8f5c198a8f28f117057b,be7de516b96323cbcbb9766ddc8eb0f6a1e5ec02bf6a0b0cf4761dc48b6a4cd3,631cf9dc2fd297d503022cb939793429663b550dbd8ddc9e6fe1cacb53541501
high,21,32,f858_historical_rng_aligned,C:\Users\Asus\PycharmProjects\UNCERTAIN_EPC_RL_V3\revision_outputs\revision_v8_historical_eval_aligned_window_ablation\rng_snapshots\high_pre_decoupled_eval_rng.pkl,17.237117156315616,0.0248082174086221,605.015625,3702908.75,558.0079345703125,46844.3671875,5.222913110785704,1.6530553134332842,False,13.781991713008733,3,a3e9b10ea746de2a9cbfe89c0d8127d63a54978667de8f5c198a8f28f117057b,be7de516b96323cbcbb9766ddc8eb0f6a1e5ec02bf6a0b0cf4761dc48b6a4cd3,631cf9dc2fd297d503022cb939793429663b550dbd8ddc9e6fe1cacb53541501
high,21,33,f858_historical_rng_aligned,C:\Users\Asus\PycharmProjects\UNCERTAIN_EPC_RL_V3\revision_outputs\revision_v8_historical_eval_aligned_window_ablation\rng_snapshots\high_pre_decoupled_eval_rng.pkl,19.56288059906093,0.025520721722184,568.0670776367188,4118115.5,526.0996704101562,52002.546875,5.7980737787348415,1.7575257552779104,False,13.781991713008733,3,a3e9b10ea746de2a9cbfe89c0d8127d63a54978667de8f5c198a8f28f117057b,be7de516b96323cbcbb9766ddc8eb0f6a1e5ec02bf6a0b0cf4761dc48b6a4cd3,631cf9dc2fd297d503022cb939793429663b550dbd8ddc9e6fe1cacb53541501
high,21,34,f858_historical_rng_aligned,C:\Users\Asus\PycharmProjects\UNCERTAIN_EPC_RL_V3\revision_outputs\revision_v8_historical_eval_aligned_window_ablation\rng_snapshots\high_pre_decoupled_eval_rng.pkl,16.21019735509735,0.0289907807432696,601.862548828125,3374553.25,553.5186767578125,42735.43359375,4.798541959867233,1.5683121134089366,False,13.781991713008733,3,a3e9b10ea746de2a9cbfe89c0d8127d63a54978667de8f5c198a8f28f117057b,be7de516b96323cbcbb9766ddc8eb0f6a1e5ec02bf6a0b0cf4761dc48b6a4cd3,631cf9dc2fd297d503022cb939793429663b550dbd8ddc9e6fe1cacb53541501
high,21,35,f858_historical_rng_aligned,C:\Users\Asus\PycharmProjects\UNCERTAIN_EPC_RL_V3\revision_outputs\revision_v8_historical_eval_aligned_window_ablation\rng_snapshots\high_pre_decoupled_eval_rng.pkl,16.2025728341167,0.0249927140431036,565.3922119140625,3386218.25,523.5274658203125,42851.25390625,4.780697975985647,1.5645865559241496,False,13.781991713008733,3,a3e9b10ea746de2a9cbfe89c0d8127d63a54978667de8f5c198a8f28f117057b,be7de516b96323cbcbb9766ddc8eb0f6a1e5ec02bf6a0b0cf4761dc48b6a4cd3,631cf9dc2fd297d503022cb939793429663b550dbd8ddc9e6fe1cacb53541501
high,21,36,f858_historical_rng_aligned,C:\Users\Asus\PycharmProjects\UNCERTAIN_EPC_RL_V3\revision_outputs\revision_v8_historical_eval_aligned_window_ablation\rng_snapshots\high_pre_decoupled_eval_rng.pkl,15.163879400924223,0.0255625931734254,596.2125244140625,3432054.0,541.9659423828125,43442.640625,4.863121307007369,1.581680476002031,False,13.781991713008733,3,a3e9b10ea746de2a9cbfe89c0d8127d63a54978667de8f5c198a8f28f117057b,be7de516b96323cbcbb9766ddc8eb0f6a1e5ec02bf6a0b0cf4761dc48b6a4cd3,631cf9dc2fd297d503022cb939793429663b550dbd8ddc9e6fe1cacb53541501
high,21,37,f858_historical_rng_aligned,C:\Users\Asus\PycharmProjects\UNCERTAIN_EPC_RL_V3\revision_outputs\revision_v8_historical_eval_aligned_window_ablation\rng_snapshots\high_pre_decoupled_eval_rng.pkl,16.636576497220375,0.024322254167038,557.8314819335938,3597994.5,514.4395141601562,45489.37109375,5.040740872284985,1.617553069749304,False,13.781991713008733,3,a3e9b10ea746de2a9cbfe89c0d8127d63a54978667de8f5c198a8f28f117057b,be7de516b96323cbcbb9766ddc8eb0f6a1e5ec02bf6a0b0cf4761dc48b6a4cd3,631cf9dc2fd297d503022cb939793429663b550dbd8ddc9e6fe1cacb53541501
high,21,38,f858_historical_rng_aligned,C:\Users\Asus\PycharmProjects\UNCERTAIN_EPC_RL_V3\revision_outputs\revision_v8_historical_eval_aligned_window_ablation\rng_snapshots\high_pre_decoupled_eval_rng.pkl,16.573821748553385,0.0233693096206888,580.9540405273438,3584510.5,537.53466796875,45343.91796875,5.043828039213985,1.6181653253752073,False,13.781991713008733,3,a3e9b10ea746de2a9cbfe89c0d8127d63a54978667de8f5c198a8f28f117057b,be7de516b96323cbcbb9766ddc8eb0f6a1e5ec02bf6a0b0cf4761dc48b6a4cd3,631cf9dc2fd297d503022cb939793429663b550dbd8ddc9e6fe1cacb53541501
high,21,39,f858_historical_rng_aligned,C:\Users\Asus\PycharmProjects\UNCERTAIN_EPC_RL_V3\revision_outputs\revision_v8_historical_eval_aligned_window_ablation\rng_snapshots\high_pre_decoupled_eval_rng.pkl,15.793292095485352,0.0242754130235141,638.6446533203125,3500320.75,580.6107177734375,44334.6171875,4.986797798375578,1.6067939799981663,False,13.781991713008733,3,a3e9b10ea746de2a9cbfe89c0d8127d63a54978667de8f5c198a8f28f117057b,be7de516b96323cbcbb9766ddc8eb0f6a1e5ec02bf6a0b0cf4761dc48b6a4cd3,631cf9dc2fd297d503022cb939793429663b550dbd8ddc9e6fe1cacb53541501
high,21,40,f858_historical_rng_aligned,C:\Users\Asus\PycharmProjects\UNCERTAIN_EPC_RL_V3\revision_outputs\revision_v8_historical_eval_aligned_window_ablation\rng_snapshots\high_pre_decoupled_eval_rng.pkl,14.77060035592534,0.027482911239924,651.9904174804688,3187935.5,587.29736328125,40436.4921875,4.624204325740418,1.5313043184864623,False,13.781991713008733,3,a3e9b10ea746de2a9cbfe89c0d8127d63a54978667de8f5c198a8f28f117057b,be7de516b96323cbcbb9766ddc8eb0f6a1e5ec02bf6a0b0cf4761dc48b6a4cd3,631cf9dc2fd297d503022cb939793429663b550dbd8ddc9e6fe1cacb53541501
high,21,41,f858_historical_rng_aligned,C:\Users\Asus\PycharmProjects\UNCERTAIN_EPC_RL_V3\revision_outputs\revision_v8_historical_eval_aligned_window_ablation\rng_snapshots\high_pre_decoupled_eval_rng.pkl,15.206340858675604,0.0275218733858891,558.5860595703125,3380050.5,517.7185668945312,42768.3515625,4.767301420206916,1.561780404810444,False,13.781991713008733,3,a3e9b10ea746de2a9cbfe89c0d8127d63a54978667de8f5c198a8f28f117057b,be7de516b96323cbcbb9766ddc8eb0f6a1e5ec02bf6a0b0cf4761dc48b6a4cd3,631cf9dc2fd297d503022cb939793429663b550dbd8ddc9e6fe1cacb53541501
high,21,42,f858_historical_rng_aligned,C:\Users\Asus\PycharmProjects\UNCERTAIN_EPC_RL_V3\revision_outputs\revision_v8_historical_eval_aligned_window_ablation\rng_snapshots\high_pre_decoupled_eval_rng.pkl,15.323530103711642,0.02278634519518,546.4771728515625,3022619.0,507.3368225097656,38290.07421875,4.3506964376301305,1.4703359328904864,False,13.781991713008733,3,a3e9b10ea746de2a9cbfe89c0d8127d63a54978667de8f5c198a8f28f117057b,be7de516b96323cbcbb9766ddc8eb0f6a1e5ec02bf6a0b0cf4761dc48b6a4cd3,631cf9dc2fd297d503022cb939793429663b550dbd8ddc9e6fe1cacb53541501
high,21,43,f858_historical_rng_aligned,C:\Users\Asus\PycharmProjects\UNCERTAIN_EPC_RL_V3\revision_outputs\revision_v8_historical_eval_aligned_window_ablation\rng_snapshots\high_pre_decoupled_eval_rng.pkl,15.707310121530456,0.0219902633008023,584.038330078125,3287495.0,537.215087890625,41630.90234375,4.679056671313498,1.543096523653753,False,13.781991713008733,3,a3e9b10ea746de2a9cbfe89c0d8127d63a54978667de8f5c198a8f28f117057b,be7de516b96323cbcbb9766ddc8eb0f6a1e5ec02bf6a0b0cf4761dc48b6a4cd3,631cf9dc2fd297d503022cb939793429663b550dbd8ddc9e6fe1cacb53541501
high,21,44,f858_historical_rng_aligned,C:\Users\Asus\PycharmProjects\UNCERTAIN_EPC_RL_V3\revision_outputs\revision_v8_historical_eval_aligned_window_ablation\rng_snapshots\high_pre_decoupled_eval_rng.pkl,16.912183964389985,0.0245647096597169,555.761474609375,3518218.0,514.3211059570312,44492.046875,4.936196018556183,1.5965949978397438,False,13.781991713008733,3,a3e9b10ea746de2a9cbfe89c0d8127d63a54978667de8f5c198a8f28f117057b,be7de516b96323cbcbb9766ddc8eb0f6a1e5ec02bf6a0b0cf4761dc48b6a4cd3,631cf9dc2fd297d503022cb939793429663b550dbd8ddc9e6fe1cacb53541501
high,21,45,f858_historical_rng_aligned,C:\Users\Asus\PycharmProjects\UNCERTAIN_EPC_RL_V3\revision_outputs\revision_v8_historical_eval_aligned_window_ablation\rng_snapshots\high_pre_decoupled_eval_rng.pkl,16.696450425312,0.0231467107514385,585.8031005859375,3697216.5,538.5672607421875,46753.7734375,5.197652413146128,1.6482070646387208,False,13.781991713008733,3,a3e9b10ea746de2a9cbfe89c0d8127d63a54978667de8f5c198a8f28f117057b,be7de516b96323cbcbb9766ddc8eb0f6a1e5ec02bf6a0b0cf4761dc48b6a4cd3,631cf9dc2fd297d503022cb939793429663b550dbd8ddc9e6fe1cacb53541501
high,21,46,f858_historical_rng_aligned,C:\Users\Asus\PycharmProjects\UNCERTAIN_EPC_RL_V3\revision_outputs\revision_v8_historical_eval_aligned_window_ablation\rng_snapshots\high_pre_decoupled_eval_rng.pkl,16.176146756705403,0.0234965937786019,618.4061279296875,3608857.5,563.5462646484375,45674.265625,5.108552381776829,1.6309160728436594,False,13.781991713008733,3,a3e9b10ea746de2a9cbfe89c0d8127d63a54978667de8f5c198a8f28f117057b,be7de516b96323cbcbb9766ddc8eb0f6a1e5ec02bf6a0b0cf4761dc48b6a4cd3,631cf9dc2fd297d503022cb939793429663b550dbd8ddc9e6fe1cacb53541501
high,21,47,f858_historical_rng_aligned,C:\Users\Asus\PycharmProjects\UNCERTAIN_EPC_RL_V3\revision_outputs\revision_v8_historical_eval_aligned_window_ablation\rng_snapshots\high_pre_decoupled_eval_rng.pkl,16.05331534201445,0.0233206601118071,553.169189453125,3493573.25,514.7938842773438,44184.45703125,4.90300876188057,1.589849049712282,False,13.781991713008733,3,a3e9b10ea746de2a9cbfe89c0d8127d63a54978667de8f5c198a8f28f117057b,be7de516b96323cbcbb9766ddc8eb0f6a1e5ec02bf6a0b0cf4761dc48b6a4cd3,631cf9dc2fd297d503022cb939793429663b550dbd8ddc9e6fe1cacb53541501
high,21,48,f858_historical_rng_aligned,C:\Users\Asus\PycharmProjects\UNCERTAIN_EPC_RL_V3\revision_outputs\revision_v8_historical_eval_aligned_window_ablation\rng_snapshots\high_pre_decoupled_eval_rng.pkl,18.19381722871336,0.0253194444109297,592.2593994140625,3597852.5,544.482421875,45517.640625,5.071007870857264,1.6235395889428674,False,13.781991713008733,3,a3e9b10ea746de2a9cbfe89c0d8127d63a54978667de8f5c198a8f28f117057b,be7de516b96323cbcbb9766ddc8eb0f6a1e5ec02bf6a0b0cf4761dc48b6a4cd3,631cf9dc2fd297d503022cb939793429663b550dbd8ddc9e6fe1cacb53541501
high,21,49,f858_historical_rng_aligned,C:\Users\Asus\PycharmProjects\UNCERTAIN_EPC_RL_V3\revision_outputs\revision_v8_historical_eval_aligned_window_ablation\rng_snapshots\high_pre_decoupled_eval_rng.pkl,16.98326932249867,0.0260899296258029,575.5228271484375,3359924.75,535.3402709960938,42534.3984375,4.75809136202788,1.5598466134677216,False,13.781991713008733,3,a3e9b10ea746de2a9cbfe89c0d8127d63a54978667de8f5c198a8f28f117057b,be7de516b96323cbcbb9766ddc8eb0f6a1e5ec02bf6a0b0cf4761dc48b6a4cd3,631cf9dc2fd297d503022cb939793429663b550dbd8ddc9e6fe1cacb53541501
high,21,50,f858_historical_rng_aligned,C:\Users\Asus\PycharmProjects\UNCERTAIN_EPC_RL_V3\revision_outputs\revision_v8_historical_eval_aligned_window_ablation\rng_snapshots\high_pre_decoupled_eval_rng.pkl,15.98722204516106,0.0243524952182965,584.824951171875,3348469.0,540.3567504882812,42396.21875,4.752223886956557,1.558612695209037,False,13.781991713008733,3,a3e9b10ea746de2a9cbfe89c0d8127d63a54978667de8f5c198a8f28f117057b,be7de516b96323cbcbb9766ddc8eb0f6a1e5ec02bf6a0b0cf4761dc48b6a4cd3,631cf9dc2fd297d503022cb939793429663b550dbd8ddc9e6fe1cacb53541501
high,21,51,f858_historical_rng_aligned,C:\Users\Asus\PycharmProjects\UNCERTAIN_EPC_RL_V3\revision_outputs\revision_v8_historical_eval_aligned_window_ablation\rng_snapshots\high_pre_decoupled_eval_rng.pkl,14.96680004199399,0.0232876606304074,572.477294921875,3193167.25,525.48046875,40440.0703125,4.5601038501936895,1.5173453974322502,False,13.781991713008733,3,a3e9b10ea746de2a9cbfe89c0d8127d63a54978667de8f5c198a8f28f117057b,be7de516b96323cbcbb9766ddc8eb0f6a1e5ec02bf6a0b0cf4761dc48b6a4cd3,631cf9dc2fd297d503022cb939793429663b550dbd8ddc9e6fe1cacb53541501
high,21,52,f858_historical_rng_aligned,C:\Users\Asus\PycharmProjects\UNCERTAIN_EPC_RL_V3\revision_outputs\revision_v8_historical_eval_aligned_window_ablation\rng_snapshots\high_pre_decoupled_eval_rng.pkl,15.490283400468146,0.0236642507677338,556.7227783203125,3259041.0,510.4206848144531,41248.43359375,4.621786676465461,1.5307813568419009,False,13.781991713008733,3,a3e9b10ea746de2a9cbfe89c0d8127d63a54978667de8f5c198a8f28f117057b,be7de516b96323cbcbb9766ddc8eb0f6a1e5ec02bf6a0b0cf4761dc48b6a4cd3,631cf9dc2fd297d503022cb939793429663b550dbd8ddc9e6fe1cacb53541501
high,21,53,f858_historical_rng_aligned,C:\Users\Asus\PycharmProjects\UNCERTAIN_EPC_RL_V3\revision_outputs\revision_v8_historical_eval_aligned_window_ablation\rng_snapshots\high_pre_decoupled_eval_rng.pkl,21.571160764306903,0.0249345442630773,555.8231811523438,3970126.5,516.6447143554688,50143.2265625,5.560147080767497,1.7156245612880558,False,13.781991713008733,3,a3e9b10ea746de2a9cbfe89c0d8127d63a54978667de8f5c198a8f28f117057b,be7de516b96323cbcbb9766ddc8eb0f6a1e5ec02bf6a0b0cf4761dc48b6a4cd3,631cf9dc2fd297d503022cb939793429663b550dbd8ddc9e6fe1cacb53541501
high,21,54,f858_historical_rng_aligned,C:\Users\Asus\PycharmProjects\UNCERTAIN_EPC_RL_V3\revision_outputs\revision_v8_historical_eval_aligned_window_ablation\rng_snapshots\high_pre_decoupled_eval_rng.pkl,17.091573232706303,0.0235707440356982,587.2354125976562,3469837.5,539.8765258789062,43912.84375,4.902669366601398,1.5897798254781474,False,13.781991713008733,3,a3e9b10ea746de2a9cbfe89c0d8127d63a54978667de8f5c198a8f28f117057b,be7de516b96323cbcbb9766ddc8eb0f6a1e5ec02bf6a0b0cf4761dc48b6a4cd3,631cf9dc2fd297d503022cb939793429663b550dbd8ddc9e6fe1cacb53541501
high,21,55,f858_historical_rng_aligned,C:\Users\Asus\PycharmProjects\UNCERTAIN_EPC_RL_V3\revision_outputs\revision_v8_historical_eval_aligned_window_ablation\rng_snapshots\high_pre_decoupled_eval_rng.pkl,16.317344672593418,0.0254660548840486,605.4889526367188,3527273.5,558.3255615234375,44649.2421875,4.99179232224151,1.6077950280866524,False,13.781991713008733,3,a3e9b10ea746de2a9cbfe89c0d8127d63a54978667de8f5c198a8f28f117057b,be7de516b96323cbcbb9766ddc8eb0f6a1e5ec02bf6a0b0cf4761dc48b6a4cd3,631cf9dc2fd297d503022cb939793429663b550dbd8ddc9e6fe1cacb53541501
high,21,56,f858_historical_rng_aligned,C:\Users\Asus\PycharmProjects\UNCERTAIN_EPC_RL_V3\revision_outputs\revision_v8_historical_eval_aligned_window_ablation\rng_snapshots\high_pre_decoupled_eval_rng.pkl,15.836915239671455,0.0233354054255956,553.713623046875,3462960.25,513.4725341796875,43800.4765625,4.86492466070293,1.5820512295371612,False,13.781991713008733,3,a3e9b10ea746de2a9cbfe89c0d8127d63a54978667de8f5c198a8f28f117057b,be7de516b96323cbcbb9766ddc8eb0f6a1e5ec02bf6a0b0cf4761dc48b6a4cd3,631cf9dc2fd297d503022cb939793429663b550dbd8ddc9e6fe1cacb53541501
high,21,57,f858_historical_rng_aligned,C:\Users\Asus\PycharmProjects\UNCERTAIN_EPC_RL_V3\revision_outputs\revision_v8_historical_eval_aligned_window_ablation\rng_snapshots\high_pre_decoupled_eval_rng.pkl,14.87852658361082,0.0261007847104907,552.3765869140625,3098449.5,509.4451599121094,39240.0625,4.43737535769685,1.490063066000704,False,13.781991713008733,3,a3e9b10ea746de2a9cbfe89c0d8127d63a54978667de8f5c198a8f28f117057b,be7de516b96323cbcbb9766ddc8eb0f6a1e5ec02bf6a0b0cf4761dc48b6a4cd3,631cf9dc2fd297d503022cb939793429663b550dbd8ddc9e6fe1cacb53541501
high,21,58,f858_historical_rng_aligned,C:\Users\Asus\PycharmProjects\UNCERTAIN_EPC_RL_V3\revision_outputs\revision_v8_historical_eval_aligned_window_ablation\rng_snapshots\high_pre_decoupled_eval_rng.pkl,18.42358972198314,0.0259947216997591,532.685791015625,3591418.0,499.6483154296875,45392.375,5.01099415837167,1.6116343302159162,False,13.781991713008733,3,a3e9b10ea746de2a9cbfe89c0d8127d63a54978667de8f5c198a8f28f117057b,be7de516b96323cbcbb9766ddc8eb0f6a1e5ec02bf6a0b0cf4761dc48b6a4cd3,631cf9dc2fd297d503022cb939793429663b550dbd8ddc9e6fe1cacb53541501
high,21,59,f858_historical_rng_aligned,C:\Users\Asus\PycharmProjects\UNCERTAIN_EPC_RL_V3\revision_outputs\revision_v8_historical_eval_aligned_window_ablation\rng_snapshots\high_pre_decoupled_eval_rng.pkl,14.919385131668498,0.0219913667119852,542.4672241210938,3250818.5,504.1778259277344,41139.41015625,4.600548630647456,1.5261755639152983,False,13.781991713008733,3,a3e9b10ea746de2a9cbfe89c0d8127d63a54978667de8f5c198a8f28f117057b,be7de516b96323cbcbb9766ddc8eb0f6a1e5ec02bf6a0b0cf4761dc48b6a4cd3,631cf9dc2fd297d503022cb939793429663b550dbd8ddc9e6fe1cacb53541501
high,21,60,f858_historical_rng_aligned,C:\Users\Asus\PycharmProjects\UNCERTAIN_EPC_RL_V3\revision_outputs\revision_v8_historical_eval_aligned_window_ablation\rng_snapshots\high_pre_decoupled_eval_rng.pkl,16.262143131992122,0.02669005541873,572.095458984375,3235178.0,530.7567138671875,40970.484375,4.608232318919185,1.5278443385548397,False,13.781991713008733,3,a3e9b10ea746de2a9cbfe89c0d8127d63a54978667de8f5c198a8f28f117057b,be7de516b96323cbcbb9766ddc8eb0f6a1e5ec02bf6a0b0cf4761dc48b6a4cd3,631cf9dc2fd297d503022cb939793429663b550dbd8ddc9e6fe1cacb53541501
high,21,61,f858_historical_rng_aligned,C:\Users\Asus\PycharmProjects\UNCERTAIN_EPC_RL_V3\revision_outputs\revision_v8_historical_eval_aligned_window_ablation\rng_snapshots\high_pre_decoupled_eval_rng.pkl,14.80584727635983,0.0240387314841171,591.936767578125,3221012.0,541.6026000976562,40804.25,4.60877474347302,1.5279620393552813,False,13.781991713008733,3,a3e9b10ea746de2a9cbfe89c0d8127d63a54978667de8f5c198a8f28f117057b,be7de516b96323cbcbb9766ddc8eb0f6a1e5ec02bf6a0b0cf4761dc48b6a4cd3,631cf9dc2fd297d503022cb939793429663b550dbd8ddc9e6fe1cacb53541501
high,21,62,f858_historical_rng_aligned,C:\Users\Asus\PycharmProjects\UNCERTAIN_EPC_RL_V3\revision_outputs\revision_v8_historical_eval_aligned_window_ablation\rng_snapshots\high_pre_decoupled_eval_rng.pkl,16.20261458568118,0.0255086719539769,556.4898681640625,3420996.5,519.7470092773438,43282.203125,4.815787501821092,1.571899583657036,False,13.781991713008733,3,a3e9b10ea746de2a9cbfe89c0d8127d63a54978667de8f5c198a8f28f117057b,be7de516b96323cbcbb9766ddc8eb0f6a1e5ec02bf6a0b0cf4761dc48b6a4cd3,631cf9dc2fd297d503022cb939793429663b550dbd8ddc9e6fe1cacb53541501
high,21,63,f858_historical_rng_aligned,C:\Users\Asus\PycharmProjects\UNCERTAIN_EPC_RL_V3\revision_outputs\revision_v8_historical_eval_aligned_window_ablation\rng_snapshots\high_pre_decoupled_eval_rng.pkl,16.24650784850955,0.0267989601322585,588.8358154296875,3502885.75,534.9966430664062,44321.06640625,4.9450359445903365,1.5983842339239571,False,13.781991713008733,3,a3e9b10ea746de2a9cbfe89c0d8127d63a54978667de8f5c198a8f28f117057b,be7de516b96323cbcbb9766ddc8eb0f6a1e5ec02bf6a0b0cf4761dc48b6a4cd3,631cf9dc2fd297d503022cb939793429663b550dbd8ddc9e6fe1cacb53541501
high,21,64,f858_historical_rng_aligned,C:\Users\Asus\PycharmProjects\UNCERTAIN_EPC_RL_V3\revision_outputs\revision_v8_historical_eval_aligned_window_ablation\rng_snapshots\high_pre_decoupled_eval_rng.pkl,15.392175159579434,0.0232233820848547,608.2626953125,3436640.0,556.9531860351562,43514.953125,4.879975251364552,1.585140148410506,False,13.781991713008733,3,a3e9b10ea746de2a9cbfe89c0d8127d63a54978667de8f5c198a8f28f117057b,be7de516b96323cbcbb9766ddc8eb0f6a1e5ec02bf6a0b0cf4761dc48b6a4cd3,631cf9dc2fd297d503022cb939793429663b550dbd8ddc9e6fe1cacb53541501
high,21,65,f858_historical_rng_aligned,C:\Users\Asus\PycharmProjects\UNCERTAIN_EPC_RL_V3\revision_outputs\revision_v8_historical_eval_aligned_window_ablation\rng_snapshots\high_pre_decoupled_eval_rng.pkl,14.820972869977934,0.0262407173904652,637.3994140625,3245877.5,573.35205078125,41146.8203125,4.677180935157402,1.5426955641526972,False,13.781991713008733,3,a3e9b10ea746de2a9cbfe89c0d8127d63a54978667de8f5c198a8f28f117057b,be7de516b96323cbcbb9766ddc8eb0f6a1e5ec02bf6a0b0cf4761dc48b6a4cd3,631cf9dc2fd297d503022cb939793429663b550dbd8ddc9e6fe1cacb53541501
high,21,66,f858_historical_rng_aligned,C:\Users\Asus\PycharmProjects\UNCERTAIN_EPC_RL_V3\revision_outputs\revision_v8_historical_eval_aligned_window_ablation\rng_snapshots\high_pre_decoupled_eval_rng.pkl,14.709923968332989,0.0238837099516758,544.8380737304688,3220093.25,505.2820739746094,40756.4453125,4.567185064746804,1.5188970555510757,False,13.781991713008733,3,a3e9b10ea746de2a9cbfe89c0d8127d63a54978667de8f5c198a8f28f117057b,be7de516b96323cbcbb9766ddc8eb0f6a1e5ec02bf6a0b0cf4761dc48b6a4cd3,631cf9dc2fd297d503022cb939793429663b550dbd8ddc9e6fe1cacb53541501
high,21,67,f858_historical_rng_aligned,C:\Users\Asus\PycharmProjects\UNCERTAIN_EPC_RL_V3\revision_outputs\revision_v8_historical_eval_aligned_window_ablation\rng_snapshots\high_pre_decoupled_eval_rng.pkl,14.987498629671784,0.0284023126269844,592.887451171875,3068314.25,542.286865234375,38896.21484375,4.4395010149074485,1.4905419860987212,False,13.781991713008733,3,a3e9b10ea746de2a9cbfe89c0d8127d63a54978667de8f5c198a8f28f117057b,be7de516b96323cbcbb9766ddc8eb0f6a1e5ec02bf6a0b0cf4761dc48b6a4cd3,631cf9dc2fd297d503022cb939793429663b550dbd8ddc9e6fe1cacb53541501
high,21,68,f858_historical_rng_aligned,C:\Users\Asus\PycharmProjects\UNCERTAIN_EPC_RL_V3\revision_outputs\revision_v8_historical_eval_aligned_window_ablation\rng_snapshots\high_pre_decoupled_eval_rng.pkl,16.74189035846459,0.0241295239282537,569.5195922851562,3396737.5,521.5947265625,42980.8125,4.796557881667719,1.567898552683033,False,13.781991713008733,3,a3e9b10ea746de2a9cbfe89c0d8127d63a54978667de8f5c198a8f28f117057b,be7de516b96323cbcbb9766ddc8eb0f6a1e5ec02bf6a0b0cf4761dc48b6a4cd3,631cf9dc2fd297d503022cb939793429663b550dbd8ddc9e6fe1cacb53541501
high,21,69,f858_historical_rng_aligned,C:\Users\Asus\PycharmProjects\UNCERTAIN_EPC_RL_V3\revision_outputs\revision_v8_historical_eval_aligned_window_ablation\rng_snapshots\high_pre_decoupled_eval_rng.pkl,17.21334924868713,0.0230160806592456,580.26513671875,3477080.5,529.5599365234375,43993.06640625,4.905150046969416,1.5902856831650225,False,13.781991713008733,3,a3e9b10ea746de2a9cbfe89c0d8127d63a54978667de8f5c198a8f28f117057b,be7de516b96323cbcbb9766ddc8eb0f6a1e5ec02bf6a0b0cf4761dc48b6a4cd3,631cf9dc2fd297d503022cb939793429663b550dbd8ddc9e6fe1cacb53541501
high,21,70,f858_historical_rng_aligned,C:\Users\Asus\PycharmProjects\UNCERTAIN_EPC_RL_V3\revision_outputs\revision_v8_historical_eval_aligned_window_ablation\rng_snapshots\high_pre_decoupled_eval_rng.pkl,14.704249339862075,0.0225774378120354,531.9539794921875,3216182.5,495.9313354492188,40698.2109375,4.551857221184341,1.515535330159944,False,13.781991713008733,3,a3e9b10ea746de2a9cbfe89c0d8127d63a54978667de8f5c198a8f28f117057b,be7de516b96323cbcbb9766ddc8eb0f6a1e5ec02bf6a0b0cf4761dc48b6a4cd3,631cf9dc2fd297d503022cb939793429663b550dbd8ddc9e6fe1cacb53541501
high,21,71,f858_historical_rng_aligned,C:\Users\Asus\PycharmProjects\UNCERTAIN_EPC_RL_V3\revision_outputs\revision_v8_historical_eval_aligned_window_ablation\rng_snapshots\high_pre_decoupled_eval_rng.pkl,16.279601967979698,0.0230389234868222,618.4473266601562,3592213.0,558.6734619140625,45461.3359375,5.086247958009661,1.6265404188610175,False,13.781991713008733,3,a3e9b10ea746de2a9cbfe89c0d8127d63a54978667de8f5c198a8f28f117057b,be7de516b96323cbcbb9766ddc8eb0f6a1e5ec02bf6a0b0cf4761dc48b6a4cd3,631cf9dc2fd297d503022cb939793429663b550dbd8ddc9e6fe1cacb53541501
high,21,72,f858_historical_rng_aligned,C:\Users\Asus\PycharmProjects\UNCERTAIN_EPC_RL_V3\revision_outputs\revision_v8_historical_eval_aligned_window_ablation\rng_snapshots\high_pre_decoupled_eval_rng.pkl,14.727806082349652,0.0216609201213394,565.0524291992188,3160171.5,520.1744384765625,40022.3203125,4.516605220384658,1.5077606542221802,False,13.781991713008733,3,a3e9b10ea746de2a9cbfe89c0d8127d63a54978667de8f5c198a8f28f117057b,be7de516b96323cbcbb9766ddc8eb0f6a1e5ec02bf6a0b0cf4761dc48b6a4cd3,631cf9dc2fd297d503022cb939793429663b550dbd8ddc9e6fe1cacb53541501
high,21,73,f858_historical_rng_aligned,C:\Users\Asus\PycharmProjects\UNCERTAIN_EPC_RL_V3\revision_outputs\revision_v8_historical_eval_aligned_window_ablation\rng_snapshots\high_pre_decoupled_eval_rng.pkl,15.38012852701961,0.0249608976322457,591.3218994140625,3278276.0,543.21484375,41521.6640625,4.674650048881513,1.542154304084589,False,13.781991713008733,3,a3e9b10ea746de2a9cbfe89c0d8127d63a54978667de8f5c198a8f28f117057b,be7de516b96323cbcbb9766ddc8eb0f6a1e5ec02bf6a0b0cf4761dc48b6a4cd3,631cf9dc2fd297d503022cb939793429663b550dbd8ddc9e6fe1cacb53541501
high,21,74,f858_historical_rng_aligned,C:\Users\Asus\PycharmProjects\UNCERTAIN_EPC_RL_V3\revision_outputs\revision_v8_historical_eval_aligned_window_ablation\rng_snapshots\high_pre_decoupled_eval_rng.pkl,15.386035079975024,0.0237640083691443,632.082275390625,3367185.0,568.9046630859375,42658.71875,4.815677202104016,1.5718766796189751,False,13.781991713008733,3,a3e9b10ea746de2a9cbfe89c0d8127d63a54978667de8f5c198a8f28f117057b,be7de516b96323cbcbb9766ddc8eb0f6a1e5ec02bf6a0b0cf4761dc48b6a4cd3,631cf9dc2fd297d503022cb939793429663b550dbd8ddc9e6fe1cacb53541501
high,21,75,f858_historical_rng_aligned,C:\Users\Asus\PycharmProjects\UNCERTAIN_EPC_RL_V3\revision_outputs\revision_v8_historical_eval_aligned_window_ablation\rng_snapshots\high_pre_decoupled_eval_rng.pkl,15.573245725173544,0.0265914576058659,577.617431640625,3136773.0,529.862548828125,39739.52734375,4.501329761721271,1.5043728557287055,False,13.781991713008733,3,a3e9b10ea746de2a9cbfe89c0d8127d63a54978667de8f5c198a8f28f117057b,be7de516b96323cbcbb9766ddc8eb0f6a1e5ec02bf6a0b0cf4761dc48b6a4cd3,631cf9dc2fd297d503022cb939793429663b550dbd8ddc9e6fe1cacb53541501
high,21,76,f858_historical_rng_aligned,C:\Users\Asus\PycharmProjects\UNCERTAIN_EPC_RL_V3\revision_outputs\revision_v8_historical_eval_aligned_window_ablation\rng_snapshots\high_pre_decoupled_eval_rng.pkl,15.298684032167849,0.02459478087336,544.811279296875,3257849.25,505.2985229492188,41228.4140625,4.6106132503050485,1.5283608742579105,False,13.781991713008733,3,a3e9b10ea746de2a9cbfe89c0d8127d63a54978667de8f5c198a8f28f117057b,be7de516b96323cbcbb9766ddc8eb0f6a1e5ec02bf6a0b0cf4761dc48b6a4cd3,631cf9dc2fd297d503022cb939793429663b550dbd8ddc9e6fe1cacb53541501
high,21,77,f858_historical_rng_aligned,C:\Users\Asus\PycharmProjects\UNCERTAIN_EPC_RL_V3\revision_outputs\revision_v8_historical_eval_aligned_window_ablation\rng_snapshots\high_pre_decoupled_eval_rng.pkl,14.480935455053254,0.0247565632560682,558.955078125,3078670.25,513.286376953125,38996.6640625,4.421296272988042,1.4864329275247503,False,13.781991713008733,3,a3e9b10ea746de2a9cbfe89c0d8127d63a54978667de8f5c198a8f28f117057b,be7de516b96323cbcbb9766ddc8eb0f6a1e5ec02bf6a0b0cf4761dc48b6a4cd3,631cf9dc2fd297d503022cb939793429663b550dbd8ddc9e6fe1cacb53541501
high,21,78,f858_historical_rng_aligned,C:\Users\Asus\PycharmProjects\UNCERTAIN_EPC_RL_V3\revision_outputs\revision_v8_historical_eval_aligned_window_ablation\rng_snapshots\high_pre_decoupled_eval_rng.pkl,17.627331388817133,0.0254017907353081,570.901611328125,3577294.0,526.694091796875,45242.87109375,5.025333157318551,1.614491751711285,False,13.781991713008733,3,a3e9b10ea746de2a9cbfe89c0d8127d63a54978667de8f5c198a8f28f117057b,be7de516b96323cbcbb9766ddc8eb0f6a1e5ec02bf6a0b0cf4761dc48b6a4cd3,631cf9dc2fd297d503022cb939793429663b550dbd8ddc9e6fe1cacb53541501
high,21,79,f858_historical_rng_aligned,C:\Users\Asus\PycharmProjects\UNCERTAIN_EPC_RL_V3\revision_outputs\revision_v8_historical_eval_aligned_window_ablation\rng_snapshots\high_pre_decoupled_eval_rng.pkl,16.93903526562598,0.0269840021966274,616.8971557617188,3547343.5,563.6500244140625,44905.44140625,5.027306789333258,1.6148844111620435,False,13.781991713008733,3,a3e9b10ea746de2a9cbfe89c0d8127d63a54978667de8f5c198a8f28f117057b,be7de516b96323cbcbb9766ddc8eb0f6a1e5ec02bf6a0b0cf4761dc48b6a4cd3,631cf9dc2fd297d503022cb939793429663b550dbd8ddc9e6fe1cacb53541501
high,21,80,f858_historical_rng_aligned,C:\Users\Asus\PycharmProjects\UNCERTAIN_EPC_RL_V3\revision_outputs\revision_v8_historical_eval_aligned_window_ablation\rng_snapshots\high_pre_decoupled_eval_rng.pkl,17.306615423513502,0.0241751201277523,579.5128784179688,3493518.5,537.23779296875,44206.21875,4.925994922043571,1.594526268849981,False,13.781991713008733,3,a3e9b10ea746de2a9cbfe89c0d8127d63a54978667de8f5c198a8f28f117057b,be7de516b96323cbcbb9766ddc8eb0f6a1e5ec02bf6a0b0cf4761dc48b6a4cd3,631cf9dc2fd297d503022cb939793429663b550dbd8ddc9e6fe1cacb53541501
high,21,81,f858_historical_rng_aligned,C:\Users\Asus\PycharmProjects\UNCERTAIN_EPC_RL_V3\revision_outputs\revision_v8_historical_eval_aligned_window_ablation\rng_snapshots\high_pre_decoupled_eval_rng.pkl,17.77702390783893,0.0246914633895024,547.4620361328125,3496032.25,511.0723876953125,44211.4765625,4.901271454094925,1.589494651884893,False,13.781991713008733,3,a3e9b10ea746de2a9cbfe89c0d8127d63a54978667de8f5c198a8f28f117057b,be7de516b96323cbcbb9766ddc8eb0f6a1e5ec02bf6a0b0cf4761dc48b6a4cd3,631cf9dc2fd297d503022cb939793429663b550dbd8ddc9e6fe1cacb53541501
high,21,82,f858_historical_rng_aligned,C:\Users\Asus\PycharmProjects\UNCERTAIN_EPC_RL_V3\revision_outputs\revision_v8_historical_eval_aligned_window_ablation\rng_snapshots\high_pre_decoupled_eval_rng.pkl,15.94155673424492,0.0263179496888513,558.611328125,3526479.5,514.8433227539062,44595.8359375,4.949007934095435,1.5991871391398995,False,13.781991713008733,3,a3e9b10ea746de2a9cbfe89c0d8127d63a54978667de8f5c198a8f28f117057b,be7de516b96323cbcbb9766ddc8eb0f6a1e5ec02bf6a0b0cf4761dc48b6a4cd3,631cf9dc2fd297d503022cb939793429663b550dbd8ddc9e6fe1cacb53541501
high,21,83,f858_historical_rng_aligned,C:\Users\Asus\PycharmProjects\UNCERTAIN_EPC_RL_V3\revision_outputs\revision_v8_historical_eval_aligned_window_ablation\rng_snapshots\high_pre_decoupled_eval_rng.pkl,27.51382508838349,0.0217834308909138,584.5076904296875,4283422.0,540.7001342773438,54083.47265625,6.081413355806052,1.805237128799996,False,13.781991713008733,3,a3e9b10ea746de2a9cbfe89c0d8127d63a54978667de8f5c198a8f28f117057b,be7de516b96323cbcbb9766ddc8eb0f6a1e5ec02bf6a0b0cf4761dc48b6a4cd3,631cf9dc2fd297d503022cb939793429663b550dbd8ddc9e6fe1cacb53541501
high,21,84,f858_historical_rng_aligned,C:\Users\Asus\PycharmProjects\UNCERTAIN_EPC_RL_V3\revision_outputs\revision_v8_historical_eval_aligned_window_ablation\rng_snapshots\high_pre_decoupled_eval_rng.pkl,16.671244426733605,0.0252010526383497,619.9590454101562,3462880.0,567.1575317382812,43853.15625,4.923083480490312,1.5939350578718423,False,13.781991713008733,3,a3e9b10ea746de2a9cbfe89c0d8127d63a54978667de8f5c198a8f28f117057b,be7de516b96323cbcbb9766ddc8eb0f6a1e5ec02bf6a0b0cf4761dc48b6a4cd3,631cf9dc2fd297d503022cb939793429663b550dbd8ddc9e6fe1cacb53541501
high,21,85,f858_historical_rng_aligned,C:\Users\Asus\PycharmProjects\UNCERTAIN_EPC_RL_V3\revision_outputs\revision_v8_historical_eval_aligned_window_ablation\rng_snapshots\high_pre_decoupled_eval_rng.pkl,15.35310197983538,0.0224000250899167,537.5301513671875,3240859.0,501.0119323730469,41011.75,4.584930265759381,1.522774896379982,False,13.781991713008733,3,a3e9b10ea746de2a9cbfe89c0d8127d63a54978667de8f5c198a8f28f117057b,be7de516b96323cbcbb9766ddc8eb0f6a1e5ec02bf6a0b0cf4761dc48b6a4cd3,631cf9dc2fd297d503022cb939793429663b550dbd8ddc9e6fe1cacb53541501
high,21,86,f858_historical_rng_aligned,C:\Users\Asus\PycharmProjects\UNCERTAIN_EPC_RL_V3\revision_outputs\revision_v8_historical_eval_aligned_window_ablation\rng_snapshots\high_pre_decoupled_eval_rng.pkl,14.976643903425142,0.0264522349674522,608.7410888671875,3185606.5,556.7625732421875,40376.84375,4.58339931398248,1.522440931118848,False,13.781991713008733,3,a3e9b10ea746de2a9cbfe89c0d8127d63a54978667de8f5c198a8f28f117057b,be7de516b96323cbcbb9766ddc8eb0f6a1e5ec02bf6a0b0cf4761dc48b6a4cd3,631cf9dc2fd297d503022cb939793429663b550dbd8ddc9e6fe1cacb53541501
high,21,87,f858_historical_rng_aligned,C:\Users\Asus\PycharmProjects\UNCERTAIN_EPC_RL_V3\revision_outputs\revision_v8_historical_eval_aligned_window_ablation\rng_snapshots\high_pre_decoupled_eval_rng.pkl,14.435383763471911,0.0274097108160726,590.6292724609375,3013724.5,539.4010009765625,38210.95703125,4.37885186399053,1.4767865585168742,False,13.781991713008733,3,a3e9b10ea746de2a9cbfe89c0d8127d63a54978667de8f5c198a8f28f117057b,be7de516b96323cbcbb9766ddc8eb0f6a1e5ec02bf6a0b0cf4761dc48b6a4cd3,631cf9dc2fd297d503022cb939793429663b550dbd8ddc9e6fe1cacb53541501
high,21,88,f858_historical_rng_aligned,C:\Users\Asus\PycharmProjects\UNCERTAIN_EPC_RL_V3\revision_outputs\revision_v8_historical_eval_aligned_window_ablation\rng_snapshots\high_pre_decoupled_eval_rng.pkl,14.658013545303715,0.023375182192334,549.3949584960938,3121104.5,509.0102844238281,39522.81640625,4.459902547712008,1.4951269155044642,False,13.781991713008733,3,a3e9b10ea746de2a9cbfe89c0d8127d63a54978667de8f5c198a8f28f117057b,be7de516b96323cbcbb9766ddc8eb0f6a1e5ec02bf6a0b0cf4761dc48b6a4cd3,631cf9dc2fd297d503022cb939793429663b550dbd8ddc9e6fe1cacb53541501
high,21,89,f858_historical_rng_aligned,C:\Users\Asus\PycharmProjects\UNCERTAIN_EPC_RL_V3\revision_outputs\revision_v8_historical_eval_aligned_window_ablation\rng_snapshots\high_pre_decoupled_eval_rng.pkl,16.759143585991783,0.0220864028886226,605.0528564453125,3542963.25,552.0842895507812,44839.125,5.010897501714259,1.6116150411114851,False,13.781991713008733,3,a3e9b10ea746de2a9cbfe89c0d8127d63a54978667de8f5c198a8f28f117057b,be7de516b96323cbcbb9766ddc8eb0f6a1e5ec02bf6a0b0cf4761dc48b6a4cd3,631cf9dc2fd297d503022cb939793429663b550dbd8ddc9e6fe1cacb53541501
high,21,90,f858_historical_rng_aligned,C:\Users\Asus\PycharmProjects\UNCERTAIN_EPC_RL_V3\revision_outputs\revision_v8_historical_eval_aligned_window_ablation\rng_snapshots\high_pre_decoupled_eval_rng.pkl,16.224838508919866,0.0232505939334521,598.748046875,3506339.5,548.0205078125,44377.26171875,4.95867609093857,1.6011387879586318,False,13.781991713008733,3,a3e9b10ea746de2a9cbfe89c0d8127d63a54978667de8f5c198a8f28f117057b,be7de516b96323cbcbb9766ddc8eb0f6a1e5ec02bf6a0b0cf4761dc48b6a4cd3,631cf9dc2fd297d503022cb939793429663b550dbd8ddc9e6fe1cacb53541501
high,21,91,f858_historical_rng_aligned,C:\Users\Asus\PycharmProjects\UNCERTAIN_EPC_RL_V3\revision_outputs\revision_v8_historical_eval_aligned_window_ablation\rng_snapshots\high_pre_decoupled_eval_rng.pkl,15.72344014376943,0.0260157086056114,597.4747924804688,3316101.0,547.1275634765625,41998.390625,4.724444098462543,1.5527499029052318,False,13.781991713008733,3,a3e9b10ea746de2a9cbfe89c0d8127d63a54978667de8f5c198a8f28f117057b,be7de516b96323cbcbb9766ddc8eb0f6a1e5ec02bf6a0b0cf4761dc48b6a4cd3,631cf9dc2fd297d503022cb939793429663b550dbd8ddc9e6fe1cacb53541501
high,21,92,f858_historical_rng_aligned,C:\Users\Asus\PycharmProjects\UNCERTAIN_EPC_RL_V3\revision_outputs\revision_v8_historical_eval_aligned_window_ablation\rng_snapshots\high_pre_decoupled_eval_rng.pkl,14.501440464249535,0.0258631101035728,596.28564453125,2983506.5,539.6700439453125,37833.50390625,4.351463328403497,1.4705121858658328,False,13.781991713008733,3,a3e9b10ea746de2a9cbfe89c0d8127d63a54978667de8f5c198a8f28f117057b,be7de516b96323cbcbb9766ddc8eb0f6a1e5ec02bf6a0b0cf4761dc48b6a4cd3,631cf9dc2fd297d503022cb939793429663b550dbd8ddc9e6fe1cacb53541501
high,21,93,f858_historical_rng_aligned,C:\Users\Asus\PycharmProjects\UNCERTAIN_EPC_RL_V3\revision_outputs\revision_v8_historical_eval_aligned_window_ablation\rng_snapshots\high_pre_decoupled_eval_rng.pkl,14.727206525834244,0.0249259185434681,531.5130615234375,3326182.0,495.9537353515625,42073.2265625,4.679535790823003,1.5431989150148178,False,13.781991713008733,3,a3e9b10ea746de2a9cbfe89c0d8127d63a54978667de8f5c198a8f28f117057b,be7de516b96323cbcbb9766ddc8eb0f6a1e5ec02bf6a0b0cf4761dc48b6a4cd3,631cf9dc2fd297d503022cb939793429663b550dbd8ddc9e6fe1cacb53541501
high,21,94,f858_historical_rng_aligned,C:\Users\Asus\PycharmProjects\UNCERTAIN_EPC_RL_V3\revision_outputs\revision_v8_historical_eval_aligned_window_ablation\rng_snapshots\high_pre_decoupled_eval_rng.pkl,14.7903389361191,0.0224720786020277,570.4368896484375,3074532.5,525.285888671875,38956.94140625,4.426897083049542,1.4876989059192471,False,13.781991713008733,3,a3e9b10ea746de2a9cbfe89c0d8127d63a54978667de8f5c198a8f28f117057b,be7de516b96323cbcbb9766ddc8eb0f6a1e5ec02bf6a0b0cf4761dc48b6a4cd3,631cf9dc2fd297d503022cb939793429663b550dbd8ddc9e6fe1cacb53541501
high,21,95,f858_historical_rng_aligned,C:\Users\Asus\PycharmProjects\UNCERTAIN_EPC_RL_V3\revision_outputs\revision_v8_historical_eval_aligned_window_ablation\rng_snapshots\high_pre_decoupled_eval_rng.pkl,15.537480549943387,0.0231829984919648,574.9932861328125,3325499.5,530.8502197265625,42099.59375,4.71610057162907,1.5509823080688288,False,13.781991713008733,3,a3e9b10ea746de2a9cbfe89c0d8127d63a54978667de8f5c198a8f28f117057b,be7de516b96323cbcbb9766ddc8eb0f6a1e5ec02bf6a0b0cf4761dc48b6a4cd3,631cf9dc2fd297d503022cb939793429663b550dbd8ddc9e6fe1cacb53541501
high,21,96,f858_historical_rng_aligned,C:\Users\Asus\PycharmProjects\UNCERTAIN_EPC_RL_V3\revision_outputs\revision_v8_historical_eval_aligned_window_ablation\rng_snapshots\high_pre_decoupled_eval_rng.pkl,15.18977164712081,0.0246788510830049,609.428955078125,3198649.5,557.3280029296875,40540.4453125,4.598788705770847,1.5257929439865536,False,13.781991713008733,3,a3e9b10ea746de2a9cbfe89c0d8127d63a54978667de8f5c198a8f28f117057b,be7de516b96323cbcbb9766ddc8eb0f6a1e5ec02bf6a0b0cf4761dc48b6a4cd3,631cf9dc2fd297d503022cb939793429663b550dbd8ddc9e6fe1cacb53541501
high,21,97,f858_historical_rng_aligned,C:\Users\Asus\PycharmProjects\UNCERTAIN_EPC_RL_V3\revision_outputs\revision_v8_historical_eval_aligned_window_ablation\rng_snapshots\high_pre_decoupled_eval_rng.pkl,19.13557329487628,0.0223881322136824,630.1732177734375,3865122.5,572.3719482421875,48886.40234375,5.472140989103887,1.699669945540934,False,13.781991713008733,3,a3e9b10ea746de2a9cbfe89c0d8127d63a54978667de8f5c198a8f28f117057b,be7de516b96323cbcbb9766ddc8eb0f6a1e5ec02bf6a0b0cf4761dc48b6a4cd3,631cf9dc2fd297d503022cb939793429663b550dbd8ddc9e6fe1cacb53541501
high,21,98,f858_historical_rng_aligned,C:\Users\Asus\PycharmProjects\UNCERTAIN_EPC_RL_V3\revision_outputs\revision_v8_historical_eval_aligned_window_ablation\rng_snapshots\high_pre_decoupled_eval_rng.pkl,16.10466185571185,0.0244027701580358,565.921875,3494993.25,525.4735107421875,44212.88671875,4.915902493660451,1.592475357019786,False,13.781991713008733,3,a3e9b10ea746de2a9cbfe89c0d8127d63a54978667de8f5c198a8f28f117057b,be7de516b96323cbcbb9766ddc8eb0f6a1e5ec02bf6a0b0cf4761dc48b6a4cd3,631cf9dc2fd297d503022cb939793429663b550dbd8ddc9e6fe1cacb53541501
high,21,99,f858_historical_rng_aligned,C:\Users\Asus\PycharmProjects\UNCERTAIN_EPC_RL_V3\revision_outputs\revision_v8_historical_eval_aligned_window_ablation\rng_snapshots\high_pre_decoupled_eval_rng.pkl,15.300590646245384,0.0275391035274806,618.6485595703125,3310976.5,566.5171508789062,41953.72265625,4.73732852696378,1.5554733749173544,False,13.781991713008733,3,a3e9b10ea746de2a9cbfe89c0d8127d63a54978667de8f5c198a8f28f117057b,be7de516b96323cbcbb9766ddc8eb0f6a1e5ec02bf6a0b0cf4761dc48b6a4cd3,631cf9dc2fd297d503022cb939793429663b550dbd8ddc9e6fe1cacb53541501
low,3,0,f858_historical_rng_aligned,C:\Users\Asus\PycharmProjects\UNCERTAIN_EPC_RL_V3\revision_outputs\revision_v8_historical_eval_aligned_window_ablation\rng_snapshots\low_pre_decoupled_eval_rng.pkl,20.36231312960657,0.0214713979931175,1029.1787109375,3833007.5,676.9449462890625,48589.5390625,5.804844930856108,1.7586929017622386,False,17.4236866616281,3,b277f481982447042666c550efef159f6b50b90b7a6f8d57feb1a47dc602fe0e,2e0435dc617333f354f62f319cbe332834719729c9e464715810f9d52167d258,5b6196d628721b20050045b3be0fa05c20b07469b137ef159b0cb2a57f862b36
low,3,1,f858_historical_rng_aligned,C:\Users\Asus\PycharmProjects\UNCERTAIN_EPC_RL_V3\revision_outputs\revision_v8_historical_eval_aligned_window_ablation\rng_snapshots\low_pre_decoupled_eval_rng.pkl,24.86665703013084,0.0152936068581317,482.87689208984375,2607096.0,357.6976318359375,32946.3984375,3.8796048544132833,1.3557333068029085,False,17.4236866616281,3,b277f481982447042666c550efef159f6b50b90b7a6f8d57feb1a47dc602fe0e,2e0435dc617333f354f62f319cbe332834719729c9e464715810f9d52167d258,5b6196d628721b20050045b3be0fa05c20b07469b137ef159b0cb2a57f862b36
low,3,2,f858_historical_rng_aligned,C:\Users\Asus\PycharmProjects\UNCERTAIN_EPC_RL_V3\revision_outputs\revision_v8_historical_eval_aligned_window_ablation\rng_snapshots\low_pre_decoupled_eval_rng.pkl,25.03239747099631,0.0172641314606346,456.49896240234375,2764623.75,344.0838317871094,34901.87890625,4.007039864444563,1.3880527803054337,False,17.4236866616281,3,b277f481982447042666c550efef159f6b50b90b7a6f8d57feb1a47dc602fe0e,2e0435dc617333f354f62f319cbe332834719729c9e464715810f9d52167d258,5b6196d628721b20050045b3be0fa05c20b07469b137ef159b0cb2a57f862b36
low,3,3,f858_historical_rng_aligned,C:\Users\Asus\PycharmProjects\UNCERTAIN_EPC_RL_V3\revision_outputs\revision_v8_historical_eval_aligned_window_ablation\rng_snapshots\low_pre_decoupled_eval_rng.pkl,27.659207025705584,0.0184368210948648,553.5091552734375,3486600.0,395.95550537109375,43978.45703125,4.882562193078414,1.5856701216452582,False,17.4236866616281,3,b277f481982447042666c550efef159f6b50b90b7a6f8d57feb1a47dc602fe0e,2e0435dc617333f354f62f319cbe332834719729c9e464715810f9d52167d258,5b6196d628721b20050045b3be0fa05c20b07469b137ef159b0cb2a57f862b36
low,3,4,f858_historical_rng_aligned,C:\Users\Asus\PycharmProjects\UNCERTAIN_EPC_RL_V3\revision_outputs\revision_v8_historical_eval_aligned_window_ablation\rng_snapshots\low_pre_decoupled_eval_rng.pkl,23.31325705648804,0.0177611551572008,525.2886352539062,2641328.0,377.966064453125,33394.56640625,3.944907432201479,1.3724254894348284,False,17.4236866616281,3,b277f481982447042666c550efef159f6b50b90b7a6f8d57feb1a47dc602fe0e,2e0435dc617333f354f62f319cbe332834719729c9e464715810f9d52167d258,5b6196d628721b20050045b3be0fa05c20b07469b137ef159b0cb2a57f862b36
low,3,5,f858_historical_rng_aligned,C:\Users\Asus\PycharmProjects\UNCERTAIN_EPC_RL_V3\revision_outputs\revision_v8_historical_eval_aligned_window_ablation\rng_snapshots\low_pre_decoupled_eval_rng.pkl,24.55844153525277,0.0217576940082202,594.8104248046875,2899796.0,419.7131958007813,36667.1640625,4.253785273901772,1.4478092392233446,False,17.4236866616281,3,b277f481982447042666c550efef159f6b50b90b7a6f8d57feb1a47dc602fe0e,2e0435dc617333f354f62f319cbe332834719729c9e464715810f9d52167d258,5b6196d628721b20050045b3be0fa05c20b07469b137ef159b0cb2a57f862b36
low,3,6,f858_historical_rng_aligned,C:\Users\Asus\PycharmProjects\UNCERTAIN_EPC_RL_V3\revision_outputs\revision_v8_historical_eval_aligned_window_ablation\rng_snapshots\low_pre_decoupled_eval_rng.pkl,32.958194612620936,0.0183324889320419,428.4044189453125,3672310.5,334.03839111328125,46237.921875,5.02195294373485,1.613818890666574,False,17.4236866616281,3,b277f481982447042666c550efef159f6b50b90b7a6f8d57feb1a47dc602fe0e,2e0435dc617333f354f62f319cbe332834719729c9e464715810f9d52167d258,5b6196d628721b20050045b3be0fa05c20b07469b137ef159b0cb2a57f862b36
low,3,7,f858_historical_rng_aligned,C:\Users\Asus\PycharmProjects\UNCERTAIN_EPC_RL_V3\revision_outputs\revision_v8_historical_eval_aligned_window_ablation\rng_snapshots\low_pre_decoupled_eval_rng.pkl,21.336031735602965,0.0180838149846071,597.0303344726562,2697544.75,417.7752075195313,34137.08203125,4.0569738963961655,1.4004373499901932,False,17.4236866616281,3,b277f481982447042666c550efef159f6b50b90b7a6f8d57feb1a47dc602fe0e,2e0435dc617333f354f62f319cbe332834719729c9e464715810f9d52167d258,5b6196d628721b20050045b3be0fa05c20b07469b137ef159b0cb2a57f862b36
low,3,8,f858_historical_rng_aligned,C:\Users\Asus\PycharmProjects\UNCERTAIN_EPC_RL_V3\revision_outputs\revision_v8_historical_eval_aligned_window_ablation\rng_snapshots\low_pre_decoupled_eval_rng.pkl,21.141817890193604,0.0214137942215657,1071.09326171875,4045350.5,700.147705078125,51267.03125,6.166664968893372,1.8191581681015432,False,17.4236866616281,3,b277f481982447042666c550efef159f6b50b90b7a6f8d57feb1a47dc602fe0e,2e0435dc617333f354f62f319cbe332834719729c9e464715810f9d52167d258,5b6196d628721b20050045b3be0fa05c20b07469b137ef159b0cb2a57f862b36
low,3,9,f858_historical_rng_aligned,C:\Users\Asus\PycharmProjects\UNCERTAIN_EPC_RL_V3\revision_outputs\revision_v8_historical_eval_aligned_window_ablation\rng_snapshots\low_pre_decoupled_eval_rng.pkl,40.655551890738565,0.0220244393368715,490.2935180664063,3855814.25,367.1390075683594,48564.8203125,5.325181527403467,1.6724468006676831,False,17.4236866616281,3,b277f481982447042666c550efef159f6b50b90b7a6f8d57feb1a47dc602fe0e,2e0435dc617333f354f62f319cbe332834719729c9e464715810f9d52167d258,5b6196d628721b20050045b3be0fa05c20b07469b137ef159b0cb2a57f862b36
low,3,10,f858_historical_rng_aligned,C:\Users\Asus\PycharmProjects\UNCERTAIN_EPC_RL_V3\revision_outputs\revision_v8_historical_eval_aligned_window_ablation\rng_snapshots\low_pre_decoupled_eval_rng.pkl,32.84854341919036,0.0156554858494378,404.056640625,3489932.5,320.71612548828125,43944.87109375,4.76696613448717,1.561710072041207,False,17.4236866616281,3,b277f481982447042666c550efef159f6b50b90b7a6f8d57feb1a47dc602fe0e,2e0435dc617333f354f62f319cbe332834719729c9e464715810f9d52167d258,5b6196d628721b20050045b3be0fa05c20b07469b137ef159b0cb2a57f862b36
low,3,11,f858_historical_rng_aligned,C:\Users\Asus\PycharmProjects\UNCERTAIN_EPC_RL_V3\revision_outputs\revision_v8_historical_eval_aligned_window_ablation\rng_snapshots\low_pre_decoupled_eval_rng.pkl,30.063196044076488,0.0177641640495836,393.2564697265625,3141828.0,311.20379638671875,39584.0546875,4.348556759873753,1.4698440107102837,False,17.4236866616281,3,b277f481982447042666c550efef159f6b50b90b7a6f8d57feb1a47dc602fe0e,2e0435dc617333f354f62f319cbe332834719729c9e464715810f9d52167d258,5b6196d628721b20050045b3be0fa05c20b07469b137ef159b0cb2a57f862b36
low,3,12,f858_historical_rng_aligned,C:\Users\Asus\PycharmProjects\UNCERTAIN_EPC_RL_V3\revision_outputs\revision_v8_historical_eval_aligned_window_ablation\rng_snapshots\low_pre_decoupled_eval_rng.pkl,29.91059873976505,0.0165868104403263,408.4695129394531,3126439.0,313.5770874023437,39394.06640625,4.342725286346007,1.468502097199294,False,17.4236866616281,3,b277f481982447042666c550efef159f6b50b90b7a6f8d57feb1a47dc602fe0e,2e0435dc617333f354f62f319cbe332834719729c9e464715810f9d52167d258,5b6196d628721b20050045b3be0fa05c20b07469b137ef159b0cb2a57f862b36
low,3,13,f858_historical_rng_aligned,C:\Users\Asus\PycharmProjects\UNCERTAIN_EPC_RL_V3\revision_outputs\revision_v8_historical_eval_aligned_window_ablation\rng_snapshots\low_pre_decoupled_eval_rng.pkl,30.895453262167123,0.0175616778507608,450.6693115234375,3613549.0,346.6259460449219,45515.98828125,4.961888163886639,1.6017863465002238,False,17.4236866616281,3,b277f481982447042666c550efef159f6b50b90b7a6f8d57feb1a47dc602fe0e,2e0435dc617333f354f62f319cbe332834719729c9e464715810f9d52167d258,5b6196d628721b20050045b3be0fa05c20b07469b137ef159b0cb2a57f862b36
low,3,14,f858_historical_rng_aligned,C:\Users\Asus\PycharmProjects\UNCERTAIN_EPC_RL_V3\revision_outputs\revision_v8_historical_eval_aligned_window_ablation\rng_snapshots\low_pre_decoupled_eval_rng.pkl,24.754644007793537,0.0162872261467302,381.7347412109375,2375316.5,300.54986572265625,29992.0078125,3.598374284792264,1.2804821559079906,False,17.4236866616281,3,b277f481982447042666c550efef159f6b50b90b7a6f8d57feb1a47dc602fe0e,2e0435dc617333f354f62f319cbe332834719729c9e464715810f9d52167d258,5b6196d628721b20050045b3be0fa05c20b07469b137ef159b0cb2a57f862b36
low,3,15,f858_historical_rng_aligned,C:\Users\Asus\PycharmProjects\UNCERTAIN_EPC_RL_V3\revision_outputs\revision_v8_historical_eval_aligned_window_ablation\rng_snapshots\low_pre_decoupled_eval_rng.pkl,20.56901660843384,0.0183370774692189,604.6337890625,2624066.0,417.3723449707031,33218.1953125,3.994446717439229,1.3849050758697024,False,17.4236866616281,3,b277f481982447042666c550efef159f6b50b90b7a6f8d57feb1a47dc602fe0e,2e0435dc617333f354f62f319cbe332834719729c9e464715810f9d52167d258,5b6196d628721b20050045b3be0fa05c20b07469b137ef159b0cb2a57f862b36
low,3,16,f858_historical_rng_aligned,C:\Users\Asus\PycharmProjects\UNCERTAIN_EPC_RL_V3\revision_outputs\revision_v8_historical_eval_aligned_window_ablation\rng_snapshots\low_pre_decoupled_eval_rng.pkl,23.62215802148457,0.0191334202457874,530.3319702148438,2541615.0,379.5509033203125,32149.73828125,3.8581752762286734,1.3501943453407763,False,17.4236866616281,3,b277f481982447042666c550efef159f6b50b90b7a6f8d57feb1a47dc602fe0e,2e0435dc617333f354f62f319cbe332834719729c9e464715810f9d52167d258,5b6196d628721b20050045b3be0fa05c20b07469b137ef159b0cb2a57f862b36
low,3,17,f858_historical_rng_aligned,C:\Users\Asus\PycharmProjects\UNCERTAIN_EPC_RL_V3\revision_outputs\revision_v8_historical_eval_aligned_window_ablation\rng_snapshots\low_pre_decoupled_eval_rng.pkl,23.77436952233695,0.0161440075821017,593.0560302734375,2863520.5,413.90826416015625,36207.91796875,4.21525726070759,1.4387106241601084,False,17.4236866616281,3,b277f481982447042666c550efef159f6b50b90b7a6f8d57feb1a47dc602fe0e,2e0435dc617333f354f62f319cbe332834719729c9e464715810f9d52167d258,5b6196d628721b20050045b3be0fa05c20b07469b137ef159b0cb2a57f862b36
low,3,18,f858_historical_rng_aligned,C:\Users\Asus\PycharmProjects\UNCERTAIN_EPC_RL_V3\revision_outputs\revision_v8_historical_eval_aligned_window_ablation\rng_snapshots\low_pre_decoupled_eval_rng.pkl,29.49068307078752,0.0148098326641708,474.4937133789063,3339049.25,358.0101318359375,42096.12890625,4.638307407063499,1.5343495167282224,False,17.4236866616281,3,b277f481982447042666c550efef159f6b50b90b7a6f8d57feb1a47dc602fe0e,2e0435dc617333f354f62f319cbe332834719729c9e464715810f9d52167d258,5b6196d628721b20050045b3be0fa05c20b07469b137ef159b0cb2a57f862b36
low,3,19,f858_historical_rng_aligned,C:\Users\Asus\PycharmProjects\UNCERTAIN_EPC_RL_V3\revision_outputs\revision_v8_historical_eval_aligned_window_ablation\rng_snapshots\low_pre_decoupled_eval_rng.pkl,25.69432099081082,0.0170237746875008,723.1693725585938,3449971.0,507.0458679199219,43631.68359375,4.987541746804874,1.6069431524676427,False,17.4236866616281,3,b277f481982447042666c550efef159f6b50b90b7a6f8d57feb1a47dc602fe0e,2e0435dc617333f354f62f319cbe332834719729c9e464715810f9d52167d258,5b6196d628721b20050045b3be0fa05c20b07469b137ef159b0cb2a57f862b36
low,3,20,f858_historical_rng_aligned,C:\Users\Asus\PycharmProjects\UNCERTAIN_EPC_RL_V3\revision_outputs\revision_v8_historical_eval_aligned_window_ablation\rng_snapshots\low_pre_decoupled_eval_rng.pkl,25.11110867155457,0.0164797732256879,482.8138732910156,2779005.5,362.99407958984375,35100.5625,4.042106779459215,1.3967660361137444,False,17.4236866616281,3,b277f481982447042666c550efef159f6b50b90b7a6f8d57feb1a47dc602fe0e,2e0435dc617333f354f62f319cbe332834719729c9e464715810f9d52167d258,5b6196d628721b20050045b3be0fa05c20b07469b137ef159b0cb2a57f862b36
low,3,21,f858_historical_rng_aligned,C:\Users\Asus\PycharmProjects\UNCERTAIN_EPC_RL_V3\revision_outputs\revision_v8_historical_eval_aligned_window_ablation\rng_snapshots\low_pre_decoupled_eval_rng.pkl,30.71074955049245,0.0180070203629829,446.168701171875,3369304.25,343.8191833496094,42460.125,4.652028223609404,1.5373033016219786,False,17.4236866616281,3,b277f481982447042666c550efef159f6b50b90b7a6f8d57feb1a47dc602fe0e,2e0435dc617333f354f62f319cbe332834719729c9e464715810f9d52167d258,5b6196d628721b20050045b3be0fa05c20b07469b137ef159b0cb2a57f862b36
low,3,22,f858_historical_rng_aligned,C:\Users\Asus\PycharmProjects\UNCERTAIN_EPC_RL_V3\revision_outputs\revision_v8_historical_eval_aligned_window_ablation\rng_snapshots\low_pre_decoupled_eval_rng.pkl,25.173644541552356,0.0171733162181689,451.596435546875,2698461.5,337.1059875488281,34067.875,3.939652538441612,1.3710925312082445,False,17.4236866616281,3,b277f481982447042666c550efef159f6b50b90b7a6f8d57feb1a47dc602fe0e,2e0435dc617333f354f62f319cbe332834719729c9e464715810f9d52167d258,5b6196d628721b20050045b3be0fa05c20b07469b137ef159b0cb2a57f862b36
low,3,23,f858_historical_rng_aligned,C:\Users\Asus\PycharmProjects\UNCERTAIN_EPC_RL_V3\revision_outputs\revision_v8_historical_eval_aligned_window_ablation\rng_snapshots\low_pre_decoupled_eval_rng.pkl,24.92849813721516,0.0177234553109979,799.253173828125,3746912.5,541.92431640625,47378.33203125,5.4471959286315,1.695100967762251,False,17.4236866616281,3,b277f481982447042666c550efef159f6b50b90b7a6f8d57feb1a47dc602fe0e,2e0435dc617333f354f62f319cbe332834719729c9e464715810f9d52167d258,5b6196d628721b20050045b3be0fa05c20b07469b137ef159b0cb2a57f862b36
low,3,24,f858_historical_rng_aligned,C:\Users\Asus\PycharmProjects\UNCERTAIN_EPC_RL_V3\revision_outputs\revision_v8_historical_eval_aligned_window_ablation\rng_snapshots\low_pre_decoupled_eval_rng.pkl,32.193138260029166,0.0168492885929579,483.1373291015625,3543477.0,364.1584777832031,44657.62109375,4.8972751402699926,1.5886789566166146,False,17.4236866616281,3,b277f481982447042666c550efef159f6b50b90b7a6f8d57feb1a47dc602fe0e,2e0435dc617333f354f62f319cbe332834719729c9e464715810f9d52167d258,5b6196d628721b20050045b3be0fa05c20b07469b137ef159b0cb2a57f862b36
low,3,25,f858_historical_rng_aligned,C:\Users\Asus\PycharmProjects\UNCERTAIN_EPC_RL_V3\revision_outputs\revision_v8_historical_eval_aligned_window_ablation\rng_snapshots\low_pre_decoupled_eval_rng.pkl,23.625695124878195,0.0204852111472483,747.4132080078125,3831241.5,515.096923828125,48405.6171875,5.51631659566414,1.707710354162173,False,17.4236866616281,3,b277f481982447042666c550efef159f6b50b90b7a6f8d57feb1a47dc602fe0e,2e0435dc617333f354f62f319cbe332834719729c9e464715810f9d52167d258,5b6196d628721b20050045b3be0fa05c20b07469b137ef159b0cb2a57f862b36
low,3,26,f858_historical_rng_aligned,C:\Users\Asus\PycharmProjects\UNCERTAIN_EPC_RL_V3\revision_outputs\revision_v8_historical_eval_aligned_window_ablation\rng_snapshots\low_pre_decoupled_eval_rng.pkl,29.94570189860804,0.0141894228096048,432.92425537109375,3047167.5,332.4539794921875,38422.046875,4.276170269524018,1.45305781218386,False,17.4236866616281,3,b277f481982447042666c550efef159f6b50b90b7a6f8d57feb1a47dc602fe0e,2e0435dc617333f354f62f319cbe332834719729c9e464715810f9d52167d258,5b6196d628721b20050045b3be0fa05c20b07469b137ef159b0cb2a57f862b36
low,3,27,f858_historical_rng_aligned,C:\Users\Asus\PycharmProjects\UNCERTAIN_EPC_RL_V3\revision_outputs\revision_v8_historical_eval_aligned_window_ablation\rng_snapshots\low_pre_decoupled_eval_rng.pkl,30.832937954723874,0.0159689339049143,383.1947937011719,3501664.75,314.1594543457031,44084.96875,4.766107949519784,1.561530028340268,False,17.4236866616281,3,b277f481982447042666c550efef159f6b50b90b7a6f8d57feb1a47dc602fe0e,2e0435dc617333f354f62f319cbe332834719729c9e464715810f9d52167d258,5b6196d628721b20050045b3be0fa05c20b07469b137ef159b0cb2a57f862b36
low,3,28,f858_historical_rng_aligned,C:\Users\Asus\PycharmProjects\UNCERTAIN_EPC_RL_V3\revision_outputs\revision_v8_historical_eval_aligned_window_ablation\rng_snapshots\low_pre_decoupled_eval_rng.pkl,25.750762549921816,0.0171793318629032,414.0162048339844,2580416.0,317.9049072265625,32573.103515625,3.801628986658239,1.3354296555745562,False,17.4236866616281,3,b277f481982447042666c550efef159f6b50b90b7a6f8d57feb1a47dc602fe0e,2e0435dc617333f354f62f319cbe332834719729c9e464715810f9d52167d258,5b6196d628721b20050045b3be0fa05c20b07469b137ef159b0cb2a57f862b36
low,3,29,f858_historical_rng_aligned,C:\Users\Asus\PycharmProjects\UNCERTAIN_EPC_RL_V3\revision_outputs\revision_v8_historical_eval_aligned_window_ablation\rng_snapshots\low_pre_decoupled_eval_rng.pkl,24.745063889429638,0.0163387811330618,550.098876953125,3271219.5,393.5815124511719,41283.82421875,4.619881048271598,1.5303689576348247,False,17.4236866616281,3,b277f481982447042666c550efef159f6b50b90b7a6f8d57feb1a47dc602fe0e,2e0435dc617333f354f62f319cbe332834719729c9e464715810f9d52167d258,5b6196d628721b20050045b3be0fa05c20b07469b137ef159b0cb2a57f862b36
low,3,30,f858_historical_rng_aligned,C:\Users\Asus\PycharmProjects\UNCERTAIN_EPC_RL_V3\revision_outputs\revision_v8_historical_eval_aligned_window_ablation\rng_snapshots\low_pre_decoupled_eval_rng.pkl,29.758781121323555,0.0150951796620697,389.3745422363281,3093724.5,311.56787109375,38983.12109375,4.293097532992405,1.4570085080601485,False,17.4236866616281,3,b277f481982447042666c550efef159f6b50b90b7a6f8d57feb1a47dc602fe0e,2e0435dc617333f354f62f319cbe332834719729c9e464715810f9d52167d258,5b6196d628721b20050045b3be0fa05c20b07469b137ef159b0cb2a57f862b36
low,3,31,f858_historical_rng_aligned,C:\Users\Asus\PycharmProjects\UNCERTAIN_EPC_RL_V3\revision_outputs\revision_v8_historical_eval_aligned_window_ablation\rng_snapshots\low_pre_decoupled_eval_rng.pkl,26.536099461122102,0.0196477152641286,475.34283447265625,2811557.5,353.3034973144531,35497.7734375,4.067577267616028,1.4030475562713844,False,17.4236866616281,3,b277f481982447042666c550efef159f6b50b90b7a6f8d57feb1a47dc602fe0e,2e0435dc617333f354f62f319cbe332834719729c9e464715810f9d52167d258,5b6196d628721b20050045b3be0fa05c20b07469b137ef159b0cb2a57f862b36
low,3,32,f858_historical_rng_aligned,C:\Users\Asus\PycharmProjects\UNCERTAIN_EPC_RL_V3\revision_outputs\revision_v8_historical_eval_aligned_window_ablation\rng_snapshots\low_pre_decoupled_eval_rng.pkl,28.12520517592184,0.0168815990314804,419.574462890625,3078784.25,323.3641967773437,38808.16796875,4.299657475929533,1.4585353627661748,False,17.4236866616281,3,b277f481982447042666c550efef159f6b50b90b7a6f8d57feb1a47dc602fe0e,2e0435dc617333f354f62f319cbe332834719729c9e464715810f9d52167d258,5b6196d628721b20050045b3be0fa05c20b07469b137ef159b0cb2a57f862b36
low,3,33,f858_historical_rng_aligned,C:\Users\Asus\PycharmProjects\UNCERTAIN_EPC_RL_V3\revision_outputs\revision_v8_historical_eval_aligned_window_ablation\rng_snapshots\low_pre_decoupled_eval_rng.pkl,25.20734872730361,0.0183974057780149,489.7958984375,2773947.5,358.01336669921875,35032.35546875,4.042069336346257,1.396756772804182,False,17.4236866616281,3,b277f481982447042666c550efef159f6b50b90b7a6f8d57feb1a47dc602fe0e,2e0435dc617333f354f62f319cbe332834719729c9e464715810f9d52167d258,5b6196d628721b20050045b3be0fa05c20b07469b137ef159b0cb2a57f862b36
low,3,34,f858_historical_rng_aligned,C:\Users\Asus\PycharmProjects\UNCERTAIN_EPC_RL_V3\revision_outputs\revision_v8_historical_eval_aligned_window_ablation\rng_snapshots\low_pre_decoupled_eval_rng.pkl,25.29743552272324,0.0191775429834494,619.3888549804688,3371892.0,441.2952270507813,42589.9453125,4.798680544471061,1.5683409935570785,False,17.4236866616281,3,b277f481982447042666c550efef159f6b50b90b7a6f8d57feb1a47dc602fe0e,2e0435dc617333f354f62f319cbe332834719729c9e464715810f9d52167d258,5b6196d628721b20050045b3be0fa05c20b07469b137ef159b0cb2a57f862b36
low,3,35,f858_historical_rng_aligned,C:\Users\Asus\PycharmProjects\UNCERTAIN_EPC_RL_V3\revision_outputs\revision_v8_historical_eval_aligned_window_ablation\rng_snapshots\low_pre_decoupled_eval_rng.pkl,30.787575952081863,0.0182306266824768,436.89263916015625,3378537.0,334.03985595703125,42565.75,4.6553662874072765,1.5380205945092724,False,17.4236866616281,3,b277f481982447042666c550efef159f6b50b90b7a6f8d57feb1a47dc602fe0e,2e0435dc617333f354f62f319cbe332834719729c9e464715810f9d52167d258,5b6196d628721b20050045b3be0fa05c20b07469b137ef159b0cb2a57f862b36
low,3,36,f858_historical_rng_aligned,C:\Users\Asus\PycharmProjects\UNCERTAIN_EPC_RL_V3\revision_outputs\revision_v8_historical_eval_aligned_window_ablation\rng_snapshots\low_pre_decoupled_eval_rng.pkl,26.569890141181222,0.0170344578450501,422.7775573730469,2849665.5,320.0204162597656,35940.83984375,4.063864923264996,1.402134472338225,False,17.4236866616281,3,b277f481982447042666c550efef159f6b50b90b7a6f8d57feb1a47dc602fe0e,2e0435dc617333f354f62f319cbe332834719729c9e464715810f9d52167d258,5b6196d628721b20050045b3be0fa05c20b07469b137ef159b0cb2a57f862b36
low,3,37,f858_historical_rng_aligned,C:\Users\Asus\PycharmProjects\UNCERTAIN_EPC_RL_V3\revision_outputs\revision_v8_historical_eval_aligned_window_ablation\rng_snapshots\low_pre_decoupled_eval_rng.pkl,28.393324103401376,0.0170106431855883,393.1091613769531,3046060.5,309.4431457519531,38385.19921875,4.244231203872168,1.4455606970888373,False,17.4236866616281,3,b277f481982447042666c550efef159f6b50b90b7a6f8d57feb1a47dc602fe0e,2e0435dc617333f354f62f319cbe332834719729c9e464715810f9d52167d258,5b6196d628721b20050045b3be0fa05c20b07469b137ef159b0cb2a57f862b36
low,3,38,f858_historical_rng_aligned,C:\Users\Asus\PycharmProjects\UNCERTAIN_EPC_RL_V3\revision_outputs\revision_v8_historical_eval_aligned_window_ablation\rng_snapshots\low_pre_decoupled_eval_rng.pkl,24.53832998081145,0.0181683546116675,610.2013549804688,3031697.0,426.76751708984375,38322.9765625,4.404142205093387,1.4825455083239976,False,17.4236866616281,3,b277f481982447042666c550efef159f6b50b90b7a6f8d57feb1a47dc602fe0e,2e0435dc617333f354f62f319cbe332834719729c9e464715810f9d52167d258,5b6196d628721b20050045b3be0fa05c20b07469b137ef159b0cb2a57f862b36
low,3,39,f858_historical_rng_aligned,C:\Users\Asus\PycharmProjects\UNCERTAIN_EPC_RL_V3\revision_outputs\revision_v8_historical_eval_aligned_window_ablation\rng_snapshots\low_pre_decoupled_eval_rng.pkl,24.12537029215318,0.0140994490966258,778.4613037109375,3522117.5,539.6566772460938,44566.125,5.1300348177713415,1.635112446249576,False,17.4236866616281,3,b277f481982447042666c550efef159f6b50b90b7a6f8d57feb1a47dc602fe0e,2e0435dc617333f354f62f319cbe332834719729c9e464715810f9d52167d258,5b6196d628721b20050045b3be0fa05c20b07469b137ef159b0cb2a57f862b36
low,3,40,f858_historical_rng_aligned,C:\Users\Asus\PycharmProjects\UNCERTAIN_EPC_RL_V3\revision_outputs\revision_v8_historical_eval_aligned_window_ablation\rng_snapshots\low_pre_decoupled_eval_rng.pkl,24.874390720883444,0.0199962378795284,792.6897583007812,3920332.5,540.966064453125,49545.12109375,5.688224196971298,1.7383981075067352,False,17.4236866616281,3,b277f481982447042666c550efef159f6b50b90b7a6f8d57feb1a47dc602fe0e,2e0435dc617333f354f62f319cbe332834719729c9e464715810f9d52167d258,5b6196d628721b20050045b3be0fa05c20b07469b137ef159b0cb2a57f862b36
low,3,41,f858_historical_rng_aligned,C:\Users\Asus\PycharmProjects\UNCERTAIN_EPC_RL_V3\revision_outputs\revision_v8_historical_eval_aligned_window_ablation\rng_snapshots\low_pre_decoupled_eval_rng.pkl,26.359388521967315,0.0172017424988506,422.6632385253906,2713509.5,321.77642822265625,34240.64453125,3.9315258686740537,1.3690276122762042,False,17.4236866616281,3,b277f481982447042666c550efef159f6b50b90b7a6f8d57feb1a47dc602fe0e,2e0435dc617333f354f62f319cbe332834719729c9e464715810f9d52167d258,5b6196d628721b20050045b3be0fa05c20b07469b137ef159b0cb2a57f862b36
low,3,42,f858_historical_rng_aligned,C:\Users\Asus\PycharmProjects\UNCERTAIN_EPC_RL_V3\revision_outputs\revision_v8_historical_eval_aligned_window_ablation\rng_snapshots\low_pre_decoupled_eval_rng.pkl,31.68411924746421,0.0158408129729229,407.5334167480469,3346261.25,320.580810546875,42148.84765625,4.5941212607939175,1.5247774993895835,False,17.4236866616281,3,b277f481982447042666c550efef159f6b50b90b7a6f8d57feb1a47dc602fe0e,2e0435dc617333f354f62f319cbe332834719729c9e464715810f9d52167d258,5b6196d628721b20050045b3be0fa05c20b07469b137ef159b0cb2a57f862b36
low,3,43,f858_historical_rng_aligned,C:\Users\Asus\PycharmProjects\UNCERTAIN_EPC_RL_V3\revision_outputs\revision_v8_historical_eval_aligned_window_ablation\rng_snapshots\low_pre_decoupled_eval_rng.pkl,24.65672383310089,0.0194957517103836,727.2474365234375,3596123.0,507.73138427734375,45459.26953125,5.177297956062473,1.6442832900713094,False,17.4236866616281,3,b277f481982447042666c550efef159f6b50b90b7a6f8d57feb1a47dc602fe0e,2e0435dc617333f354f62f319cbe332834719729c9e464715810f9d52167d258,5b6196d628721b20050045b3be0fa05c20b07469b137ef159b0cb2a57f862b36
low,3,44,f858_historical_rng_aligned,C:\Users\Asus\PycharmProjects\UNCERTAIN_EPC_RL_V3\revision_outputs\revision_v8_historical_eval_aligned_window_ablation\rng_snapshots\low_pre_decoupled_eval_rng.pkl,29.971753836805743,0.016861251112669,462.2642211914063,3303253.5,351.33349609375,41642.0,4.586314409111625,1.5230767405487555,False,17.4236866616281,3,b277f481982447042666c550efef159f6b50b90b7a6f8d57feb1a47dc602fe0e,2e0435dc617333f354f62f319cbe332834719729c9e464715810f9d52167d258,5b6196d628721b20050045b3be0fa05c20b07469b137ef159b0cb2a57f862b36
low,3,45,f858_historical_rng_aligned,C:\Users\Asus\PycharmProjects\UNCERTAIN_EPC_RL_V3\revision_outputs\revision_v8_historical_eval_aligned_window_ablation\rng_snapshots\low_pre_decoupled_eval_rng.pkl,23.98732019447619,0.0165019969235808,468.21527099609375,2739811.5,345.92449951171875,34593.5703125,3.992006493803254,1.3842939851521163,False,17.4236866616281,3,b277f481982447042666c550efef159f6b50b90b7a6f8d57feb1a47dc602fe0e,2e0435dc617333f354f62f319cbe332834719729c9e464715810f9d52167d258,5b6196d628721b20050045b3be0fa05c20b07469b137ef159b0cb2a57f862b36
low,3,46,f858_historical_rng_aligned,C:\Users\Asus\PycharmProjects\UNCERTAIN_EPC_RL_V3\revision_outputs\revision_v8_historical_eval_aligned_window_ablation\rng_snapshots\low_pre_decoupled_eval_rng.pkl,26.706212380842715,0.0159234054138186,437.1505737304688,2910394.5,331.359619140625,36711.2890625,4.136437583172298,1.4198349302491835,False,17.4236866616281,3,b277f481982447042666c550efef159f6b50b90b7a6f8d57feb1a47dc602fe0e,2e0435dc617333f354f62f319cbe332834719729c9e464715810f9d52167d258,5b6196d628721b20050045b3be0fa05c20b07469b137ef159b0cb2a57f862b36
low,3,47,f858_historical_rng_aligned,C:\Users\Asus\PycharmProjects\UNCERTAIN_EPC_RL_V3\revision_outputs\revision_v8_historical_eval_aligned_window_ablation\rng_snapshots\low_pre_decoupled_eval_rng.pkl,21.92881858238919,0.0158151734959197,713.4542846679688,3004550.5,481.3018493652344,38038.18359375,4.466015498327744,1.496496623704767,False,17.4236866616281,3,b277f481982447042666c550efef159f6b50b90b7a6f8d57feb1a47dc602fe0e,2e0435dc617333f354f62f319cbe332834719729c9e464715810f9d52167d258,5b6196d628721b20050045b3be0fa05c20b07469b137ef159b0cb2a57f862b36
low,3,48,f858_historical_rng_aligned,C:\Users\Asus\PycharmProjects\UNCERTAIN_EPC_RL_V3\revision_outputs\revision_v8_historical_eval_aligned_window_ablation\rng_snapshots\low_pre_decoupled_eval_rng.pkl,24.17046175250963,0.0176880130310249,642.007080078125,3192528.5,448.8240966796875,40355.4296875,4.608617451591496,1.5279279099880565,False,17.4236866616281,3,b277f481982447042666c550efef159f6b50b90b7a6f8d57feb1a47dc602fe0e,2e0435dc617333f354f62f319cbe332834719729c9e464715810f9d52167d258,5b6196d628721b20050045b3be0fa05c20b07469b137ef159b0cb2a57f862b36
low,3,49,f858_historical_rng_aligned,C:\Users\Asus\PycharmProjects\UNCERTAIN_EPC_RL_V3\revision_outputs\revision_v8_historical_eval_aligned_window_ablation\rng_snapshots\low_pre_decoupled_eval_rng.pkl,24.570845299540533,0.0214437458511308,757.7891845703125,3518511.0,521.31298828125,44502.69921875,5.105266934819704,1.6302727391467138,False,17.4236866616281,3,b277f481982447042666c550efef159f6b50b90b7a6f8d57feb1a47dc602fe0e,2e0435dc617333f354f62f319cbe332834719729c9e464715810f9d52167d258,5b6196d628721b20050045b3be0fa05c20b07469b137ef159b0cb2a57f862b36
low,3,50,f858_historical_rng_aligned,C:\Users\Asus\PycharmProjects\UNCERTAIN_EPC_RL_V3\revision_outputs\revision_v8_historical_eval_aligned_window_ablation\rng_snapshots\low_pre_decoupled_eval_rng.pkl,40.39943689288911,0.0188832234469499,673.0185546875,4096589.5,475.7901916503906,51683.15625,5.843437516997699,1.765319239597995,False,17.4236866616281,3,b277f481982447042666c550efef159f6b50b90b7a6f8d57feb1a47dc602fe0e,2e0435dc617333f354f62f319cbe332834719729c9e464715810f9d52167d258,5b6196d628721b20050045b3be0fa05c20b07469b137ef159b0cb2a57f862b36
low,3,51,f858_historical_rng_aligned,C:\Users\Asus\PycharmProjects\UNCERTAIN_EPC_RL_V3\revision_outputs\revision_v8_historical_eval_aligned_window_ablation\rng_snapshots\low_pre_decoupled_eval_rng.pkl,20.154026118299043,0.0162479648919053,999.9486083984376,3782658.0,638.723876953125,47921.94921875,5.699422372562993,1.7403648315586042,False,17.4236866616281,3,b277f481982447042666c550efef159f6b50b90b7a6f8d57feb1a47dc602fe0e,2e0435dc617333f354f62f319cbe332834719729c9e464715810f9d52167d258,5b6196d628721b20050045b3be0fa05c20b07469b137ef159b0cb2a57f862b36
low,3,52,f858_historical_rng_aligned,C:\Users\Asus\PycharmProjects\UNCERTAIN_EPC_RL_V3\revision_outputs\revision_v8_historical_eval_aligned_window_ablation\rng_snapshots\low_pre_decoupled_eval_rng.pkl,22.767425943882458,0.0198299855437907,772.633544921875,3483932.75,525.2293701171875,44074.390625,5.075070215927734,1.6243403604829243,False,17.4236866616281,3,b277f481982447042666c550efef159f6b50b90b7a6f8d57feb1a47dc602fe0e,2e0435dc617333f354f62f319cbe332834719729c9e464715810f9d52167d258,5b6196d628721b20050045b3be0fa05c20b07469b137ef159b0cb2a57f862b36
low,3,53,f858_historical_rng_aligned,C:\Users\Asus\PycharmProjects\UNCERTAIN_EPC_RL_V3\revision_outputs\revision_v8_historical_eval_aligned_window_ablation\rng_snapshots\low_pre_decoupled_eval_rng.pkl,23.205729314919285,0.0168104094994442,614.6532592773438,2987857.5,418.41217041015625,37766.6328125,4.3606672263873865,1.4726250792275886,False,17.4236866616281,3,b277f481982447042666c550efef159f6b50b90b7a6f8d57feb1a47dc602fe0e,2e0435dc617333f354f62f319cbe332834719729c9e464715810f9d52167d258,5b6196d628721b20050045b3be0fa05c20b07469b137ef159b0cb2a57f862b36
low,3,54,f858_historical_rng_aligned,C:\Users\Asus\PycharmProjects\UNCERTAIN_EPC_RL_V3\revision_outputs\revision_v8_historical_eval_aligned_window_ablation\rng_snapshots\low_pre_decoupled_eval_rng.pkl,24.068143534508916,0.0185442054513285,577.26708984375,2841731.5,415.202880859375,35936.84765625,4.180978181579878,1.4305452338915168,False,17.4236866616281,3,b277f481982447042666c550efef159f6b50b90b7a6f8d57feb1a47dc602fe0e,2e0435dc617333f354f62f319cbe332834719729c9e464715810f9d52167d258,5b6196d628721b20050045b3be0fa05c20b07469b137ef159b0cb2a57f862b36
low,3,55,f858_historical_rng_aligned,C:\Users\Asus\PycharmProjects\UNCERTAIN_EPC_RL_V3\revision_outputs\revision_v8_historical_eval_aligned_window_ablation\rng_snapshots\low_pre_decoupled_eval_rng.pkl,23.96520754318496,0.0163557737900956,1280.835693359375,4768295.0,833.158447265625,60436.84765625,7.695309635741157,2.0406110050441466,False,17.4236866616281,3,b277f481982447042666c550efef159f6b50b90b7a6f8d57feb1a47dc602fe0e,2e0435dc617333f354f62f319cbe332834719729c9e464715810f9d52167d258,5b6196d628721b20050045b3be0fa05c20b07469b137ef159b0cb2a57f862b36
low,3,56,f858_historical_rng_aligned,C:\Users\Asus\PycharmProjects\UNCERTAIN_EPC_RL_V3\revision_outputs\revision_v8_historical_eval_aligned_window_ablation\rng_snapshots\low_pre_decoupled_eval_rng.pkl,20.122929570733596,0.0163390237143084,608.7756958007812,2502744.5,414.56878662109375,31698.875,3.888165785884831,1.3579375260915936,False,17.4236866616281,3,b277f481982447042666c550efef159f6b50b90b7a6f8d57feb1a47dc602fe0e,2e0435dc617333f354f62f319cbe332834719729c9e464715810f9d52167d258,5b6196d628721b20050045b3be0fa05c20b07469b137ef159b0cb2a57f862b36
low,3,57,f858_historical_rng_aligned,C:\Users\Asus\PycharmProjects\UNCERTAIN_EPC_RL_V3\revision_outputs\revision_v8_historical_eval_aligned_window_ablation\rng_snapshots\low_pre_decoupled_eval_rng.pkl,24.261979157072066,0.0173614178529732,446.7496337890625,2636619.0,335.57781982421875,33293.31640625,3.878205599588434,1.3553725723280667,False,17.4236866616281,3,b277f481982447042666c550efef159f6b50b90b7a6f8d57feb1a47dc602fe0e,2e0435dc617333f354f62f319cbe332834719729c9e464715810f9d52167d258,5b6196d628721b20050045b3be0fa05c20b07469b137ef159b0cb2a57f862b36
low,3,58,f858_historical_rng_aligned,C:\Users\Asus\PycharmProjects\UNCERTAIN_EPC_RL_V3\revision_outputs\revision_v8_historical_eval_aligned_window_ablation\rng_snapshots\low_pre_decoupled_eval_rng.pkl,29.167547617652637,0.0142631906646675,383.5758056640625,2977426.25,303.41473388671875,37521.2421875,4.164509673350021,1.4265985432024275,False,17.4236866616281,3,b277f481982447042666c550efef159f6b50b90b7a6f8d57feb1a47dc602fe0e,2e0435dc617333f354f62f319cbe332834719729c9e464715810f9d52167d258,5b6196d628721b20050045b3be0fa05c20b07469b137ef159b0cb2a57f862b36
low,3,59,f858_historical_rng_aligned,C:\Users\Asus\PycharmProjects\UNCERTAIN_EPC_RL_V3\revision_outputs\revision_v8_historical_eval_aligned_window_ablation\rng_snapshots\low_pre_decoupled_eval_rng.pkl,30.80272320030181,0.0168220265135078,426.3474731445313,3153370.0,325.763916015625,39742.890625,4.386517153778834,1.478535553163138,False,17.4236866616281,3,b277f481982447042666c550efef159f6b50b90b7a6f8d57feb1a47dc602fe0e,2e0435dc617333f354f62f319cbe332834719729c9e464715810f9d52167d258,5b6196d628721b20050045b3be0fa05c20b07469b137ef159b0cb2a57f862b36
low,3,60,f858_historical_rng_aligned,C:\Users\Asus\PycharmProjects\UNCERTAIN_EPC_RL_V3\revision_outputs\revision_v8_historical_eval_aligned_window_ablation\rng_snapshots\low_pre_decoupled_eval_rng.pkl,24.40212889146767,0.0185171855702869,473.33795166015625,2710490.75,356.7389831542969,34237.87109375,3.9686960519696983,1.378437590361991,False,17.4236866616281,3,b277f481982447042666c550efef159f6b50b90b7a6f8d57feb1a47dc602fe0e,2e0435dc617333f354f62f319cbe332834719729c9e464715810f9d52167d258,5b6196d628721b20050045b3be0fa05c20b07469b137ef159b0cb2a57f862b36
low,3,61,f858_historical_rng_aligned,C:\Users\Asus\PycharmProjects\UNCERTAIN_EPC_RL_V3\revision_outputs\revision_v8_historical_eval_aligned_window_ablation\rng_snapshots\low_pre_decoupled_eval_rng.pkl,23.902637713874032,0.0161669453228984,601.6546630859375,3134591.5,418.0914916992188,39600.484375,4.508228699554931,1.5059043268239234,False,17.4236866616281,3,b277f481982447042666c550efef159f6b50b90b7a6f8d57feb1a47dc602fe0e,2e0435dc617333f354f62f319cbe332834719729c9e464715810f9d52167d258,5b6196d628721b20050045b3be0fa05c20b07469b137ef159b0cb2a57f862b36
low,3,62,f858_historical_rng_aligned,C:\Users\Asus\PycharmProjects\UNCERTAIN_EPC_RL_V3\revision_outputs\revision_v8_historical_eval_aligned_window_ablation\rng_snapshots\low_pre_decoupled_eval_rng.pkl,24.69293307182728,0.015880860964026,535.3648681640625,2880516.0,386.5237426757813,36392.97265625,4.184679708855389,1.4314301678836898,False,17.4236866616281,3,b277f481982447042666c550efef159f6b50b90b7a6f8d57feb1a47dc602fe0e,2e0435dc617333f354f62f319cbe332834719729c9e464715810f9d52167d258,5b6196d628721b20050045b3be0fa05c20b07469b137ef159b0cb2a57f862b36
low,3,63,f858_historical_rng_aligned,C:\Users\Asus\PycharmProjects\UNCERTAIN_EPC_RL_V3\revision_outputs\revision_v8_historical_eval_aligned_window_ablation\rng_snapshots\low_pre_decoupled_eval_rng.pkl,26.259927461319776,0.0163544451108057,612.5883178710938,3128534.0,440.02294921875,39546.69921875,4.512306227703016,1.5068083815077498,False,17.4236866616281,3,b277f481982447042666c550efef159f6b50b90b7a6f8d57feb1a47dc602fe0e,2e0435dc617333f354f62f319cbe332834719729c9e464715810f9d52167d258,5b6196d628721b20050045b3be0fa05c20b07469b137ef159b0cb2a57f862b36
low,3,64,f858_historical_rng_aligned,C:\Users\Asus\PycharmProjects\UNCERTAIN_EPC_RL_V3\revision_outputs\revision_v8_historical_eval_aligned_window_ablation\rng_snapshots\low_pre_decoupled_eval_rng.pkl,24.183683299431767,0.0151576744610167,489.93365478515625,2814276.25,355.5757141113281,35534.02734375,4.081409330297493,1.4064423528634262,False,17.4236866616281,3,b277f481982447042666c550efef159f6b50b90b7a6f8d57feb1a47dc602fe0e,2e0435dc617333f354f62f319cbe332834719729c9e464715810f9d52167d258,5b6196d628721b20050045b3be0fa05c20b07469b137ef159b0cb2a57f862b36
low,3,65,f858_historical_rng_aligned,C:\Users\Asus\PycharmProjects\UNCERTAIN_EPC_RL_V3\revision_outputs\revision_v8_historical_eval_aligned_window_ablation\rng_snapshots\low_pre_decoupled_eval_rng.pkl,26.96664380859305,0.0197776918935303,493.2989807128906,2953489.0,364.29150390625,37282.90625,4.225214730723716,1.4410700833575822,False,17.4236866616281,3,b277f481982447042666c550efef159f6b50b90b7a6f8d57feb1a47dc602fe0e,2e0435dc617333f354f62f319cbe332834719729c9e464715810f9d52167d258,5b6196d628721b20050045b3be0fa05c20b07469b137ef159b0cb2a57f862b36
low,3,66,f858_historical_rng_aligned,C:\Users\Asus\PycharmProjects\UNCERTAIN_EPC_RL_V3\revision_outputs\revision_v8_historical_eval_aligned_window_ablation\rng_snapshots\low_pre_decoupled_eval_rng.pkl,22.985473268464464,0.0176285413383391,457.5545654296875,2574856.5,333.8136901855469,32519.521484375,3.829646348433404,1.3427724617055563,False,17.4236866616281,3,b277f481982447042666c550efef159f6b50b90b7a6f8d57feb1a47dc602fe0e,2e0435dc617333f354f62f319cbe332834719729c9e464715810f9d52167d258,5b6196d628721b20050045b3be0fa05c20b07469b137ef159b0cb2a57f862b36
low,3,67,f858_historical_rng_aligned,C:\Users\Asus\PycharmProjects\UNCERTAIN_EPC_RL_V3\revision_outputs\revision_v8_historical_eval_aligned_window_ablation\rng_snapshots\low_pre_decoupled_eval_rng.pkl,27.659612038965328,0.0170223505657438,596.3196411132812,3689731.0,430.2368774414063,46551.875,5.184223027615511,1.6456199804269156,False,17.4236866616281,3,b277f481982447042666c550efef159f6b50b90b7a6f8d57feb1a47dc602fe0e,2e0435dc617333f354f62f319cbe332834719729c9e464715810f9d52167d258,5b6196d628721b20050045b3be0fa05c20b07469b137ef159b0cb2a57f862b36
low,3,68,f858_historical_rng_aligned,C:\Users\Asus\PycharmProjects\UNCERTAIN_EPC_RL_V3\revision_outputs\revision_v8_historical_eval_aligned_window_ablation\rng_snapshots\low_pre_decoupled_eval_rng.pkl,29.65041300180841,0.0173591939860782,476.6966247558594,3234292.0,357.2110595703125,40785.859375,4.517774573427841,1.5080195215880428,False,17.4236866616281,3,b277f481982447042666c550efef159f6b50b90b7a6f8d57feb1a47dc602fe0e,2e0435dc617333f354f62f319cbe332834719729c9e464715810f9d52167d258,5b6196d628721b20050045b3be0fa05c20b07469b137ef159b0cb2a57f862b36
low,3,69,f858_historical_rng_aligned,C:\Users\Asus\PycharmProjects\UNCERTAIN_EPC_RL_V3\revision_outputs\revision_v8_historical_eval_aligned_window_ablation\rng_snapshots\low_pre_decoupled_eval_rng.pkl,32.185036763802934,0.0171804312051241,412.2308654785156,3415872.0,325.4263916015625,43023.82421875,4.68181379849676,1.5436855986274711,False,17.4236866616281,3,b277f481982447042666c550efef159f6b50b90b7a6f8d57feb1a47dc602fe0e,2e0435dc617333f354f62f319cbe332834719729c9e464715810f9d52167d258,5b6196d628721b20050045b3be0fa05c20b07469b137ef159b0cb2a57f862b36
low,3,70,f858_historical_rng_aligned,C:\Users\Asus\PycharmProjects\UNCERTAIN_EPC_RL_V3\revision_outputs\revision_v8_historical_eval_aligned_window_ablation\rng_snapshots\low_pre_decoupled_eval_rng.pkl,31.0026830221498,0.015204329745009,402.3123474121094,3453632.25,317.38458251953125,43487.78515625,4.720229365167002,1.551857392731841,False,17.4236866616281,3,b277f481982447042666c550efef159f6b50b90b7a6f8d57feb1a47dc602fe0e,2e0435dc617333f354f62f319cbe332834719729c9e464715810f9d52167d258,5b6196d628721b20050045b3be0fa05c20b07469b137ef159b0cb2a57f862b36
low,3,71,f858_historical_rng_aligned,C:\Users\Asus\PycharmProjects\UNCERTAIN_EPC_RL_V3\revision_outputs\revision_v8_historical_eval_aligned_window_ablation\rng_snapshots\low_pre_decoupled_eval_rng.pkl,28.15075909087085,0.0165710420721005,456.6809387207031,3239114.0,340.822265625,40829.75,4.506871067445765,1.5056031361206548,False,17.4236866616281,3,b277f481982447042666c550efef159f6b50b90b7a6f8d57feb1a47dc602fe0e,2e0435dc617333f354f62f319cbe332834719729c9e464715810f9d52167d258,5b6196d628721b20050045b3be0fa05c20b07469b137ef159b0cb2a57f862b36
low,3,72,f858_historical_rng_aligned,C:\Users\Asus\PycharmProjects\UNCERTAIN_EPC_RL_V3\revision_outputs\revision_v8_historical_eval_aligned_window_ablation\rng_snapshots\low_pre_decoupled_eval_rng.pkl,29.9178198398342,0.0137349910222543,405.6339416503906,3231102.5,314.2362365722656,40703.015625,4.457984272372981,1.4946967070016397,False,17.4236866616281,3,b277f481982447042666c550efef159f6b50b90b7a6f8d57feb1a47dc602fe0e,2e0435dc617333f354f62f319cbe332834719729c9e464715810f9d52167d258,5b6196d628721b20050045b3be0fa05c20b07469b137ef159b0cb2a57f862b36
low,3,73,f858_historical_rng_aligned,C:\Users\Asus\PycharmProjects\UNCERTAIN_EPC_RL_V3\revision_outputs\revision_v8_historical_eval_aligned_window_ablation\rng_snapshots\low_pre_decoupled_eval_rng.pkl,29.95382412835225,0.0190628310253218,800.9356689453125,3975365.0,533.7299194335938,50225.79296875,5.776426082303341,1.7537851665816184,False,17.4236866616281,3,b277f481982447042666c550efef159f6b50b90b7a6f8d57feb1a47dc602fe0e,2e0435dc617333f354f62f319cbe332834719729c9e464715810f9d52167d258,5b6196d628721b20050045b3be0fa05c20b07469b137ef159b0cb2a57f862b36
low,3,74,f858_historical_rng_aligned,C:\Users\Asus\PycharmProjects\UNCERTAIN_EPC_RL_V3\revision_outputs\revision_v8_historical_eval_aligned_window_ablation\rng_snapshots\low_pre_decoupled_eval_rng.pkl,29.79357499037021,0.0181963431468669,401.3443603515625,3032412.5,317.1500244140625,38222.3046875,4.236244563265767,1.4436771605545924,False,17.4236866616281,3,b277f481982447042666c550efef159f6b50b90b7a6f8d57feb1a47dc602fe0e,2e0435dc617333f354f62f319cbe332834719729c9e464715810f9d52167d258,5b6196d628721b20050045b3be0fa05c20b07469b137ef159b0cb2a57f862b36
low,3,75,f858_historical_rng_aligned,C:\Users\Asus\PycharmProjects\UNCERTAIN_EPC_RL_V3\revision_outputs\revision_v8_historical_eval_aligned_window_ablation\rng_snapshots\low_pre_decoupled_eval_rng.pkl,21.739614315925525,0.0163601643083127,823.6387939453125,3598959.0,549.5452270507812,45536.53515625,5.271120973847053,1.6622430484439006,False,17.4236866616281,3,b277f481982447042666c550efef159f6b50b90b7a6f8d57feb1a47dc602fe0e,2e0435dc617333f354f62f319cbe332834719729c9e464715810f9d52167d258,5b6196d628721b20050045b3be0fa05c20b07469b137ef159b0cb2a57f862b36
low,3,76,f858_historical_rng_aligned,C:\Users\Asus\PycharmProjects\UNCERTAIN_EPC_RL_V3\revision_outputs\revision_v8_historical_eval_aligned_window_ablation\rng_snapshots\low_pre_decoupled_eval_rng.pkl,26.246877941376145,0.0162464037443639,394.2998046875,2729878.75,310.4952087402344,34433.98046875,3.925788520123768,1.3675672279041224,False,17.4236866616281,3,b277f481982447042666c550efef159f6b50b90b7a6f8d57feb1a47dc602fe0e,2e0435dc617333f354f62f319cbe332834719729c9e464715810f9d52167d258,5b6196d628721b20050045b3be0fa05c20b07469b137ef159b0cb2a57f862b36
low,3,77,f858_historical_rng_aligned,C:\Users\Asus\PycharmProjects\UNCERTAIN_EPC_RL_V3\revision_outputs\revision_v8_historical_eval_aligned_window_ablation\rng_snapshots\low_pre_decoupled_eval_rng.pkl,25.924890784094814,0.0168055154045434,430.7267150878906,2636844.75,328.0805358886719,33288.640625,3.8661033890638152,1.352247123590424,False,17.4236866616281,3,b277f481982447042666c550efef159f6b50b90b7a6f8d57feb1a47dc602fe0e,2e0435dc617333f354f62f319cbe332834719729c9e464715810f9d52167d258,5b6196d628721b20050045b3be0fa05c20b07469b137ef159b0cb2a57f862b36
low,3,78,f858_historical_rng_aligned,C:\Users\Asus\PycharmProjects\UNCERTAIN_EPC_RL_V3\revision_outputs\revision_v8_historical_eval_aligned_window_ablation\rng_snapshots\low_pre_decoupled_eval_rng.pkl,24.402460622590084,0.0172621530002151,450.4945068359375,2541674.75,333.83135986328125,32104.765625,3.794621101376576,1.3335845643285964,False,17.4236866616281,3,b277f481982447042666c550efef159f6b50b90b7a6f8d57feb1a47dc602fe0e,2e0435dc617333f354f62f319cbe332834719729c9e464715810f9d52167d258,5b6196d628721b20050045b3be0fa05c20b07469b137ef159b0cb2a57f862b36
low,3,79,f858_historical_rng_aligned,C:\Users\Asus\PycharmProjects\UNCERTAIN_EPC_RL_V3\revision_outputs\revision_v8_historical_eval_aligned_window_ablation\rng_snapshots\low_pre_decoupled_eval_rng.pkl,30.62780186203374,0.0169470170067694,436.98638916015625,3470272.25,335.12774658203125,43713.53125,4.767784565150555,1.5618817452587197,False,17.4236866616281,3,b277f481982447042666c550efef159f6b50b90b7a6f8d57feb1a47dc602fe0e,2e0435dc617333f354f62f319cbe332834719729c9e464715810f9d52167d258,5b6196d628721b20050045b3be0fa05c20b07469b137ef159b0cb2a57f862b36
low,3,80,f858_historical_rng_aligned,C:\Users\Asus\PycharmProjects\UNCERTAIN_EPC_RL_V3\revision_outputs\revision_v8_historical_eval_aligned_window_ablation\rng_snapshots\low_pre_decoupled_eval_rng.pkl,26.66530381156,0.0202258594045805,427.552490234375,2955177.0,325.6481018066406,37265.359375,4.174916997689851,1.4290944773123433,False,17.4236866616281,3,b277f481982447042666c550efef159f6b50b90b7a6f8d57feb1a47dc602fe0e,2e0435dc617333f354f62f319cbe332834719729c9e464715810f9d52167d258,5b6196d628721b20050045b3be0fa05c20b07469b137ef159b0cb2a57f862b36
low,3,81,f858_historical_rng_aligned,C:\Users\Asus\PycharmProjects\UNCERTAIN_EPC_RL_V3\revision_outputs\revision_v8_historical_eval_aligned_window_ablation\rng_snapshots\low_pre_decoupled_eval_rng.pkl,25.55165395256181,0.0146546127397643,411.59320068359375,2755667.75,321.4994812011719,34767.34765625,3.9637901283769086,1.3772006706607154,False,17.4236866616281,3,b277f481982447042666c550efef159f6b50b90b7a6f8d57feb1a47dc602fe0e,2e0435dc617333f354f62f319cbe332834719729c9e464715810f9d52167d258,5b6196d628721b20050045b3be0fa05c20b07469b137ef159b0cb2a57f862b36
low,3,82,f858_historical_rng_aligned,C:\Users\Asus\PycharmProjects\UNCERTAIN_EPC_RL_V3\revision_outputs\revision_v8_historical_eval_aligned_window_ablation\rng_snapshots\low_pre_decoupled_eval_rng.pkl,25.39636680277772,0.01681440153316,409.7584838867188,2568003.5,316.01483154296875,32416.05859375,3.7872101469772943,1.3316296390561262,False,17.4236866616281,3,b277f481982447042666c550efef159f6b50b90b7a6f8d57feb1a47dc602fe0e,2e0435dc617333f354f62f319cbe332834719729c9e464715810f9d52167d258,5b6196d628721b20050045b3be0fa05c20b07469b137ef159b0cb2a57f862b36
low,3,83,f858_historical_rng_aligned,C:\Users\Asus\PycharmProjects\UNCERTAIN_EPC_RL_V3\revision_outputs\revision_v8_historical_eval_aligned_window_ablation\rng_snapshots\low_pre_decoupled_eval_rng.pkl,22.236740695855406,0.0148345981046679,1128.01513671875,4452921.0,744.9833984375,56406.49609375,6.910962030652192,1.933108851048758,False,17.4236866616281,3,b277f481982447042666c550efef159f6b50b90b7a6f8d57feb1a47dc602fe0e,2e0435dc617333f354f62f319cbe332834719729c9e464715810f9d52167d258,5b6196d628721b20050045b3be0fa05c20b07469b137ef159b0cb2a57f862b36
low,3,84,f858_historical_rng_aligned,C:\Users\Asus\PycharmProjects\UNCERTAIN_EPC_RL_V3\revision_outputs\revision_v8_historical_eval_aligned_window_ablation\rng_snapshots\low_pre_decoupled_eval_rng.pkl,21.151478314815765,0.0194730422344165,1071.373779296875,4057508.0,692.15185546875,51411.00390625,6.1847701239515445,1.8220898384523043,False,17.4236866616281,3,b277f481982447042666c550efef159f6b50b90b7a6f8d57feb1a47dc602fe0e,2e0435dc617333f354f62f319cbe332834719729c9e464715810f9d52167d258,5b6196d628721b20050045b3be0fa05c20b07469b137ef159b0cb2a57f862b36
low,3,85,f858_historical_rng_aligned,C:\Users\Asus\PycharmProjects\UNCERTAIN_EPC_RL_V3\revision_outputs\revision_v8_historical_eval_aligned_window_ablation\rng_snapshots\low_pre_decoupled_eval_rng.pkl,22.547713665659547,0.015266654134363,465.55517578125,2420650.5,343.061279296875,30601.19140625,3.700676028930385,1.30851551348237,False,17.4236866616281,3,b277f481982447042666c550efef159f6b50b90b7a6f8d57feb1a47dc602fe0e,2e0435dc617333f354f62f319cbe332834719729c9e464715810f9d52167d258,5b6196d628721b20050045b3be0fa05c20b07469b137ef159b0cb2a57f862b36
low,3,86,f858_historical_rng_aligned,C:\Users\Asus\PycharmProjects\UNCERTAIN_EPC_RL_V3\revision_outputs\revision_v8_historical_eval_aligned_window_ablation\rng_snapshots\low_pre_decoupled_eval_rng.pkl,23.890071420789045,0.0183612207425926,489.7965087890625,2626566.0,348.1923217773437,33180.265625,3.901989239221616,1.361486484437408,False,17.4236866616281,3,b277f481982447042666c550efef159f6b50b90b7a6f8d57feb1a47dc602fe0e,2e0435dc617333f354f62f319cbe332834719729c9e464715810f9d52167d258,5b6196d628721b20050045b3be0fa05c20b07469b137ef159b0cb2a57f862b36
low,3,87,f858_historical_rng_aligned,C:\Users\Asus\PycharmProjects\UNCERTAIN_EPC_RL_V3\revision_outputs\revision_v8_historical_eval_aligned_window_ablation\rng_snapshots\low_pre_decoupled_eval_rng.pkl,28.417542429217804,0.01791307423911,423.0118713378906,2830221.0,318.72296142578125,35696.484375,4.044629837454478,1.397390035186956,False,17.4236866616281,3,b277f481982447042666c550efef159f6b50b90b7a6f8d57feb1a47dc602fe0e,2e0435dc617333f354f62f319cbe332834719729c9e464715810f9d52167d258,5b6196d628721b20050045b3be0fa05c20b07469b137ef159b0cb2a57f862b36
low,3,88,f858_historical_rng_aligned,C:\Users\Asus\PycharmProjects\UNCERTAIN_EPC_RL_V3\revision_outputs\revision_v8_historical_eval_aligned_window_ablation\rng_snapshots\low_pre_decoupled_eval_rng.pkl,24.54940045945412,0.0163381721508491,403.6257629394531,2594639.75,308.7030334472656,32741.69921875,3.806367512467933,1.3366753255542851,False,17.4236866616281,3,b277f481982447042666c550efef159f6b50b90b7a6f8d57feb1a47dc602fe0e,2e0435dc617333f354f62f319cbe332834719729c9e464715810f9d52167d258,5b6196d628721b20050045b3be0fa05c20b07469b137ef159b0cb2a57f862b36
low,3,89,f858_historical_rng_aligned,C:\Users\Asus\PycharmProjects\UNCERTAIN_EPC_RL_V3\revision_outputs\revision_v8_historical_eval_aligned_window_ablation\rng_snapshots\low_pre_decoupled_eval_rng.pkl,23.97804139479472,0.0149465741625363,444.9690551757813,2564672.5,325.9364013671875,32384.341796875,3.810594271562321,1.337785153763506,False,17.4236866616281,3,b277f481982447042666c550efef159f6b50b90b7a6f8d57feb1a47dc602fe0e,2e0435dc617333f354f62f319cbe332834719729c9e464715810f9d52167d258,5b6196d628721b20050045b3be0fa05c20b07469b137ef159b0cb2a57f862b36
low,3,90,f858_historical_rng_aligned,C:\Users\Asus\PycharmProjects\UNCERTAIN_EPC_RL_V3\revision_outputs\revision_v8_historical_eval_aligned_window_ablation\rng_snapshots\low_pre_decoupled_eval_rng.pkl,22.888515418429336,0.0196424942328256,453.1234436035156,2538912.0,330.6816101074219,32067.08203125,3.793874461114685,1.3333877821711444,False,17.4236866616281,3,b277f481982447042666c550efef159f6b50b90b7a6f8d57feb1a47dc602fe0e,2e0435dc617333f354f62f319cbe332834719729c9e464715810f9d52167d258,5b6196d628721b20050045b3be0fa05c20b07469b137ef159b0cb2a57f862b36
low,3,91,f858_historical_rng_aligned,C:\Users\Asus\PycharmProjects\UNCERTAIN_EPC_RL_V3\revision_outputs\revision_v8_historical_eval_aligned_window_ablation\rng_snapshots\low_pre_decoupled_eval_rng.pkl,25.46297377979502,0.0169988780537201,501.09466552734375,3062296.75,366.9925537109375,38645.703125,4.346200777198333,1.4693020789259792,False,17.4236866616281,3,b277f481982447042666c550efef159f6b50b90b7a6f8d57feb1a47dc602fe0e,2e0435dc617333f354f62f319cbe332834719729c9e464715810f9d52167d258,5b6196d628721b20050045b3be0fa05c20b07469b137ef159b0cb2a57f862b36
low,3,92,f858_historical_rng_aligned,C:\Users\Asus\PycharmProjects\UNCERTAIN_EPC_RL_V3\revision_outputs\revision_v8_historical_eval_aligned_window_ablation\rng_snapshots\low_pre_decoupled_eval_rng.pkl,21.02496223343984,0.0175629549983543,722.6680908203125,3284598.5,484.0613098144531,41541.54296875,4.785702213619869,1.5656327672453343,False,17.4236866616281,3,b277f481982447042666c550efef159f6b50b90b7a6f8d57feb1a47dc602fe0e,2e0435dc617333f354f62f319cbe332834719729c9e464715810f9d52167d258,5b6196d628721b20050045b3be0fa05c20b07469b137ef159b0cb2a57f862b36
low,3,93,f858_historical_rng_aligned,C:\Users\Asus\PycharmProjects\UNCERTAIN_EPC_RL_V3\revision_outputs\revision_v8_historical_eval_aligned_window_ablation\rng_snapshots\low_pre_decoupled_eval_rng.pkl,31.96563419346078,0.0167762066236648,382.941162109375,3192878.0,301.2146911621094,40212.19140625,4.397250789916857,1.4809795251691136,False,17.4236866616281,3,b277f481982447042666c550efef159f6b50b90b7a6f8d57feb1a47dc602fe0e,2e0435dc617333f354f62f319cbe332834719729c9e464715810f9d52167d258,5b6196d628721b20050045b3be0fa05c20b07469b137ef159b0cb2a57f862b36
low,3,94,f858_historical_rng_aligned,C:\Users\Asus\PycharmProjects\UNCERTAIN_EPC_RL_V3\revision_outputs\revision_v8_historical_eval_aligned_window_ablation\rng_snapshots\low_pre_decoupled_eval_rng.pkl,27.005563263909817,0.0151142409683412,439.00927734375,2885167.25,331.4762268066406,36396.06640625,4.112236497638448,1.4139670405161286,False,17.4236866616281,3,b277f481982447042666c550efef159f6b50b90b7a6f8d57feb1a47dc602fe0e,2e0435dc617333f354f62f319cbe332834719729c9e464715810f9d52167d258,5b6196d628721b20050045b3be0fa05c20b07469b137ef159b0cb2a57f862b36
low,3,95,f858_historical_rng_aligned,C:\Users\Asus\PycharmProjects\UNCERTAIN_EPC_RL_V3\revision_outputs\revision_v8_historical_eval_aligned_window_ablation\rng_snapshots\low_pre_decoupled_eval_rng.pkl,24.00969129251816,0.0168891716401633,1317.62060546875,4959235.5,860.182373046875,62850.62890625,8.140258017793018,2.096821877029663,False,17.4236866616281,3,b277f481982447042666c550efef159f6b50b90b7a6f8d57feb1a47dc602fe0e,2e0435dc617333f354f62f319cbe332834719729c9e464715810f9d52167d258,5b6196d628721b20050045b3be0fa05c20b07469b137ef159b0cb2a57f862b36
low,3,96,f858_historical_rng_aligned,C:\Users\Asus\PycharmProjects\UNCERTAIN_EPC_RL_V3\revision_outputs\revision_v8_historical_eval_aligned_window_ablation\rng_snapshots\low_pre_decoupled_eval_rng.pkl,26.077559298630327,0.0164758309981229,506.3505859375,3032629.75,369.6966552734375,38277.56640625,4.318675609707894,1.4629487834263932,False,17.4236866616281,3,b277f481982447042666c550efef159f6b50b90b7a6f8d57feb1a47dc602fe0e,2e0435dc617333f354f62f319cbe332834719729c9e464715810f9d52167d258,5b6196d628721b20050045b3be0fa05c20b07469b137ef159b0cb2a57f862b36
low,3,97,f858_historical_rng_aligned,C:\Users\Asus\PycharmProjects\UNCERTAIN_EPC_RL_V3\revision_outputs\revision_v8_historical_eval_aligned_window_ablation\rng_snapshots\low_pre_decoupled_eval_rng.pkl,20.903982784329568,0.0171408702149188,1029.8155517578125,3920898.5,677.607421875,49688.8359375,5.933211079519257,1.7805655638422464,False,17.4236866616281,3,b277f481982447042666c550efef159f6b50b90b7a6f8d57feb1a47dc602fe0e,2e0435dc617333f354f62f319cbe332834719729c9e464715810f9d52167d258,5b6196d628721b20050045b3be0fa05c20b07469b137ef159b0cb2a57f862b36
low,3,98,f858_historical_rng_aligned,C:\Users\Asus\PycharmProjects\UNCERTAIN_EPC_RL_V3\revision_outputs\revision_v8_historical_eval_aligned_window_ablation\rng_snapshots\low_pre_decoupled_eval_rng.pkl,22.244324178396084,0.0178613619483378,1030.604248046875,4077209.25,686.6666259765625,51651.78515625,6.172282244917402,1.8200686633512195,False,17.4236866616281,3,b277f481982447042666c550efef159f6b50b90b7a6f8d57feb1a47dc602fe0e,2e0435dc617333f354f62f319cbe332834719729c9e464715810f9d52167d258,5b6196d628721b20050045b3be0fa05c20b07469b137ef159b0cb2a57f862b36
low,3,99,f858_historical_rng_aligned,C:\Users\Asus\PycharmProjects\UNCERTAIN_EPC_RL_V3\revision_outputs\revision_v8_historical_eval_aligned_window_ablation\rng_snapshots\low_pre_decoupled_eval_rng.pkl,25.537546506910832,0.0162761693993976,615.7031860351562,3453186.0,432.573486328125,43597.3984375,4.894168742120924,1.5880444438132728,False,17.4236866616281,3,b277f481982447042666c550efef159f6b50b90b7a6f8d57feb1a47dc602fe0e,2e0435dc617333f354f62f319cbe332834719729c9e464715810f9d52167d258,5b6196d628721b20050045b3be0fa05c20b07469b137ef159b0cb2a57f862b36
low,7,0,f858_historical_rng_aligned,C:\Users\Asus\PycharmProjects\UNCERTAIN_EPC_RL_V3\revision_outputs\revision_v8_historical_eval_aligned_window_ablation\rng_snapshots\low_pre_decoupled_eval_rng.pkl,26.510288181113957,0.019720397634434,378.61138916015625,2710557.75,301.0001220703125,34182.97265625,3.895523457207882,1.3598280623873529,False,20.042685825640653,3,84d942ac75be6dee81a9690963741ab64ff815a0637afb6df5e9eeb4c11dfc6e,2e0435dc617333f354f62f319cbe332834719729c9e464715810f9d52167d258,5b6196d628721b20050045b3be0fa05c20b07469b137ef159b0cb2a57f862b36
low,7,1,f858_historical_rng_aligned,C:\Users\Asus\PycharmProjects\UNCERTAIN_EPC_RL_V3\revision_outputs\revision_v8_historical_eval_aligned_window_ablation\rng_snapshots\low_pre_decoupled_eval_rng.pkl,26.598109802001527,0.0135899583309664,386.2985229492188,2745468.75,308.0448608398437,34626.40234375,3.934806945729724,1.3698618198601848,False,20.042685825640653,3,84d942ac75be6dee81a9690963741ab64ff815a0637afb6df5e9eeb4c11dfc6e,2e0435dc617333f354f62f319cbe332834719729c9e464715810f9d52167d258,5b6196d628721b20050045b3be0fa05c20b07469b137ef159b0cb2a57f862b36
low,7,2,f858_historical_rng_aligned,C:\Users\Asus\PycharmProjects\UNCERTAIN_EPC_RL_V3\revision_outputs\revision_v8_historical_eval_aligned_window_ablation\rng_snapshots\low_pre_decoupled_eval_rng.pkl,26.94160926691889,0.0157420793035828,381.6470947265625,2820043.5,304.7030029296875,35555.24609375,4.0037478027329225,1.387230873138813,False,20.042685825640653,3,84d942ac75be6dee81a9690963741ab64ff815a0637afb6df5e9eeb4c11dfc6e,2e0435dc617333f354f62f319cbe332834719729c9e464715810f9d52167d258,5b6196d628721b20050045b3be0fa05c20b07469b137ef159b0cb2a57f862b36
low,7,3,f858_historical_rng_aligned,C:\Users\Asus\PycharmProjects\UNCERTAIN_EPC_RL_V3\revision_outputs\revision_v8_historical_eval_aligned_window_ablation\rng_snapshots\low_pre_decoupled_eval_rng.pkl,29.170771455226,0.0168948843733962,390.11627197265625,3086782.0,307.58740234375,38892.359375,4.285747495106731,1.455294981435057,False,20.042685825640653,3,84d942ac75be6dee81a9690963741ab64ff815a0637afb6df5e9eeb4c11dfc6e,2e0435dc617333f354f62f319cbe332834719729c9e464715810f9d52167d258,5b6196d628721b20050045b3be0fa05c20b07469b137ef159b0cb2a57f862b36
low,7,4,f858_historical_rng_aligned,C:\Users\Asus\PycharmProjects\UNCERTAIN_EPC_RL_V3\revision_outputs\revision_v8_historical_eval_aligned_window_ablation\rng_snapshots\low_pre_decoupled_eval_rng.pkl,27.256974140907783,0.0160698490559972,372.5986328125,2661545.5,299.5562744140625,33568.875,3.8451306985638576,1.3468075942040485,False,20.042685825640653,3,84d942ac75be6dee81a9690963741ab64ff815a0637afb6df5e9eeb4c11dfc6e,2e0435dc617333f354f62f319cbe332834719729c9e464715810f9d52167d258,5b6196d628721b20050045b3be0fa05c20b07469b137ef159b0cb2a57f862b36
low,7,5,f858_historical_rng_aligned,C:\Users\Asus\PycharmProjects\UNCERTAIN_EPC_RL_V3\revision_outputs\revision_v8_historical_eval_aligned_window_ablation\rng_snapshots\low_pre_decoupled_eval_rng.pkl,30.696931378521832,0.0201569413764574,387.2800903320313,3201379.25,307.6113586425781,40324.85546875,4.410497911061609,1.4839875880880968,False,20.042685825640653,3,84d942ac75be6dee81a9690963741ab64ff815a0637afb6df5e9eeb4c11dfc6e,2e0435dc617333f354f62f319cbe332834719729c9e464715810f9d52167d258,5b6196d628721b20050045b3be0fa05c20b07469b137ef159b0cb2a57f862b36
low,7,6,f858_historical_rng_aligned,C:\Users\Asus\PycharmProjects\UNCERTAIN_EPC_RL_V3\revision_outputs\revision_v8_historical_eval_aligned_window_ablation\rng_snapshots\low_pre_decoupled_eval_rng.pkl,29.44646440403748,0.0163337210903963,392.5620422363281,3068661.0,312.55487060546875,38670.81640625,4.268346957206593,1.4512266228267643,False,20.042685825640653,3,84d942ac75be6dee81a9690963741ab64ff815a0637afb6df5e9eeb4c11dfc6e,2e0435dc617333f354f62f319cbe332834719729c9e464715810f9d52167d258,5b6196d628721b20050045b3be0fa05c20b07469b137ef159b0cb2a57f862b36
low,7,7,f858_historical_rng_aligned,C:\Users\Asus\PycharmProjects\UNCERTAIN_EPC_RL_V3\revision_outputs\revision_v8_historical_eval_aligned_window_ablation\rng_snapshots\low_pre_decoupled_eval_rng.pkl,27.52038637508047,0.0165921355098833,377.60455322265625,2830977.0,302.6991577148437,35689.91015625,4.011514686444982,1.389168897290496,False,20.042685825640653,3,84d942ac75be6dee81a9690963741ab64ff815a0637afb6df5e9eeb4c11dfc6e,2e0435dc617333f354f62f319cbe332834719729c9e464715810f9d52167d258,5b6196d628721b20050045b3be0fa05c20b07469b137ef159b0cb2a57f862b36
low,7,8,f858_historical_rng_aligned,C:\Users\Asus\PycharmProjects\UNCERTAIN_EPC_RL_V3\revision_outputs\revision_v8_historical_eval_aligned_window_ablation\rng_snapshots\low_pre_decoupled_eval_rng.pkl,31.83736227318198,0.0197305743288963,395.31048583984375,3452573.0,314.86627197265625,43472.03125,4.7136505770451,1.5504626772534509,False,20.042685825640653,3,84d942ac75be6dee81a9690963741ab64ff815a0637afb6df5e9eeb4c11dfc6e,2e0435dc617333f354f62f319cbe332834719729c9e464715810f9d52167d258,5b6196d628721b20050045b3be0fa05c20b07469b137ef159b0cb2a57f862b36
low,7,9,f858_historical_rng_aligned,C:\Users\Asus\PycharmProjects\UNCERTAIN_EPC_RL_V3\revision_outputs\revision_v8_historical_eval_aligned_window_ablation\rng_snapshots\low_pre_decoupled_eval_rng.pkl,32.770500517883875,0.0203459803361916,387.1123046875,3553956.5,309.4608764648437,44733.91796875,4.834761157301775,1.5758317289884678,False,20.042685825640653,3,84d942ac75be6dee81a9690963741ab64ff815a0637afb6df5e9eeb4c11dfc6e,2e0435dc617333f354f62f319cbe332834719729c9e464715810f9d52167d258,5b6196d628721b20050045b3be0fa05c20b07469b137ef159b0cb2a57f862b36
low,7,10,f858_historical_rng_aligned,C:\Users\Asus\PycharmProjects\UNCERTAIN_EPC_RL_V3\revision_outputs\revision_v8_historical_eval_aligned_window_ablation\rng_snapshots\low_pre_decoupled_eval_rng.pkl,33.5049642982189,0.0143053243479862,363.4332885742188,3172423.5,299.3895874023437,39954.68359375,4.360364486776486,1.4725556517513498,False,20.042685825640653,3,84d942ac75be6dee81a9690963741ab64ff815a0637afb6df5e9eeb4c11dfc6e,2e0435dc617333f354f62f319cbe332834719729c9e464715810f9d52167d258,5b6196d628721b20050045b3be0fa05c20b07469b137ef159b0cb2a57f862b36
low,7,11,f858_historical_rng_aligned,C:\Users\Asus\PycharmProjects\UNCERTAIN_EPC_RL_V3\revision_outputs\revision_v8_historical_eval_aligned_window_ablation\rng_snapshots\low_pre_decoupled_eval_rng.pkl,27.8612505077199,0.0164199405905711,380.1340942382813,2755969.0,305.2260131835937,34754.83984375,3.9403015262502423,1.371257249886747,False,20.042685825640653,3,84d942ac75be6dee81a9690963741ab64ff815a0637afb6df5e9eeb4c11dfc6e,2e0435dc617333f354f62f319cbe332834719729c9e464715810f9d52167d258,5b6196d628721b20050045b3be0fa05c20b07469b137ef159b0cb2a57f862b36
low,7,12,f858_historical_rng_aligned,C:\Users\Asus\PycharmProjects\UNCERTAIN_EPC_RL_V3\revision_outputs\revision_v8_historical_eval_aligned_window_ablation\rng_snapshots\low_pre_decoupled_eval_rng.pkl,28.59527302551893,0.0149714655965751,378.1551208496094,2752192.75,299.5569763183594,34701.96875,3.934828019330711,1.3698671755345155,False,20.042685825640653,3,84d942ac75be6dee81a9690963741ab64ff815a0637afb6df5e9eeb4c11dfc6e,2e0435dc617333f354f62f319cbe332834719729c9e464715810f9d52167d258,5b6196d628721b20050045b3be0fa05c20b07469b137ef159b0cb2a57f862b36
low,7,13,f858_historical_rng_aligned,C:\Users\Asus\PycharmProjects\UNCERTAIN_EPC_RL_V3\revision_outputs\revision_v8_historical_eval_aligned_window_ablation\rng_snapshots\low_pre_decoupled_eval_rng.pkl,28.29815006907191,0.0161732573813101,381.847900390625,2900361.0,303.7320556640625,36558.2421875,4.08408920243061,1.4070987419910692,False,20.042685825640653,3,84d942ac75be6dee81a9690963741ab64ff815a0637afb6df5e9eeb4c11dfc6e,2e0435dc617333f354f62f319cbe332834719729c9e464715810f9d52167d258,5b6196d628721b20050045b3be0fa05c20b07469b137ef159b0cb2a57f862b36
low,7,14,f858_historical_rng_aligned,C:\Users\Asus\PycharmProjects\UNCERTAIN_EPC_RL_V3\revision_outputs\revision_v8_historical_eval_aligned_window_ablation\rng_snapshots\low_pre_decoupled_eval_rng.pkl,29.3239737220039,0.0150197006812622,353.9579162597656,3051790.0,295.0355224609375,38442.41015625,4.221446654260461,1.4401778783687778,False,20.042685825640653,3,84d942ac75be6dee81a9690963741ab64ff815a0637afb6df5e9eeb4c11dfc6e,2e0435dc617333f354f62f319cbe332834719729c9e464715810f9d52167d258,5b6196d628721b20050045b3be0fa05c20b07469b137ef159b0cb2a57f862b36
low,7,15,f858_historical_rng_aligned,C:\Users\Asus\PycharmProjects\UNCERTAIN_EPC_RL_V3\revision_outputs\revision_v8_historical_eval_aligned_window_ablation\rng_snapshots\low_pre_decoupled_eval_rng.pkl,24.98813540176921,0.0164679005660716,384.2877197265625,2623023.0,305.20733642578125,33092.99609375,3.818216657348508,1.339783469987026,False,20.042685825640653,3,84d942ac75be6dee81a9690963741ab64ff815a0637afb6df5e9eeb4c11dfc6e,2e0435dc617333f354f62f319cbe332834719729c9e464715810f9d52167d258,5b6196d628721b20050045b3be0fa05c20b07469b137ef159b0cb2a57f862b36
low,7,16,f858_historical_rng_aligned,C:\Users\Asus\PycharmProjects\UNCERTAIN_EPC_RL_V3\revision_outputs\revision_v8_historical_eval_aligned_window_ablation\rng_snapshots\low_pre_decoupled_eval_rng.pkl,28.34415874578352,0.0175562130929522,382.4913940429688,2893606.5,307.64263916015625,36477.7265625,4.078023250894778,1.405612373679604,False,20.042685825640653,3,84d942ac75be6dee81a9690963741ab64ff815a0637afb6df5e9eeb4c11dfc6e,2e0435dc617333f354f62f319cbe332834719729c9e464715810f9d52167d258,5b6196d628721b20050045b3be0fa05c20b07469b137ef159b0cb2a57f862b36
low,7,17,f858_historical_rng_aligned,C:\Users\Asus\PycharmProjects\UNCERTAIN_EPC_RL_V3\revision_outputs\revision_v8_historical_eval_aligned_window_ablation\rng_snapshots\low_pre_decoupled_eval_rng.pkl,28.44598227175248,0.0149206929051064,378.1797180175781,2869893.5,306.6626892089844,36180.33203125,4.050999072576447,1.3989635352835852,False,20.042685825640653,3,84d942ac75be6dee81a9690963741ab64ff815a0637afb6df5e9eeb4c11dfc6e,2e0435dc617333f354f62f319cbe332834719729c9e464715810f9d52167d258,5b6196d628721b20050045b3be0fa05c20b07469b137ef159b0cb2a57f862b36
low,7,18,f858_historical_rng_aligned,C:\Users\Asus\PycharmProjects\UNCERTAIN_EPC_RL_V3\revision_outputs\revision_v8_historical_eval_aligned_window_ablation\rng_snapshots\low_pre_decoupled_eval_rng.pkl,30.3207401493999,0.0134924043081836,390.86224365234375,3095059.5,312.35089111328125,39000.59375,4.295678421519188,1.4576094990786903,False,20.042685825640653,3,84d942ac75be6dee81a9690963741ab64ff815a0637afb6df5e9eeb4c11dfc6e,2e0435dc617333f354f62f319cbe332834719729c9e464715810f9d52167d258,5b6196d628721b20050045b3be0fa05c20b07469b137ef159b0cb2a57f862b36
low,7,19,f858_historical_rng_aligned,C:\Users\Asus\PycharmProjects\UNCERTAIN_EPC_RL_V3\revision_outputs\revision_v8_historical_eval_aligned_window_ablation\rng_snapshots\low_pre_decoupled_eval_rng.pkl,32.267589017592805,0.0152947419046583,386.889404296875,3399683.0,313.2491455078125,42809.2890625,4.64276561541328,1.5353102264827694,False,20.042685825640653,3,84d942ac75be6dee81a9690963741ab64ff815a0637afb6df5e9eeb4c11dfc6e,2e0435dc617333f354f62f319cbe332834719729c9e464715810f9d52167d258,5b6196d628721b20050045b3be0fa05c20b07469b137ef159b0cb2a57f862b36
low,7,20,f858_historical_rng_aligned,C:\Users\Asus\PycharmProjects\UNCERTAIN_EPC_RL_V3\revision_outputs\revision_v8_historical_eval_aligned_window_ablation\rng_snapshots\low_pre_decoupled_eval_rng.pkl,26.08365127989901,0.0150759695338865,371.4983520507813,2614539.5,304.0810546875,32985.82421875,3.801291350684888,1.3353408381311025,False,20.042685825640653,3,84d942ac75be6dee81a9690963741ab64ff815a0637afb6df5e9eeb4c11dfc6e,2e0435dc617333f354f62f319cbe332834719729c9e464715810f9d52167d258,5b6196d628721b20050045b3be0fa05c20b07469b137ef159b0cb2a57f862b36
low,7,21,f858_historical_rng_aligned,C:\Users\Asus\PycharmProjects\UNCERTAIN_EPC_RL_V3\revision_outputs\revision_v8_historical_eval_aligned_window_ablation\rng_snapshots\low_pre_decoupled_eval_rng.pkl,27.263277825144957,0.0166690193769913,389.6892700195313,2896846.25,307.6132202148437,36518.19140625,4.086424655789434,1.407670420459023,False,20.042685825640653,3,84d942ac75be6dee81a9690963741ab64ff815a0637afb6df5e9eeb4c11dfc6e,2e0435dc617333f354f62f319cbe332834719729c9e464715810f9d52167d258,5b6196d628721b20050045b3be0fa05c20b07469b137ef159b0cb2a57f862b36
low,7,22,f858_historical_rng_aligned,C:\Users\Asus\PycharmProjects\UNCERTAIN_EPC_RL_V3\revision_outputs\revision_v8_historical_eval_aligned_window_ablation\rng_snapshots\low_pre_decoupled_eval_rng.pkl,27.61984963859236,0.0157258255762491,380.3094787597656,3044641.0,299.3885498046875,38357.3984375,4.23273973797273,1.4428494755882595,False,20.042685825640653,3,84d942ac75be6dee81a9690963741ab64ff815a0637afb6df5e9eeb4c11dfc6e,2e0435dc617333f354f62f319cbe332834719729c9e464715810f9d52167d258,5b6196d628721b20050045b3be0fa05c20b07469b137ef159b0cb2a57f862b36
low,7,23,f858_historical_rng_aligned,C:\Users\Asus\PycharmProjects\UNCERTAIN_EPC_RL_V3\revision_outputs\revision_v8_historical_eval_aligned_window_ablation\rng_snapshots\low_pre_decoupled_eval_rng.pkl,27.022588910659294,0.0162636559343842,387.2948913574219,2749248.5,305.0625,34670.66796875,3.938916478066141,1.370905679921908,False,20.042685825640653,3,84d942ac75be6dee81a9690963741ab64ff815a0637afb6df5e9eeb4c11dfc6e,2e0435dc617333f354f62f319cbe332834719729c9e464715810f9d52167d258,5b6196d628721b20050045b3be0fa05c20b07469b137ef159b0cb2a57f862b36
low,7,24,f858_historical_rng_aligned,C:\Users\Asus\PycharmProjects\UNCERTAIN_EPC_RL_V3\revision_outputs\revision_v8_historical_eval_aligned_window_ablation\rng_snapshots\low_pre_decoupled_eval_rng.pkl,27.870642676302587,0.0155423646526936,365.4515380859375,2838098.0,300.11688232421875,35776.34375,4.009780636102905,1.3887365356084085,False,20.042685825640653,3,84d942ac75be6dee81a9690963741ab64ff815a0637afb6df5e9eeb4c11dfc6e,2e0435dc617333f354f62f319cbe332834719729c9e464715810f9d52167d258,5b6196d628721b20050045b3be0fa05c20b07469b137ef159b0cb2a57f862b36
low,7,25,f858_historical_rng_aligned,C:\Users\Asus\PycharmProjects\UNCERTAIN_EPC_RL_V3\revision_outputs\revision_v8_historical_eval_aligned_window_ablation\rng_snapshots\low_pre_decoupled_eval_rng.pkl,25.45246714214693,0.0187572406798289,410.3458862304688,2837545.0,315.7069091796875,35785.01953125,4.0424679639672485,1.3968553876306111,False,20.042685825640653,3,84d942ac75be6dee81a9690963741ab64ff815a0637afb6df5e9eeb4c11dfc6e,2e0435dc617333f354f62f319cbe332834719729c9e464715810f9d52167d258,5b6196d628721b20050045b3be0fa05c20b07469b137ef159b0cb2a57f862b36
low,7,26,f858_historical_rng_aligned,C:\Users\Asus\PycharmProjects\UNCERTAIN_EPC_RL_V3\revision_outputs\revision_v8_historical_eval_aligned_window_ablation\rng_snapshots\low_pre_decoupled_eval_rng.pkl,31.10519596677184,0.0131286809256558,376.2747497558594,3016439.0,305.9957275390625,38011.484375,4.200489003073879,1.435200947815262,False,20.042685825640653,3,84d942ac75be6dee81a9690963741ab64ff815a0637afb6df5e9eeb4c11dfc6e,2e0435dc617333f354f62f319cbe332834719729c9e464715810f9d52167d258,5b6196d628721b20050045b3be0fa05c20b07469b137ef159b0cb2a57f862b36
low,7,27,f858_historical_rng_aligned,C:\Users\Asus\PycharmProjects\UNCERTAIN_EPC_RL_V3\revision_outputs\revision_v8_historical_eval_aligned_window_ablation\rng_snapshots\low_pre_decoupled_eval_rng.pkl,28.796196676390423,0.0146539175256752,360.1127319335937,2962760.0,301.0165405273437,37335.515625,4.132495750311985,1.418881522354857,False,20.042685825640653,3,84d942ac75be6dee81a9690963741ab64ff815a0637afb6df5e9eeb4c11dfc6e,2e0435dc617333f354f62f319cbe332834719729c9e464715810f9d52167d258,5b6196d628721b20050045b3be0fa05c20b07469b137ef159b0cb2a57f862b36
low,7,28,f858_historical_rng_aligned,C:\Users\Asus\PycharmProjects\UNCERTAIN_EPC_RL_V3\revision_outputs\revision_v8_historical_eval_aligned_window_ablation\rng_snapshots\low_pre_decoupled_eval_rng.pkl,28.501802611862768,0.015746097751957,368.01904296875,3129123.5,301.025634765625,39415.0703125,4.315735965050076,1.4622678696788969,False,20.042685825640653,3,84d942ac75be6dee81a9690963741ab64ff815a0637afb6df5e9eeb4c11dfc6e,2e0435dc617333f354f62f319cbe332834719729c9e464715810f9d52167d258,5b6196d628721b20050045b3be0fa05c20b07469b137ef159b0cb2a57f862b36
low,7,29,f858_historical_rng_aligned,C:\Users\Asus\PycharmProjects\UNCERTAIN_EPC_RL_V3\revision_outputs\revision_v8_historical_eval_aligned_window_ablation\rng_snapshots\low_pre_decoupled_eval_rng.pkl,27.366679556373384,0.0148952571750406,379.0059814453125,2946613.0,296.0896911621094,37128.75390625,4.128725313710612,1.4179687185855472,False,20.042685825640653,3,84d942ac75be6dee81a9690963741ab64ff815a0637afb6df5e9eeb4c11dfc6e,2e0435dc617333f354f62f319cbe332834719729c9e464715810f9d52167d258,5b6196d628721b20050045b3be0fa05c20b07469b137ef159b0cb2a57f862b36
low,7,30,f858_historical_rng_aligned,C:\Users\Asus\PycharmProjects\UNCERTAIN_EPC_RL_V3\revision_outputs\revision_v8_historical_eval_aligned_window_ablation\rng_snapshots\low_pre_decoupled_eval_rng.pkl,39.93788352155692,0.0138661394849981,368.9523315429688,4267514.0,305.525634765625,53649.453125,5.8619720308918986,1.768486071020392,False,20.042685825640653,3,84d942ac75be6dee81a9690963741ab64ff815a0637afb6df5e9eeb4c11dfc6e,2e0435dc617333f354f62f319cbe332834719729c9e464715810f9d52167d258,5b6196d628721b20050045b3be0fa05c20b07469b137ef159b0cb2a57f862b36
low,7,31,f858_historical_rng_aligned,C:\Users\Asus\PycharmProjects\UNCERTAIN_EPC_RL_V3\revision_outputs\revision_v8_historical_eval_aligned_window_ablation\rng_snapshots\low_pre_decoupled_eval_rng.pkl,31.954529388133235,0.0181989405228214,385.9567565917969,3301822.0,312.9504089355469,41585.72265625,4.525512192743113,1.5097307625126186,False,20.042685825640653,3,84d942ac75be6dee81a9690963741ab64ff815a0637afb6df5e9eeb4c11dfc6e,2e0435dc617333f354f62f319cbe332834719729c9e464715810f9d52167d258,5b6196d628721b20050045b3be0fa05c20b07469b137ef159b0cb2a57f862b36
low,7,32,f858_historical_rng_aligned,C:\Users\Asus\PycharmProjects\UNCERTAIN_EPC_RL_V3\revision_outputs\revision_v8_historical_eval_aligned_window_ablation\rng_snapshots\low_pre_decoupled_eval_rng.pkl,25.49809653646653,0.015724616939025,386.80865478515625,2571721.0,305.1161804199219,32451.626953125,3.773319766919359,1.3279551887610714,False,20.042685825640653,3,84d942ac75be6dee81a9690963741ab64ff815a0637afb6df5e9eeb4c11dfc6e,2e0435dc617333f354f62f319cbe332834719729c9e464715810f9d52167d258,5b6196d628721b20050045b3be0fa05c20b07469b137ef159b0cb2a57f862b36
low,7,33,f858_historical_rng_aligned,C:\Users\Asus\PycharmProjects\UNCERTAIN_EPC_RL_V3\revision_outputs\revision_v8_historical_eval_aligned_window_ablation\rng_snapshots\low_pre_decoupled_eval_rng.pkl,24.006812119269263,0.0169394908819918,365.9003601074219,2442902.5,292.9532470703125,30829.234375,3.644154006344744,1.293124241497177,False,20.042685825640653,3,84d942ac75be6dee81a9690963741ab64ff815a0637afb6df5e9eeb4c11dfc6e,2e0435dc617333f354f62f319cbe332834719729c9e464715810f9d52167d258,5b6196d628721b20050045b3be0fa05c20b07469b137ef159b0cb2a57f862b36
low,7,34,f858_historical_rng_aligned,C:\Users\Asus\PycharmProjects\UNCERTAIN_EPC_RL_V3\revision_outputs\revision_v8_historical_eval_aligned_window_ablation\rng_snapshots\low_pre_decoupled_eval_rng.pkl,27.14619825415341,0.0175890214623802,386.2425842285156,2887489.75,309.68853759765625,36403.30859375,4.074675739027852,1.4047911702820086,False,20.042685825640653,3,84d942ac75be6dee81a9690963741ab64ff815a0637afb6df5e9eeb4c11dfc6e,2e0435dc617333f354f62f319cbe332834719729c9e464715810f9d52167d258,5b6196d628721b20050045b3be0fa05c20b07469b137ef159b0cb2a57f862b36
low,7,35,f858_historical_rng_aligned,C:\Users\Asus\PycharmProjects\UNCERTAIN_EPC_RL_V3\revision_outputs\revision_v8_historical_eval_aligned_window_ablation\rng_snapshots\low_pre_decoupled_eval_rng.pkl,32.516293348524464,0.0166552193891637,373.06396484375,3420559.25,302.196044921875,43059.1875,4.65727306036368,1.5384300966733406,False,20.042685825640653,3,84d942ac75be6dee81a9690963741ab64ff815a0637afb6df5e9eeb4c11dfc6e,2e0435dc617333f354f62f319cbe332834719729c9e464715810f9d52167d258,5b6196d628721b20050045b3be0fa05c20b07469b137ef159b0cb2a57f862b36
low,7,36,f858_historical_rng_aligned,C:\Users\Asus\PycharmProjects\UNCERTAIN_EPC_RL_V3\revision_outputs\revision_v8_historical_eval_aligned_window_ablation\rng_snapshots\low_pre_decoupled_eval_rng.pkl,26.033311318860346,0.015429666190837,373.4898071289063,2555420.5,296.805419921875,32239.560546875,3.748617594733031,1.3213871306128482,False,20.042685825640653,3,84d942ac75be6dee81a9690963741ab64ff815a0637afb6df5e9eeb4c11dfc6e,2e0435dc617333f354f62f319cbe332834719729c9e464715810f9d52167d258,5b6196d628721b20050045b3be0fa05c20b07469b137ef159b0cb2a57f862b36
low,7,37,f858_historical_rng_aligned,C:\Users\Asus\PycharmProjects\UNCERTAIN_EPC_RL_V3\revision_outputs\revision_v8_historical_eval_aligned_window_ablation\rng_snapshots\low_pre_decoupled_eval_rng.pkl,27.452937348329822,0.0153493541178153,361.2443237304688,2944344.5,294.9294738769531,37099.234375,4.11376096173705,1.4143376859299115,False,20.042685825640653,3,84d942ac75be6dee81a9690963741ab64ff815a0637afb6df5e9eeb4c11dfc6e,2e0435dc617333f354f62f319cbe332834719729c9e464715810f9d52167d258,5b6196d628721b20050045b3be0fa05c20b07469b137ef159b0cb2a57f862b36
low,7,38,f858_historical_rng_aligned,C:\Users\Asus\PycharmProjects\UNCERTAIN_EPC_RL_V3\revision_outputs\revision_v8_historical_eval_aligned_window_ablation\rng_snapshots\low_pre_decoupled_eval_rng.pkl,29.88982534857733,0.0166788718925815,375.99505615234375,3099330.25,307.31561279296875,39048.9453125,4.289316864680751,1.4561274812578937,False,20.042685825640653,3,84d942ac75be6dee81a9690963741ab64ff815a0637afb6df5e9eeb4c11dfc6e,2e0435dc617333f354f62f319cbe332834719729c9e464715810f9d52167d258,5b6196d628721b20050045b3be0fa05c20b07469b137ef159b0cb2a57f862b36
low,7,39,f858_historical_rng_aligned,C:\Users\Asus\PycharmProjects\UNCERTAIN_EPC_RL_V3\revision_outputs\revision_v8_historical_eval_aligned_window_ablation\rng_snapshots\low_pre_decoupled_eval_rng.pkl,30.300408135226157,0.0122721882100995,392.9567260742188,3032045.0,320.038818359375,38220.6015625,4.230089783847164,1.4422232183287125,False,20.042685825640653,3,84d942ac75be6dee81a9690963741ab64ff815a0637afb6df5e9eeb4c11dfc6e,2e0435dc617333f354f62f319cbe332834719729c9e464715810f9d52167d258,5b6196d628721b20050045b3be0fa05c20b07469b137ef159b0cb2a57f862b36
low,7,40,f858_historical_rng_aligned,C:\Users\Asus\PycharmProjects\UNCERTAIN_EPC_RL_V3\revision_outputs\revision_v8_historical_eval_aligned_window_ablation\rng_snapshots\low_pre_decoupled_eval_rng.pkl,27.331951058480364,0.018426142246397,399.67572021484375,3016695.5,314.02423095703125,38022.71875,4.218118755514329,1.4393892361207392,False,20.042685825640653,3,84d942ac75be6dee81a9690963741ab64ff815a0637afb6df5e9eeb4c11dfc6e,2e0435dc617333f354f62f319cbe332834719729c9e464715810f9d52167d258,5b6196d628721b20050045b3be0fa05c20b07469b137ef159b0cb2a57f862b36
low,7,41,f858_historical_rng_aligned,C:\Users\Asus\PycharmProjects\UNCERTAIN_EPC_RL_V3\revision_outputs\revision_v8_historical_eval_aligned_window_ablation\rng_snapshots\low_pre_decoupled_eval_rng.pkl,26.36103939300423,0.0157823762048027,376.0054931640625,2695124.0,301.4658203125,33990.515625,3.879130872810222,1.3556111266899842,False,20.042685825640653,3,84d942ac75be6dee81a9690963741ab64ff815a0637afb6df5e9eeb4c11dfc6e,2e0435dc617333f354f62f319cbe332834719729c9e464715810f9d52167d258,5b6196d628721b20050045b3be0fa05c20b07469b137ef159b0cb2a57f862b36
low,7,42,f858_historical_rng_aligned,C:\Users\Asus\PycharmProjects\UNCERTAIN_EPC_RL_V3\revision_outputs\revision_v8_historical_eval_aligned_window_ablation\rng_snapshots\low_pre_decoupled_eval_rng.pkl,31.72881001448389,0.0144736356582587,367.662353515625,3392355.25,300.26519775390625,42704.70703125,4.6190192300248585,1.53018239468398,False,20.042685825640653,3,84d942ac75be6dee81a9690963741ab64ff815a0637afb6df5e9eeb4c11dfc6e,2e0435dc617333f354f62f319cbe332834719729c9e464715810f9d52167d258,5b6196d628721b20050045b3be0fa05c20b07469b137ef159b0cb2a57f862b36
low,7,43,f858_historical_rng_aligned,C:\Users\Asus\PycharmProjects\UNCERTAIN_EPC_RL_V3\revision_outputs\revision_v8_historical_eval_aligned_window_ablation\rng_snapshots\low_pre_decoupled_eval_rng.pkl,26.61168112673792,0.0175009479535642,421.35345458984375,2904515.0,328.1419372558594,36634.578125,4.118666731230338,1.4155295020640926,False,20.042685825640653,3,84d942ac75be6dee81a9690963741ab64ff815a0637afb6df5e9eeb4c11dfc6e,2e0435dc617333f354f62f319cbe332834719729c9e464715810f9d52167d258,5b6196d628721b20050045b3be0fa05c20b07469b137ef159b0cb2a57f862b36
low,7,44,f858_historical_rng_aligned,C:\Users\Asus\PycharmProjects\UNCERTAIN_EPC_RL_V3\revision_outputs\revision_v8_historical_eval_aligned_window_ablation\rng_snapshots\low_pre_decoupled_eval_rng.pkl,29.871026135223087,0.0153507333409884,366.3294067382813,3158108.0,303.8958435058594,39780.24609375,4.346850915245974,1.4694516554088657,False,20.042685825640653,3,84d942ac75be6dee81a9690963741ab64ff815a0637afb6df5e9eeb4c11dfc6e,2e0435dc617333f354f62f319cbe332834719729c9e464715810f9d52167d258,5b6196d628721b20050045b3be0fa05c20b07469b137ef159b0cb2a57f862b36
low,7,45,f858_historical_rng_aligned,C:\Users\Asus\PycharmProjects\UNCERTAIN_EPC_RL_V3\revision_outputs\revision_v8_historical_eval_aligned_window_ablation\rng_snapshots\low_pre_decoupled_eval_rng.pkl,26.98193212820445,0.015202541010924,375.1063232421875,2937937.75,300.4473876953125,37024.671875,4.117395022868913,1.415220687387977,False,20.042685825640653,3,84d942ac75be6dee81a9690963741ab64ff815a0637afb6df5e9eeb4c11dfc6e,2e0435dc617333f354f62f319cbe332834719729c9e464715810f9d52167d258,5b6196d628721b20050045b3be0fa05c20b07469b137ef159b0cb2a57f862b36
low,7,46,f858_historical_rng_aligned,C:\Users\Asus\PycharmProjects\UNCERTAIN_EPC_RL_V3\revision_outputs\revision_v8_historical_eval_aligned_window_ablation\rng_snapshots\low_pre_decoupled_eval_rng.pkl,27.881931655857294,0.0143225581602677,393.912109375,2990606.0,312.052490234375,37694.625,4.186371354865061,1.4318343336257988,False,20.042685825640653,3,84d942ac75be6dee81a9690963741ab64ff815a0637afb6df5e9eeb4c11dfc6e,2e0435dc617333f354f62f319cbe332834719729c9e464715810f9d52167d258,5b6196d628721b20050045b3be0fa05c20b07469b137ef159b0cb2a57f862b36
low,7,47,f858_historical_rng_aligned,C:\Users\Asus\PycharmProjects\UNCERTAIN_EPC_RL_V3\revision_outputs\revision_v8_historical_eval_aligned_window_ablation\rng_snapshots\low_pre_decoupled_eval_rng.pkl,28.381468805303907,0.0144431659248216,380.96087646484375,2927936.5,310.36968994140625,36909.578125,4.112099517976422,1.4139337297025192,False,20.042685825640653,3,84d942ac75be6dee81a9690963741ab64ff815a0637afb6df5e9eeb4c11dfc6e,2e0435dc617333f354f62f319cbe332834719729c9e464715810f9d52167d258,5b6196d628721b20050045b3be0fa05c20b07469b137ef159b0cb2a57f862b36
low,7,48,f858_historical_rng_aligned,C:\Users\Asus\PycharmProjects\UNCERTAIN_EPC_RL_V3\revision_outputs\revision_v8_historical_eval_aligned_window_ablation\rng_snapshots\low_pre_decoupled_eval_rng.pkl,27.85512246117985,0.0163240285882403,387.3095703125,2888867.5,306.60064697265625,36417.4453125,4.0765775347596245,1.4052577968736264,False,20.042685825640653,3,84d942ac75be6dee81a9690963741ab64ff815a0637afb6df5e9eeb4c11dfc6e,2e0435dc617333f354f62f319cbe332834719729c9e464715810f9d52167d258,5b6196d628721b20050045b3be0fa05c20b07469b137ef159b0cb2a57f862b36
low,7,49,f858_historical_rng_aligned,C:\Users\Asus\PycharmProjects\UNCERTAIN_EPC_RL_V3\revision_outputs\revision_v8_historical_eval_aligned_window_ablation\rng_snapshots\low_pre_decoupled_eval_rng.pkl,28.97796503673832,0.0197879544191073,398.5535583496094,2944237.0,315.47833251953125,37118.4375,4.14181445287045,1.4211339654635888,False,20.042685825640653,3,84d942ac75be6dee81a9690963741ab64ff815a0637afb6df5e9eeb4c11dfc6e,2e0435dc617333f354f62f319cbe332834719729c9e464715810f9d52167d258,5b6196d628721b20050045b3be0fa05c20b07469b137ef159b0cb2a57f862b36
low,7,50,f858_historical_rng_aligned,C:\Users\Asus\PycharmProjects\UNCERTAIN_EPC_RL_V3\revision_outputs\revision_v8_historical_eval_aligned_window_ablation\rng_snapshots\low_pre_decoupled_eval_rng.pkl,28.657953890990868,0.0172650367088159,385.8669738769531,2982062.75,308.2430114746094,37584.02734375,4.171378896623076,1.4282466518042347,False,20.042685825640653,3,84d942ac75be6dee81a9690963741ab64ff815a0637afb6df5e9eeb4c11dfc6e,2e0435dc617333f354f62f319cbe332834719729c9e464715810f9d52167d258,5b6196d628721b20050045b3be0fa05c20b07469b137ef159b0cb2a57f862b36
low,7,51,f858_historical_rng_aligned,C:\Users\Asus\PycharmProjects\UNCERTAIN_EPC_RL_V3\revision_outputs\revision_v8_historical_eval_aligned_window_ablation\rng_snapshots\low_pre_decoupled_eval_rng.pkl,24.71841726249137,0.0160249726909049,382.85595703125,2640231.0,299.0472717285156,33301.93359375,3.832594808247993,1.343542069422105,False,20.042685825640653,3,84d942ac75be6dee81a9690963741ab64ff815a0637afb6df5e9eeb4c11dfc6e,2e0435dc617333f354f62f319cbe332834719729c9e464715810f9d52167d258,5b6196d628721b20050045b3be0fa05c20b07469b137ef159b0cb2a57f862b36
low,7,52,f858_historical_rng_aligned,C:\Users\Asus\PycharmProjects\UNCERTAIN_EPC_RL_V3\revision_outputs\revision_v8_historical_eval_aligned_window_ablation\rng_snapshots\low_pre_decoupled_eval_rng.pkl,25.9556516148926,0.0182120076664238,376.95257568359375,2760972.0,296.43133544921875,34808.578125,3.942189094900713,1.3717361768597738,False,20.042685825640653,3,84d942ac75be6dee81a9690963741ab64ff815a0637afb6df5e9eeb4c11dfc6e,2e0435dc617333f354f62f319cbe332834719729c9e464715810f9d52167d258,5b6196d628721b20050045b3be0fa05c20b07469b137ef159b0cb2a57f862b36
low,7,53,f858_historical_rng_aligned,C:\Users\Asus\PycharmProjects\UNCERTAIN_EPC_RL_V3\revision_outputs\revision_v8_historical_eval_aligned_window_ablation\rng_snapshots\low_pre_decoupled_eval_rng.pkl,26.32412734586945,0.0153612983911125,375.0709838867188,2603389.0,291.75347900390625,32834.1171875,3.792729033351229,1.3330858215446284,False,20.042685825640653,3,84d942ac75be6dee81a9690963741ab64ff815a0637afb6df5e9eeb4c11dfc6e,2e0435dc617333f354f62f319cbe332834719729c9e464715810f9d52167d258,5b6196d628721b20050045b3be0fa05c20b07469b137ef159b0cb2a57f862b36
low,7,54,f858_historical_rng_aligned,C:\Users\Asus\PycharmProjects\UNCERTAIN_EPC_RL_V3\revision_outputs\revision_v8_historical_eval_aligned_window_ablation\rng_snapshots\low_pre_decoupled_eval_rng.pkl,29.444558047267723,0.0168997213921909,382.0365905761719,2997587.75,312.3495788574219,37782.1953125,4.18525301376356,1.4315671594051436,False,20.042685825640653,3,84d942ac75be6dee81a9690963741ab64ff815a0637afb6df5e9eeb4c11dfc6e,2e0435dc617333f354f62f319cbe332834719729c9e464715810f9d52167d258,5b6196d628721b20050045b3be0fa05c20b07469b137ef159b0cb2a57f862b36
low,7,55,f858_historical_rng_aligned,C:\Users\Asus\PycharmProjects\UNCERTAIN_EPC_RL_V3\revision_outputs\revision_v8_historical_eval_aligned_window_ablation\rng_snapshots\low_pre_decoupled_eval_rng.pkl,30.51676271974892,0.0149345173527021,400.157470703125,3198355.5,318.60479736328125,40298.05078125,4.417286697335356,1.4855256382135122,False,20.042685825640653,3,84d942ac75be6dee81a9690963741ab64ff815a0637afb6df5e9eeb4c11dfc6e,2e0435dc617333f354f62f319cbe332834719729c9e464715810f9d52167d258,5b6196d628721b20050045b3be0fa05c20b07469b137ef159b0cb2a57f862b36
low,7,56,f858_historical_rng_aligned,C:\Users\Asus\PycharmProjects\UNCERTAIN_EPC_RL_V3\revision_outputs\revision_v8_historical_eval_aligned_window_ablation\rng_snapshots\low_pre_decoupled_eval_rng.pkl,22.00960055939041,0.0150359557123206,385.8909301757813,2163067.5,289.6638488769531,27328.0078125,3.428840705772884,1.2322222173923498,False,20.042685825640653,3,84d942ac75be6dee81a9690963741ab64ff815a0637afb6df5e9eeb4c11dfc6e,2e0435dc617333f354f62f319cbe332834719729c9e464715810f9d52167d258,5b6196d628721b20050045b3be0fa05c20b07469b137ef159b0cb2a57f862b36
low,7,57,f858_historical_rng_aligned,C:\Users\Asus\PycharmProjects\UNCERTAIN_EPC_RL_V3\revision_outputs\revision_v8_historical_eval_aligned_window_ablation\rng_snapshots\low_pre_decoupled_eval_rng.pkl,26.515273027615702,0.0159751660127307,368.7332458496094,2872556.75,296.6388244628906,36203.6015625,4.046189194390813,1.397775498500251,False,20.042685825640653,3,84d942ac75be6dee81a9690963741ab64ff815a0637afb6df5e9eeb4c11dfc6e,2e0435dc617333f354f62f319cbe332834719729c9e464715810f9d52167d258,5b6196d628721b20050045b3be0fa05c20b07469b137ef159b0cb2a57f862b36
low,7,58,f858_historical_rng_aligned,C:\Users\Asus\PycharmProjects\UNCERTAIN_EPC_RL_V3\revision_outputs\revision_v8_historical_eval_aligned_window_ablation\rng_snapshots\low_pre_decoupled_eval_rng.pkl,25.455153275138336,0.0127670627081206,365.932373046875,2619364.5,294.4385986328125,33036.49609375,3.801081527022036,1.3352856386121417,False,20.042685825640653,3,84d942ac75be6dee81a9690963741ab64ff815a0637afb6df5e9eeb4c11dfc6e,2e0435dc617333f354f62f319cbe332834719729c9e464715810f9d52167d258,5b6196d628721b20050045b3be0fa05c20b07469b137ef159b0cb2a57f862b36
low,7,59,f858_historical_rng_aligned,C:\Users\Asus\PycharmProjects\UNCERTAIN_EPC_RL_V3\revision_outputs\revision_v8_historical_eval_aligned_window_ablation\rng_snapshots\low_pre_decoupled_eval_rng.pkl,31.139043813373355,0.0151083538188234,366.7897644042969,3202574.0,295.46026611328125,40327.63671875,4.3962349997489,1.480748492744255,False,20.042685825640653,3,84d942ac75be6dee81a9690963741ab64ff815a0637afb6df5e9eeb4c11dfc6e,2e0435dc617333f354f62f319cbe332834719729c9e464715810f9d52167d258,5b6196d628721b20050045b3be0fa05c20b07469b137ef159b0cb2a57f862b36
low,7,60,f858_historical_rng_aligned,C:\Users\Asus\PycharmProjects\UNCERTAIN_EPC_RL_V3\revision_outputs\revision_v8_historical_eval_aligned_window_ablation\rng_snapshots\low_pre_decoupled_eval_rng.pkl,26.53202661653899,0.0170191589095432,384.47314453125,2831405.75,312.87030029296875,35705.44140625,4.017620256403503,1.3906897513249163,False,20.042685825640653,3,84d942ac75be6dee81a9690963741ab64ff815a0637afb6df5e9eeb4c11dfc6e,2e0435dc617333f354f62f319cbe332834719729c9e464715810f9d52167d258,5b6196d628721b20050045b3be0fa05c20b07469b137ef159b0cb2a57f862b36
low,7,61,f858_historical_rng_aligned,C:\Users\Asus\PycharmProjects\UNCERTAIN_EPC_RL_V3\revision_outputs\revision_v8_historical_eval_aligned_window_ablation\rng_snapshots\low_pre_decoupled_eval_rng.pkl,26.995938449574,0.0148460704383377,389.7037963867188,2892566.75,306.3954467773437,36463.48046875,4.082005962761407,1.406588525131664,False,20.042685825640653,3,84d942ac75be6dee81a9690963741ab64ff815a0637afb6df5e9eeb4c11dfc6e,2e0435dc617333f354f62f319cbe332834719729c9e464715810f9d52167d258,5b6196d628721b20050045b3be0fa05c20b07469b137ef159b0cb2a57f862b36
low,7,62,f858_historical_rng_aligned,C:\Users\Asus\PycharmProjects\UNCERTAIN_EPC_RL_V3\revision_outputs\revision_v8_historical_eval_aligned_window_ablation\rng_snapshots\low_pre_decoupled_eval_rng.pkl,29.345883332518387,0.0145729085535179,375.6275634765625,2963939.75,300.6775207519531,37349.921875,4.144623091287068,1.4218118535208406,False,20.042685825640653,3,84d942ac75be6dee81a9690963741ab64ff815a0637afb6df5e9eeb4c11dfc6e,2e0435dc617333f354f62f319cbe332834719729c9e464715810f9d52167d258,5b6196d628721b20050045b3be0fa05c20b07469b137ef159b0cb2a57f862b36
low,7,63,f858_historical_rng_aligned,C:\Users\Asus\PycharmProjects\UNCERTAIN_EPC_RL_V3\revision_outputs\revision_v8_historical_eval_aligned_window_ablation\rng_snapshots\low_pre_decoupled_eval_rng.pkl,28.85616897548305,0.0150247440796042,383.523681640625,2862653.5,311.62799072265625,36094.796875,4.047937763987225,1.3982075573578907,False,20.042685825640653,3,84d942ac75be6dee81a9690963741ab64ff815a0637afb6df5e9eeb4c11dfc6e,2e0435dc617333f354f62f319cbe332834719729c9e464715810f9d52167d258,5b6196d628721b20050045b3be0fa05c20b07469b137ef159b0cb2a57f862b36
low,7,64,f858_historical_rng_aligned,C:\Users\Asus\PycharmProjects\UNCERTAIN_EPC_RL_V3\revision_outputs\revision_v8_historical_eval_aligned_window_ablation\rng_snapshots\low_pre_decoupled_eval_rng.pkl,27.65443886807818,0.0133796395656946,381.3214721679688,3016851.25,303.6260986328125,38014.265625,4.204302536760458,1.4361084144502656,False,20.042685825640653,3,84d942ac75be6dee81a9690963741ab64ff815a0637afb6df5e9eeb4c11dfc6e,2e0435dc617333f354f62f319cbe332834719729c9e464715810f9d52167d258,5b6196d628721b20050045b3be0fa05c20b07469b137ef159b0cb2a57f862b36
low,7,65,f858_historical_rng_aligned,C:\Users\Asus\PycharmProjects\UNCERTAIN_EPC_RL_V3\revision_outputs\revision_v8_historical_eval_aligned_window_ablation\rng_snapshots\low_pre_decoupled_eval_rng.pkl,27.242454486708997,0.0182030211227422,410.7850646972656,2862427.25,321.87384033203125,36102.21484375,4.068065174642792,1.4031674993565952,False,20.042685825640653,3,84d942ac75be6dee81a9690963741ab64ff815a0637afb6df5e9eeb4c11dfc6e,2e0435dc617333f354f62f319cbe332834719729c9e464715810f9d52167d258,5b6196d628721b20050045b3be0fa05c20b07469b137ef159b0cb2a57f862b36
low,7,66,f858_historical_rng_aligned,C:\Users\Asus\PycharmProjects\UNCERTAIN_EPC_RL_V3\revision_outputs\revision_v8_historical_eval_aligned_window_ablation\rng_snapshots\low_pre_decoupled_eval_rng.pkl,23.09056815403628,0.0161473607582668,370.818603515625,2303640.0,290.65948486328125,29086.16015625,3.530515265404932,1.261443827829789,False,20.042685825640653,3,84d942ac75be6dee81a9690963741ab64ff815a0637afb6df5e9eeb4c11dfc6e,2e0435dc617333f354f62f319cbe332834719729c9e464715810f9d52167d258,5b6196d628721b20050045b3be0fa05c20b07469b137ef159b0cb2a57f862b36
low,7,67,f858_historical_rng_aligned,C:\Users\Asus\PycharmProjects\UNCERTAIN_EPC_RL_V3\revision_outputs\revision_v8_historical_eval_aligned_window_ablation\rng_snapshots\low_pre_decoupled_eval_rng.pkl,26.21431458159879,0.015665989496267,388.25396728515625,2689013.0,305.0220947265625,33917.6875,3.882348471941533,1.356440246802972,False,20.042685825640653,3,84d942ac75be6dee81a9690963741ab64ff815a0637afb6df5e9eeb4c11dfc6e,2e0435dc617333f354f62f319cbe332834719729c9e464715810f9d52167d258,5b6196d628721b20050045b3be0fa05c20b07469b137ef159b0cb2a57f862b36
low,7,68,f858_historical_rng_aligned,C:\Users\Asus\PycharmProjects\UNCERTAIN_EPC_RL_V3\revision_outputs\revision_v8_historical_eval_aligned_window_ablation\rng_snapshots\low_pre_decoupled_eval_rng.pkl,29.143377807990245,0.0159435147877895,370.6513671875,2970000.5,300.19830322265625,37425.20703125,4.147358799858798,1.4224716978637018,False,20.042685825640653,3,84d942ac75be6dee81a9690963741ab64ff815a0637afb6df5e9eeb4c11dfc6e,2e0435dc617333f354f62f319cbe332834719729c9e464715810f9d52167d258,5b6196d628721b20050045b3be0fa05c20b07469b137ef159b0cb2a57f862b36
low,7,69,f858_historical_rng_aligned,C:\Users\Asus\PycharmProjects\UNCERTAIN_EPC_RL_V3\revision_outputs\revision_v8_historical_eval_aligned_window_ablation\rng_snapshots\low_pre_decoupled_eval_rng.pkl,30.389416433784447,0.0156953347868928,373.821044921875,3221974.25,306.63018798828125,40581.30859375,4.424193120986328,1.4870879162931108,False,20.042685825640653,3,84d942ac75be6dee81a9690963741ab64ff815a0637afb6df5e9eeb4c11dfc6e,2e0435dc617333f354f62f319cbe332834719729c9e464715810f9d52167d258,5b6196d628721b20050045b3be0fa05c20b07469b137ef159b0cb2a57f862b36
low,7,70,f858_historical_rng_aligned,C:\Users\Asus\PycharmProjects\UNCERTAIN_EPC_RL_V3\revision_outputs\revision_v8_historical_eval_aligned_window_ablation\rng_snapshots\low_pre_decoupled_eval_rng.pkl,27.421190984341315,0.0138429940395798,361.77777099609375,2791678.25,293.7186279296875,35189.6953125,3.9610535692241937,1.3765100427150023,False,20.042685825640653,3,84d942ac75be6dee81a9690963741ab64ff815a0637afb6df5e9eeb4c11dfc6e,2e0435dc617333f354f62f319cbe332834719729c9e464715810f9d52167d258,5b6196d628721b20050045b3be0fa05c20b07469b137ef159b0cb2a57f862b36
low,7,71,f858_historical_rng_aligned,C:\Users\Asus\PycharmProjects\UNCERTAIN_EPC_RL_V3\revision_outputs\revision_v8_historical_eval_aligned_window_ablation\rng_snapshots\low_pre_decoupled_eval_rng.pkl,29.262314957884456,0.0152992962388521,381.49993896484375,2993120.0,301.9583740234375,37715.95703125,4.179313447409714,1.4301469860154754,False,20.042685825640653,3,84d942ac75be6dee81a9690963741ab64ff815a0637afb6df5e9eeb4c11dfc6e,2e0435dc617333f354f62f319cbe332834719729c9e464715810f9d52167d258,5b6196d628721b20050045b3be0fa05c20b07469b137ef159b0cb2a57f862b36
low,7,72,f858_historical_rng_aligned,C:\Users\Asus\PycharmProjects\UNCERTAIN_EPC_RL_V3\revision_outputs\revision_v8_historical_eval_aligned_window_ablation\rng_snapshots\low_pre_decoupled_eval_rng.pkl,26.996286827008813,0.012563093725664,375.7915649414063,2803295.0,301.15948486328125,35342.34765625,3.9828664574203496,1.382001775497921,False,20.042685825640653,3,84d942ac75be6dee81a9690963741ab64ff815a0637afb6df5e9eeb4c11dfc6e,2e0435dc617333f354f62f319cbe332834719729c9e464715810f9d52167d258,5b6196d628721b20050045b3be0fa05c20b07469b137ef159b0cb2a57f862b36
low,7,73,f858_historical_rng_aligned,C:\Users\Asus\PycharmProjects\UNCERTAIN_EPC_RL_V3\revision_outputs\revision_v8_historical_eval_aligned_window_ablation\rng_snapshots\low_pre_decoupled_eval_rng.pkl,29.507948756348767,0.0175830990083607,391.5233154296875,3045328.25,307.31671142578125,38373.91796875,4.242134177314087,1.445066486315068,False,20.042685825640653,3,84d942ac75be6dee81a9690963741ab64ff815a0637afb6df5e9eeb4c11dfc6e,2e0435dc617333f354f62f319cbe332834719729c9e464715810f9d52167d258,5b6196d628721b20050045b3be0fa05c20b07469b137ef159b0cb2a57f862b36
low,7,74,f858_historical_rng_aligned,C:\Users\Asus\PycharmProjects\UNCERTAIN_EPC_RL_V3\revision_outputs\revision_v8_historical_eval_aligned_window_ablation\rng_snapshots\low_pre_decoupled_eval_rng.pkl,32.35998391377095,0.0163672342059537,379.8297119140625,3593794.5,309.7977905273437,45232.2265625,4.880994665042466,1.5853490238993866,False,20.042685825640653,3,84d942ac75be6dee81a9690963741ab64ff815a0637afb6df5e9eeb4c11dfc6e,2e0435dc617333f354f62f319cbe332834719729c9e464715810f9d52167d258,5b6196d628721b20050045b3be0fa05c20b07469b137ef159b0cb2a57f862b36
low,7,75,f858_historical_rng_aligned,C:\Users\Asus\PycharmProjects\UNCERTAIN_EPC_RL_V3\revision_outputs\revision_v8_historical_eval_aligned_window_ablation\rng_snapshots\low_pre_decoupled_eval_rng.pkl,27.37185960389131,0.0149536312884147,380.7700805664063,2965652.0,303.7542419433594,37374.40234375,4.150299860629429,1.423180587205655,False,20.042685825640653,3,84d942ac75be6dee81a9690963741ab64ff815a0637afb6df5e9eeb4c11dfc6e,2e0435dc617333f354f62f319cbe332834719729c9e464715810f9d52167d258,5b6196d628721b20050045b3be0fa05c20b07469b137ef159b0cb2a57f862b36
low,7,76,f858_historical_rng_aligned,C:\Users\Asus\PycharmProjects\UNCERTAIN_EPC_RL_V3\revision_outputs\revision_v8_historical_eval_aligned_window_ablation\rng_snapshots\low_pre_decoupled_eval_rng.pkl,31.80008290051249,0.0149988717121436,361.48046875,3426997.75,297.61737060546875,43135.08984375,4.656533947403212,1.5382713832790424,False,20.042685825640653,3,84d942ac75be6dee81a9690963741ab64ff815a0637afb6df5e9eeb4c11dfc6e,2e0435dc617333f354f62f319cbe332834719729c9e464715810f9d52167d258,5b6196d628721b20050045b3be0fa05c20b07469b137ef159b0cb2a57f862b36
low,7,77,f858_historical_rng_aligned,C:\Users\Asus\PycharmProjects\UNCERTAIN_EPC_RL_V3\revision_outputs\revision_v8_historical_eval_aligned_window_ablation\rng_snapshots\low_pre_decoupled_eval_rng.pkl,33.315828399227215,0.0149443201796371,366.6807556152344,3566964.0,305.58251953125,44892.6328125,4.83658526479212,1.5762089479262176,False,20.042685825640653,3,84d942ac75be6dee81a9690963741ab64ff815a0637afb6df5e9eeb4c11dfc6e,2e0435dc617333f354f62f319cbe332834719729c9e464715810f9d52167d258,5b6196d628721b20050045b3be0fa05c20b07469b137ef159b0cb2a57f862b36
low,7,78,f858_historical_rng_aligned,C:\Users\Asus\PycharmProjects\UNCERTAIN_EPC_RL_V3\revision_outputs\revision_v8_historical_eval_aligned_window_ablation\rng_snapshots\low_pre_decoupled_eval_rng.pkl,24.772626743525617,0.0159157551054497,382.53656005859375,2452687.0,299.2435913085937,30957.83203125,3.6647918182124615,1.2987715310547394,False,20.042685825640653,3,84d942ac75be6dee81a9690963741ab64ff815a0637afb6df5e9eeb4c11dfc6e,2e0435dc617333f354f62f319cbe332834719729c9e464715810f9d52167d258,5b6196d628721b20050045b3be0fa05c20b07469b137ef159b0cb2a57f862b36
low,7,79,f858_historical_rng_aligned,C:\Users\Asus\PycharmProjects\UNCERTAIN_EPC_RL_V3\revision_outputs\revision_v8_historical_eval_aligned_window_ablation\rng_snapshots\low_pre_decoupled_eval_rng.pkl,28.382098318035556,0.0154853019340104,392.5277404785156,2873233.5,309.7413635253906,36225.16015625,4.064810000611652,1.4023670015904743,False,20.042685825640653,3,84d942ac75be6dee81a9690963741ab64ff815a0637afb6df5e9eeb4c11dfc6e,2e0435dc617333f354f62f319cbe332834719729c9e464715810f9d52167d258,5b6196d628721b20050045b3be0fa05c20b07469b137ef159b0cb2a57f862b36
low,7,80,f858_historical_rng_aligned,C:\Users\Asus\PycharmProjects\UNCERTAIN_EPC_RL_V3\revision_outputs\revision_v8_historical_eval_aligned_window_ablation\rng_snapshots\low_pre_decoupled_eval_rng.pkl,27.96573390525441,0.0186001704803174,383.5671997070313,2953058.75,304.9488830566406,37218.18359375,4.139346226178255,1.4205378589850544,False,20.042685825640653,3,84d942ac75be6dee81a9690963741ab64ff815a0637afb6df5e9eeb4c11dfc6e,2e0435dc617333f354f62f319cbe332834719729c9e464715810f9d52167d258,5b6196d628721b20050045b3be0fa05c20b07469b137ef159b0cb2a57f862b36
low,7,81,f858_historical_rng_aligned,C:\Users\Asus\PycharmProjects\UNCERTAIN_EPC_RL_V3\revision_outputs\revision_v8_historical_eval_aligned_window_ablation\rng_snapshots\low_pre_decoupled_eval_rng.pkl,32.70977248689918,0.013295554316174,364.9610595703125,3312684.25,303.0669250488281,41711.62109375,4.522462738352354,1.509056699083079,False,20.042685825640653,3,84d942ac75be6dee81a9690963741ab64ff815a0637afb6df5e9eeb4c11dfc6e,2e0435dc617333f354f62f319cbe332834719729c9e464715810f9d52167d258,5b6196d628721b20050045b3be0fa05c20b07469b137ef159b0cb2a57f862b36
low,7,82,f858_historical_rng_aligned,C:\Users\Asus\PycharmProjects\UNCERTAIN_EPC_RL_V3\revision_outputs\revision_v8_historical_eval_aligned_window_ablation\rng_snapshots\low_pre_decoupled_eval_rng.pkl,28.44338368588966,0.0153359142938809,369.3521118164063,2916933.0,301.2213134765625,36762.88671875,4.091892473511125,1.4090075704985563,False,20.042685825640653,3,84d942ac75be6dee81a9690963741ab64ff815a0637afb6df5e9eeb4c11dfc6e,2e0435dc617333f354f62f319cbe332834719729c9e464715810f9d52167d258,5b6196d628721b20050045b3be0fa05c20b07469b137ef159b0cb2a57f862b36
low,7,83,f858_historical_rng_aligned,C:\Users\Asus\PycharmProjects\UNCERTAIN_EPC_RL_V3\revision_outputs\revision_v8_historical_eval_aligned_window_ablation\rng_snapshots\low_pre_decoupled_eval_rng.pkl,27.608743534565946,0.0135975030207421,393.6282043457031,2855233.25,311.5921325683594,36002.0078125,4.0477251841730615,1.3981550403952716,False,20.042685825640653,3,84d942ac75be6dee81a9690963741ab64ff815a0637afb6df5e9eeb4c11dfc6e,2e0435dc617333f354f62f319cbe332834719729c9e464715810f9d52167d258,5b6196d628721b20050045b3be0fa05c20b07469b137ef159b0cb2a57f862b36
low,7,84,f858_historical_rng_aligned,C:\Users\Asus\PycharmProjects\UNCERTAIN_EPC_RL_V3\revision_outputs\revision_v8_historical_eval_aligned_window_ablation\rng_snapshots\low_pre_decoupled_eval_rng.pkl,24.248788538093525,0.0178918224635345,388.216552734375,2533014.5,300.7254638671875,31963.40625,3.739349698291953,1.3189117188459574,False,20.042685825640653,3,84d942ac75be6dee81a9690963741ab64ff815a0637afb6df5e9eeb4c11dfc6e,2e0435dc617333f354f62f319cbe332834719729c9e464715810f9d52167d258,5b6196d628721b20050045b3be0fa05c20b07469b137ef159b0cb2a57f862b36
low,7,85,f858_historical_rng_aligned,C:\Users\Asus\PycharmProjects\UNCERTAIN_EPC_RL_V3\revision_outputs\revision_v8_historical_eval_aligned_window_ablation\rng_snapshots\low_pre_decoupled_eval_rng.pkl,25.0265773420738,0.014115946162969,372.580810546875,2562717.75,298.36737060546875,32332.33984375,3.754636213319917,1.3229913999156564,False,20.042685825640653,3,84d942ac75be6dee81a9690963741ab64ff815a0637afb6df5e9eeb4c11dfc6e,2e0435dc617333f354f62f319cbe332834719729c9e464715810f9d52167d258,5b6196d628721b20050045b3be0fa05c20b07469b137ef159b0cb2a57f862b36
low,7,86,f858_historical_rng_aligned,C:\Users\Asus\PycharmProjects\UNCERTAIN_EPC_RL_V3\revision_outputs\revision_v8_historical_eval_aligned_window_ablation\rng_snapshots\low_pre_decoupled_eval_rng.pkl,30.516564868454388,0.0169625597298831,391.1846923828125,3226871.75,306.12841796875,40642.02734375,4.442060173896353,1.491118271957779,False,20.042685825640653,3,84d942ac75be6dee81a9690963741ab64ff815a0637afb6df5e9eeb4c11dfc6e,2e0435dc617333f354f62f319cbe332834719729c9e464715810f9d52167d258,5b6196d628721b20050045b3be0fa05c20b07469b137ef159b0cb2a57f862b36
low,7,87,f858_historical_rng_aligned,C:\Users\Asus\PycharmProjects\UNCERTAIN_EPC_RL_V3\revision_outputs\revision_v8_historical_eval_aligned_window_ablation\rng_snapshots\low_pre_decoupled_eval_rng.pkl,34.16541244624167,0.016389724372928,376.0056457519531,3633885.0,303.01190185546875,45726.57421875,4.930014948636617,1.5953420202278146,False,20.042685825640653,3,84d942ac75be6dee81a9690963741ab64ff815a0637afb6df5e9eeb4c11dfc6e,2e0435dc617333f354f62f319cbe332834719729c9e464715810f9d52167d258,5b6196d628721b20050045b3be0fa05c20b07469b137ef159b0cb2a57f862b36
low,7,88,f858_historical_rng_aligned,C:\Users\Asus\PycharmProjects\UNCERTAIN_EPC_RL_V3\revision_outputs\revision_v8_historical_eval_aligned_window_ablation\rng_snapshots\low_pre_decoupled_eval_rng.pkl,29.32978973959977,0.0148665688388516,373.40924072265625,2966091.75,301.8564453125,37378.00390625,4.145384769114113,1.4219956115683634,False,20.042685825640653,3,84d942ac75be6dee81a9690963741ab64ff815a0637afb6df5e9eeb4c11dfc6e,2e0435dc617333f354f62f319cbe332834719729c9e464715810f9d52167d258,5b6196d628721b20050045b3be0fa05c20b07469b137ef159b0cb2a57f862b36
low,7,89,f858_historical_rng_aligned,C:\Users\Asus\PycharmProjects\UNCERTAIN_EPC_RL_V3\revision_outputs\revision_v8_historical_eval_aligned_window_ablation\rng_snapshots\low_pre_decoupled_eval_rng.pkl,24.63121802740363,0.0136478900563971,381.8677978515625,2465811.5,294.42779541015625,31117.072265625,3.675348847317565,1.301648052599914,False,20.042685825640653,3,84d942ac75be6dee81a9690963741ab64ff815a0637afb6df5e9eeb4c11dfc6e,2e0435dc617333f354f62f319cbe332834719729c9e464715810f9d52167d258,5b6196d628721b20050045b3be0fa05c20b07469b137ef159b0cb2a57f862b36
low,7,90,f858_historical_rng_aligned,C:\Users\Asus\PycharmProjects\UNCERTAIN_EPC_RL_V3\revision_outputs\revision_v8_historical_eval_aligned_window_ablation\rng_snapshots\low_pre_decoupled_eval_rng.pkl,26.853535111707156,0.0180733400678101,383.8717651367188,2882662.75,297.5388488769531,36330.82421875,4.067141507683368,1.4029404204391291,False,20.042685825640653,3,84d942ac75be6dee81a9690963741ab64ff815a0637afb6df5e9eeb4c11dfc6e,2e0435dc617333f354f62f319cbe332834719729c9e464715810f9d52167d258,5b6196d628721b20050045b3be0fa05c20b07469b137ef159b0cb2a57f862b36
low,7,91,f858_historical_rng_aligned,C:\Users\Asus\PycharmProjects\UNCERTAIN_EPC_RL_V3\revision_outputs\revision_v8_historical_eval_aligned_window_ablation\rng_snapshots\low_pre_decoupled_eval_rng.pkl,25.34248006088532,0.0155220320400231,390.5327453613281,2577482.0,304.4515380859375,32522.9765625,3.781127296718485,1.3300221918158717,False,20.042685825640653,3,84d942ac75be6dee81a9690963741ab64ff815a0637afb6df5e9eeb4c11dfc6e,2e0435dc617333f354f62f319cbe332834719729c9e464715810f9d52167d258,5b6196d628721b20050045b3be0fa05c20b07469b137ef159b0cb2a57f862b36
low,7,92,f858_historical_rng_aligned,C:\Users\Asus\PycharmProjects\UNCERTAIN_EPC_RL_V3\revision_outputs\revision_v8_historical_eval_aligned_window_ablation\rng_snapshots\low_pre_decoupled_eval_rng.pkl,25.287157732369515,0.0160248330362265,380.6340942382813,2445220.5,298.8148193359375,30864.0703125,3.656968355427208,1.296634485978919,False,20.042685825640653,3,84d942ac75be6dee81a9690963741ab64ff815a0637afb6df5e9eeb4c11dfc6e,2e0435dc617333f354f62f319cbe332834719729c9e464715810f9d52167d258,5b6196d628721b20050045b3be0fa05c20b07469b137ef159b0cb2a57f862b36
low,7,93,f858_historical_rng_aligned,C:\Users\Asus\PycharmProjects\UNCERTAIN_EPC_RL_V3\revision_outputs\revision_v8_historical_eval_aligned_window_ablation\rng_snapshots\low_pre_decoupled_eval_rng.pkl,27.83899125243427,0.0155062589095351,356.01513671875,2881089.0,291.03662109375,36304.6484375,4.045380612833452,1.397575640727454,False,20.042685825640653,3,84d942ac75be6dee81a9690963741ab64ff815a0637afb6df5e9eeb4c11dfc6e,2e0435dc617333f354f62f319cbe332834719729c9e464715810f9d52167d258,5b6196d628721b20050045b3be0fa05c20b07469b137ef159b0cb2a57f862b36
low,7,94,f858_historical_rng_aligned,C:\Users\Asus\PycharmProjects\UNCERTAIN_EPC_RL_V3\revision_outputs\revision_v8_historical_eval_aligned_window_ablation\rng_snapshots\low_pre_decoupled_eval_rng.pkl,28.04402735117876,0.0137547962780105,378.8234252929688,2908354.0,303.98394775390625,36658.41015625,4.090079043530461,1.4085642959145324,False,20.042685825640653,3,84d942ac75be6dee81a9690963741ab64ff815a0637afb6df5e9eeb4c11dfc6e,2e0435dc617333f354f62f319cbe332834719729c9e464715810f9d52167d258,5b6196d628721b20050045b3be0fa05c20b07469b137ef159b0cb2a57f862b36
low,7,95,f858_historical_rng_aligned,C:\Users\Asus\PycharmProjects\UNCERTAIN_EPC_RL_V3\revision_outputs\revision_v8_historical_eval_aligned_window_ablation\rng_snapshots\low_pre_decoupled_eval_rng.pkl,26.05114473072785,0.0154600131097308,392.19342041015625,2755615.5,306.720458984375,34751.9140625,3.948662864398527,1.3733770062616333,False,20.042685825640653,3,84d942ac75be6dee81a9690963741ab64ff815a0637afb6df5e9eeb4c11dfc6e,2e0435dc617333f354f62f319cbe332834719729c9e464715810f9d52167d258,5b6196d628721b20050045b3be0fa05c20b07469b137ef159b0cb2a57f862b36
low,7,96,f858_historical_rng_aligned,C:\Users\Asus\PycharmProjects\UNCERTAIN_EPC_RL_V3\revision_outputs\revision_v8_historical_eval_aligned_window_ablation\rng_snapshots\low_pre_decoupled_eval_rng.pkl,29.91226403906952,0.0147561488031998,392.8127136230469,3100672.5,308.9273376464844,39067.33203125,4.302881403210586,1.4592848920568362,False,20.042685825640653,3,84d942ac75be6dee81a9690963741ab64ff815a0637afb6df5e9eeb4c11dfc6e,2e0435dc617333f354f62f319cbe332834719729c9e464715810f9d52167d258,5b6196d628721b20050045b3be0fa05c20b07469b137ef159b0cb2a57f862b36
low,7,97,f858_historical_rng_aligned,C:\Users\Asus\PycharmProjects\UNCERTAIN_EPC_RL_V3\revision_outputs\revision_v8_historical_eval_aligned_window_ablation\rng_snapshots\low_pre_decoupled_eval_rng.pkl,35.45363820478805,0.0155853171239306,394.43994140625,3837317.5,318.12554931640625,48284.59375,5.222798200203439,1.6530333119479188,False,20.042685825640653,3,84d942ac75be6dee81a9690963741ab64ff815a0637afb6df5e9eeb4c11dfc6e,2e0435dc617333f354f62f319cbe332834719729c9e464715810f9d52167d258,5b6196d628721b20050045b3be0fa05c20b07469b137ef159b0cb2a57f862b36
low,7,98,f858_historical_rng_aligned,C:\Users\Asus\PycharmProjects\UNCERTAIN_EPC_RL_V3\revision_outputs\revision_v8_historical_eval_aligned_window_ablation\rng_snapshots\low_pre_decoupled_eval_rng.pkl,23.311728541714025,0.016150162548463,409.3550720214844,2371756.75,308.3775634765625,29955.3359375,3.615682288396968,1.2852805759476975,False,20.042685825640653,3,84d942ac75be6dee81a9690963741ab64ff815a0637afb6df5e9eeb4c11dfc6e,2e0435dc617333f354f62f319cbe332834719729c9e464715810f9d52167d258,5b6196d628721b20050045b3be0fa05c20b07469b137ef159b0cb2a57f862b36
low,7,99,f858_historical_rng_aligned,C:\Users\Asus\PycharmProjects\UNCERTAIN_EPC_RL_V3\revision_outputs\revision_v8_historical_eval_aligned_window_ablation\rng_snapshots\low_pre_decoupled_eval_rng.pkl,26.25601652590949,0.0148218347309019,385.7298278808594,2688993.0,301.93212890625,33914.34765625,3.880299129213292,1.355912245821568,False,20.042685825640653,3,84d942ac75be6dee81a9690963741ab64ff815a0637afb6df5e9eeb4c11dfc6e,2e0435dc617333f354f62f319cbe332834719729c9e464715810f9d52167d258,5b6196d628721b20050045b3be0fa05c20b07469b137ef159b0cb2a57f862b36
low,14,0,f858_historical_rng_aligned,C:\Users\Asus\PycharmProjects\UNCERTAIN_EPC_RL_V3\revision_outputs\revision_v8_historical_eval_aligned_window_ablation\rng_snapshots\low_pre_decoupled_eval_rng.pkl,25.7064004414059,0.0235269467629429,390.3423461914063,2525724.25,305.96923828125,31877.521484375,3.7347640239520574,1.3176846369240844,False,20.00967725776753,3,23258ea99b564c5fc90b2aee9092f817e8cd61e59482a02d7df33f74c98f22af,2e0435dc617333f354f62f319cbe332834719729c9e464715810f9d52167d258,5b6196d628721b20050045b3be0fa05c20b07469b137ef159b0cb2a57f862b36
low,14,1,f858_historical_rng_aligned,C:\Users\Asus\PycharmProjects\UNCERTAIN_EPC_RL_V3\revision_outputs\revision_v8_historical_eval_aligned_window_ablation\rng_snapshots\low_pre_decoupled_eval_rng.pkl,25.48834451148805,0.0175280303546944,402.36370849609375,2424661.25,315.95623779296875,30624.22265625,3.656009969111168,1.29637238036914,False,20.00967725776753,3,23258ea99b564c5fc90b2aee9092f817e8cd61e59482a02d7df33f74c98f22af,2e0435dc617333f354f62f319cbe332834719729c9e464715810f9d52167d258,5b6196d628721b20050045b3be0fa05c20b07469b137ef159b0cb2a57f862b36
low,14,2,f858_historical_rng_aligned,C:\Users\Asus\PycharmProjects\UNCERTAIN_EPC_RL_V3\revision_outputs\revision_v8_historical_eval_aligned_window_ablation\rng_snapshots\low_pre_decoupled_eval_rng.pkl,24.87670833074767,0.0189504053349106,408.8884582519531,2525634.75,316.8967590332031,31887.330078125,3.7487676142678086,1.32142714977436,False,20.00967725776753,3,23258ea99b564c5fc90b2aee9092f817e8cd61e59482a02d7df33f74c98f22af,2e0435dc617333f354f62f319cbe332834719729c9e464715810f9d52167d258,5b6196d628721b20050045b3be0fa05c20b07469b137ef159b0cb2a57f862b36
low,14,3,f858_historical_rng_aligned,C:\Users\Asus\PycharmProjects\UNCERTAIN_EPC_RL_V3\revision_outputs\revision_v8_historical_eval_aligned_window_ablation\rng_snapshots\low_pre_decoupled_eval_rng.pkl,31.39039617716948,0.0203140931168635,419.504150390625,3297304.5,324.8248291015625,41541.12890625,4.5454539707849095,1.5141276062024476,False,20.00967725776753,3,23258ea99b564c5fc90b2aee9092f817e8cd61e59482a02d7df33f74c98f22af,2e0435dc617333f354f62f319cbe332834719729c9e464715810f9d52167d258,5b6196d628721b20050045b3be0fa05c20b07469b137ef159b0cb2a57f862b36
low,14,4,f858_historical_rng_aligned,C:\Users\Asus\PycharmProjects\UNCERTAIN_EPC_RL_V3\revision_outputs\revision_v8_historical_eval_aligned_window_ablation\rng_snapshots\low_pre_decoupled_eval_rng.pkl,25.927820599873087,0.0206694734535345,389.9050598144531,2500609.0,305.925048828125,31563.5390625,3.712270779890946,1.3116437594323358,False,20.00967725776753,3,23258ea99b564c5fc90b2aee9092f817e8cd61e59482a02d7df33f74c98f22af,2e0435dc617333f354f62f319cbe332834719729c9e464715810f9d52167d258,5b6196d628721b20050045b3be0fa05c20b07469b137ef159b0cb2a57f862b36
low,14,5,f858_historical_rng_aligned,C:\Users\Asus\PycharmProjects\UNCERTAIN_EPC_RL_V3\revision_outputs\revision_v8_historical_eval_aligned_window_ablation\rng_snapshots\low_pre_decoupled_eval_rng.pkl,27.76202053103678,0.0237375551051402,410.1236572265625,2651451.75,316.5325622558594,33459.6796875,3.86381045679497,1.351653861522613,False,20.00967725776753,3,23258ea99b564c5fc90b2aee9092f817e8cd61e59482a02d7df33f74c98f22af,2e0435dc617333f354f62f319cbe332834719729c9e464715810f9d52167d258,5b6196d628721b20050045b3be0fa05c20b07469b137ef159b0cb2a57f862b36
low,14,6,f858_historical_rng_aligned,C:\Users\Asus\PycharmProjects\UNCERTAIN_EPC_RL_V3\revision_outputs\revision_v8_historical_eval_aligned_window_ablation\rng_snapshots\low_pre_decoupled_eval_rng.pkl,34.08276602160665,0.0199473911395775,427.5231323242188,3484341.0,330.6395263671875,43884.90234375,4.777959320415415,1.5640135349317137,False,20.00967725776753,3,23258ea99b564c5fc90b2aee9092f817e8cd61e59482a02d7df33f74c98f22af,2e0435dc617333f354f62f319cbe332834719729c9e464715810f9d52167d258,5b6196d628721b20050045b3be0fa05c20b07469b137ef159b0cb2a57f862b36
low,14,7,f858_historical_rng_aligned,C:\Users\Asus\PycharmProjects\UNCERTAIN_EPC_RL_V3\revision_outputs\revision_v8_historical_eval_aligned_window_ablation\rng_snapshots\low_pre_decoupled_eval_rng.pkl,25.31181219748391,0.0211790800100516,393.8772277832031,2529282.5,308.6249389648437,31924.65625,3.740636579740805,1.319255805429466,False,20.00967725776753,3,23258ea99b564c5fc90b2aee9092f817e8cd61e59482a02d7df33f74c98f22af,2e0435dc617333f354f62f319cbe332834719729c9e464715810f9d52167d258,5b6196d628721b20050045b3be0fa05c20b07469b137ef159b0cb2a57f862b36
low,14,8,f858_historical_rng_aligned,C:\Users\Asus\PycharmProjects\UNCERTAIN_EPC_RL_V3\revision_outputs\revision_v8_historical_eval_aligned_window_ablation\rng_snapshots\low_pre_decoupled_eval_rng.pkl,26.52243297013981,0.0243683632028128,420.46533203125,2704306.0,322.9722900390625,34126.796875,3.92130012897962,1.3664232643695344,False,20.00967725776753,3,23258ea99b564c5fc90b2aee9092f817e8cd61e59482a02d7df33f74c98f22af,2e0435dc617333f354f62f319cbe332834719729c9e464715810f9d52167d258,5b6196d628721b20050045b3be0fa05c20b07469b137ef159b0cb2a57f862b36
low,14,9,f858_historical_rng_aligned,C:\Users\Asus\PycharmProjects\UNCERTAIN_EPC_RL_V3\revision_outputs\revision_v8_historical_eval_aligned_window_ablation\rng_snapshots\low_pre_decoupled_eval_rng.pkl,37.461718285261,0.0243338951872103,398.691162109375,3287899.75,316.1246337890625,41414.87109375,4.518653441769601,1.5082140383468887,False,20.00967725776753,3,23258ea99b564c5fc90b2aee9092f817e8cd61e59482a02d7df33f74c98f22af,2e0435dc617333f354f62f319cbe332834719729c9e464715810f9d52167d258,5b6196d628721b20050045b3be0fa05c20b07469b137ef159b0cb2a57f862b36
low,14,10,f858_historical_rng_aligned,C:\Users\Asus\PycharmProjects\UNCERTAIN_EPC_RL_V3\revision_outputs\revision_v8_historical_eval_aligned_window_ablation\rng_snapshots\low_pre_decoupled_eval_rng.pkl,30.782084976497146,0.0171523276163431,386.343505859375,2890959.75,310.79638671875,36447.79296875,4.078342075402949,1.4056905517639784,False,20.00967725776753,3,23258ea99b564c5fc90b2aee9092f817e8cd61e59482a02d7df33f74c98f22af,2e0435dc617333f354f62f319cbe332834719729c9e464715810f9d52167d258,5b6196d628721b20050045b3be0fa05c20b07469b137ef159b0cb2a57f862b36
low,14,11,f858_historical_rng_aligned,C:\Users\Asus\PycharmProjects\UNCERTAIN_EPC_RL_V3\revision_outputs\revision_v8_historical_eval_aligned_window_ablation\rng_snapshots\low_pre_decoupled_eval_rng.pkl,26.594919572808745,0.0203032163258541,402.5902099609375,2703729.0,317.4740600585937,34114.0859375,3.907424924714185,1.3628785700039514,False,20.00967725776753,3,23258ea99b564c5fc90b2aee9092f817e8cd61e59482a02d7df33f74c98f22af,2e0435dc617333f354f62f319cbe332834719729c9e464715810f9d52167d258,5b6196d628721b20050045b3be0fa05c20b07469b137ef159b0cb2a57f862b36
low,14,12,f858_historical_rng_aligned,C:\Users\Asus\PycharmProjects\UNCERTAIN_EPC_RL_V3\revision_outputs\revision_v8_historical_eval_aligned_window_ablation\rng_snapshots\low_pre_decoupled_eval_rng.pkl,27.405294721797496,0.0194293137693406,400.69439697265625,2657939.0,309.1414794921875,33533.37890625,3.862499538182343,1.3513145226594148,False,20.00967725776753,3,23258ea99b564c5fc90b2aee9092f817e8cd61e59482a02d7df33f74c98f22af,2e0435dc617333f354f62f319cbe332834719729c9e464715810f9d52167d258,5b6196d628721b20050045b3be0fa05c20b07469b137ef159b0cb2a57f862b36
low,14,13,f858_historical_rng_aligned,C:\Users\Asus\PycharmProjects\UNCERTAIN_EPC_RL_V3\revision_outputs\revision_v8_historical_eval_aligned_window_ablation\rng_snapshots\low_pre_decoupled_eval_rng.pkl,27.686481415040245,0.0194390595182329,401.8112182617188,2790682.25,317.05682373046875,35200.5859375,3.9903381323461766,1.3838759722600382,False,20.00967725776753,3,23258ea99b564c5fc90b2aee9092f817e8cd61e59482a02d7df33f74c98f22af,2e0435dc617333f354f62f319cbe332834719729c9e464715810f9d52167d258,5b6196d628721b20050045b3be0fa05c20b07469b137ef159b0cb2a57f862b36
low,14,14,f858_historical_rng_aligned,C:\Users\Asus\PycharmProjects\UNCERTAIN_EPC_RL_V3\revision_outputs\revision_v8_historical_eval_aligned_window_ablation\rng_snapshots\low_pre_decoupled_eval_rng.pkl,23.90712429732488,0.0183972853986519,367.232177734375,2342664.5,296.0240783691406,29579.330078125,3.560530063419059,1.269909427999132,False,20.00967725776753,3,23258ea99b564c5fc90b2aee9092f817e8cd61e59482a02d7df33f74c98f22af,2e0435dc617333f354f62f319cbe332834719729c9e464715810f9d52167d258,5b6196d628721b20050045b3be0fa05c20b07469b137ef159b0cb2a57f862b36
low,14,15,f858_historical_rng_aligned,C:\Users\Asus\PycharmProjects\UNCERTAIN_EPC_RL_V3\revision_outputs\revision_v8_historical_eval_aligned_window_ablation\rng_snapshots\low_pre_decoupled_eval_rng.pkl,26.43345857519494,0.0194999137891629,402.3237609863281,2460388.25,318.2403869628906,31073.09375,3.686911961549525,1.30478924089519,False,20.00967725776753,3,23258ea99b564c5fc90b2aee9092f817e8cd61e59482a02d7df33f74c98f22af,2e0435dc617333f354f62f319cbe332834719729c9e464715810f9d52167d258,5b6196d628721b20050045b3be0fa05c20b07469b137ef159b0cb2a57f862b36
low,14,16,f858_historical_rng_aligned,C:\Users\Asus\PycharmProjects\UNCERTAIN_EPC_RL_V3\revision_outputs\revision_v8_historical_eval_aligned_window_ablation\rng_snapshots\low_pre_decoupled_eval_rng.pkl,29.946345356645065,0.020860517972548,402.71923828125,3071952.75,319.91265869140625,38719.32421875,4.279808854712018,1.4539083484823982,False,20.00967725776753,3,23258ea99b564c5fc90b2aee9092f817e8cd61e59482a02d7df33f74c98f22af,2e0435dc617333f354f62f319cbe332834719729c9e464715810f9d52167d258,5b6196d628721b20050045b3be0fa05c20b07469b137ef159b0cb2a57f862b36
low,14,17,f858_historical_rng_aligned,C:\Users\Asus\PycharmProjects\UNCERTAIN_EPC_RL_V3\revision_outputs\revision_v8_historical_eval_aligned_window_ablation\rng_snapshots\low_pre_decoupled_eval_rng.pkl,26.27918710949961,0.0174382918770385,396.4564208984375,2549925.25,314.4599304199219,32188.525390625,3.761303201874968,1.3247654935945428,False,20.00967725776753,3,23258ea99b564c5fc90b2aee9092f817e8cd61e59482a02d7df33f74c98f22af,2e0435dc617333f354f62f319cbe332834719729c9e464715810f9d52167d258,5b6196d628721b20050045b3be0fa05c20b07469b137ef159b0cb2a57f862b36
low,14,18,f858_historical_rng_aligned,C:\Users\Asus\PycharmProjects\UNCERTAIN_EPC_RL_V3\revision_outputs\revision_v8_historical_eval_aligned_window_ablation\rng_snapshots\low_pre_decoupled_eval_rng.pkl,27.89817068456727,0.0157791923154366,447.8179931640625,2862559.5,345.06903076171875,36127.0625,4.097082291381493,1.410275084128576,False,20.00967725776753,3,23258ea99b564c5fc90b2aee9092f817e8cd61e59482a02d7df33f74c98f22af,2e0435dc617333f354f62f319cbe332834719729c9e464715810f9d52167d258,5b6196d628721b20050045b3be0fa05c20b07469b137ef159b0cb2a57f862b36
low,14,19,f858_historical_rng_aligned,C:\Users\Asus\PycharmProjects\UNCERTAIN_EPC_RL_V3\revision_outputs\revision_v8_historical_eval_aligned_window_ablation\rng_snapshots\low_pre_decoupled_eval_rng.pkl,28.543527605352924,0.019573299414902,408.9080200195313,2692649.25,321.6335754394531,33979.75,3.901832112690395,1.361446215311769,False,20.00967725776753,3,23258ea99b564c5fc90b2aee9092f817e8cd61e59482a02d7df33f74c98f22af,2e0435dc617333f354f62f319cbe332834719729c9e464715810f9d52167d258,5b6196d628721b20050045b3be0fa05c20b07469b137ef159b0cb2a57f862b36
low,14,20,f858_historical_rng_aligned,C:\Users\Asus\PycharmProjects\UNCERTAIN_EPC_RL_V3\revision_outputs\revision_v8_historical_eval_aligned_window_ablation\rng_snapshots\low_pre_decoupled_eval_rng.pkl,22.946378897106964,0.020999226605487,386.16259765625,2148566.5,308.18084716796875,27165.263671875,3.4189160018255818,1.2293235423020104,False,20.00967725776753,3,23258ea99b564c5fc90b2aee9092f817e8cd61e59482a02d7df33f74c98f22af,2e0435dc617333f354f62f319cbe332834719729c9e464715810f9d52167d258,5b6196d628721b20050045b3be0fa05c20b07469b137ef159b0cb2a57f862b36
low,14,21,f858_historical_rng_aligned,C:\Users\Asus\PycharmProjects\UNCERTAIN_EPC_RL_V3\revision_outputs\revision_v8_historical_eval_aligned_window_ablation\rng_snapshots\low_pre_decoupled_eval_rng.pkl,28.092785714284584,0.0196048161805935,417.50927734375,3015018.0,323.525390625,38011.25,4.230010905186313,1.4422045711130933,False,20.00967725776753,3,23258ea99b564c5fc90b2aee9092f817e8cd61e59482a02d7df33f74c98f22af,2e0435dc617333f354f62f319cbe332834719729c9e464715810f9d52167d258,5b6196d628721b20050045b3be0fa05c20b07469b137ef159b0cb2a57f862b36
low,14,22,f858_historical_rng_aligned,C:\Users\Asus\PycharmProjects\UNCERTAIN_EPC_RL_V3\revision_outputs\revision_v8_historical_eval_aligned_window_ablation\rng_snapshots\low_pre_decoupled_eval_rng.pkl,24.665326118845464,0.0182584491445476,398.74456787109375,2363544.75,307.26837158203125,29851.576171875,3.6010902063427377,1.2812366347119772,False,20.00967725776753,3,23258ea99b564c5fc90b2aee9092f817e8cd61e59482a02d7df33f74c98f22af,2e0435dc617333f354f62f319cbe332834719729c9e464715810f9d52167d258,5b6196d628721b20050045b3be0fa05c20b07469b137ef159b0cb2a57f862b36
low,14,23,f858_historical_rng_aligned,C:\Users\Asus\PycharmProjects\UNCERTAIN_EPC_RL_V3\revision_outputs\revision_v8_historical_eval_aligned_window_ablation\rng_snapshots\low_pre_decoupled_eval_rng.pkl,26.69156514256394,0.0199893925826426,408.6316528320313,2649022.5,314.9670104980469,33427.75,3.860364489919968,1.3507616064591554,False,20.00967725776753,3,23258ea99b564c5fc90b2aee9092f817e8cd61e59482a02d7df33f74c98f22af,2e0435dc617333f354f62f319cbe332834719729c9e464715810f9d52167d258,5b6196d628721b20050045b3be0fa05c20b07469b137ef159b0cb2a57f862b36
low,14,24,f858_historical_rng_aligned,C:\Users\Asus\PycharmProjects\UNCERTAIN_EPC_RL_V3\revision_outputs\revision_v8_historical_eval_aligned_window_ablation\rng_snapshots\low_pre_decoupled_eval_rng.pkl,27.0853925146216,0.0178409036355887,389.17523193359375,2642160.0,310.01226806640625,33337.01171875,3.839687841873805,1.345391072116632,False,20.00967725776753,3,23258ea99b564c5fc90b2aee9092f817e8cd61e59482a02d7df33f74c98f22af,2e0435dc617333f354f62f319cbe332834719729c9e464715810f9d52167d258,5b6196d628721b20050045b3be0fa05c20b07469b137ef159b0cb2a57f862b36
low,14,25,f858_historical_rng_aligned,C:\Users\Asus\PycharmProjects\UNCERTAIN_EPC_RL_V3\revision_outputs\revision_v8_historical_eval_aligned_window_ablation\rng_snapshots\low_pre_decoupled_eval_rng.pkl,25.79694079599424,0.0224834284548648,413.6402893066406,2689390.25,317.2079162597656,33934.5859375,3.901849328748981,1.3614506276032534,False,20.00967725776753,3,23258ea99b564c5fc90b2aee9092f817e8cd61e59482a02d7df33f74c98f22af,2e0435dc617333f354f62f319cbe332834719729c9e464715810f9d52167d258,5b6196d628721b20050045b3be0fa05c20b07469b137ef159b0cb2a57f862b36
low,14,26,f858_historical_rng_aligned,C:\Users\Asus\PycharmProjects\UNCERTAIN_EPC_RL_V3\revision_outputs\revision_v8_historical_eval_aligned_window_ablation\rng_snapshots\low_pre_decoupled_eval_rng.pkl,26.533130264278736,0.0165371741682296,415.9116821289063,2598854.5,322.6640319824219,32808.34375,3.8200863031638814,1.340273014814556,False,20.00967725776753,3,23258ea99b564c5fc90b2aee9092f817e8cd61e59482a02d7df33f74c98f22af,2e0435dc617333f354f62f319cbe332834719729c9e464715810f9d52167d258,5b6196d628721b20050045b3be0fa05c20b07469b137ef159b0cb2a57f862b36
low,14,27,f858_historical_rng_aligned,C:\Users\Asus\PycharmProjects\UNCERTAIN_EPC_RL_V3\revision_outputs\revision_v8_historical_eval_aligned_window_ablation\rng_snapshots\low_pre_decoupled_eval_rng.pkl,25.652394219190032,0.0177227800037877,376.3205871582031,2596169.0,306.51470947265625,32758.62890625,3.788114295969869,1.331868348039135,False,20.00967725776753,3,23258ea99b564c5fc90b2aee9092f817e8cd61e59482a02d7df33f74c98f22af,2e0435dc617333f354f62f319cbe332834719729c9e464715810f9d52167d258,5b6196d628721b20050045b3be0fa05c20b07469b137ef159b0cb2a57f862b36
low,14,28,f858_historical_rng_aligned,C:\Users\Asus\PycharmProjects\UNCERTAIN_EPC_RL_V3\revision_outputs\revision_v8_historical_eval_aligned_window_ablation\rng_snapshots\low_pre_decoupled_eval_rng.pkl,25.246743422789507,0.0185995209471841,385.3161926269531,2355375.0,308.5997009277344,29750.787109375,3.584756125904692,1.2766904454907455,False,20.00967725776753,3,23258ea99b564c5fc90b2aee9092f817e8cd61e59482a02d7df33f74c98f22af,2e0435dc617333f354f62f319cbe332834719729c9e464715810f9d52167d258,5b6196d628721b20050045b3be0fa05c20b07469b137ef159b0cb2a57f862b36
low,14,29,f858_historical_rng_aligned,C:\Users\Asus\PycharmProjects\UNCERTAIN_EPC_RL_V3\revision_outputs\revision_v8_historical_eval_aligned_window_ablation\rng_snapshots\low_pre_decoupled_eval_rng.pkl,24.61323589100196,0.019693492244045,398.723876953125,2538485.5,301.54119873046875,32032.609375,3.751790322886267,1.3222331454902578,False,20.00967725776753,3,23258ea99b564c5fc90b2aee9092f817e8cd61e59482a02d7df33f74c98f22af,2e0435dc617333f354f62f319cbe332834719729c9e464715810f9d52167d258,5b6196d628721b20050045b3be0fa05c20b07469b137ef159b0cb2a57f862b36
low,14,30,f858_historical_rng_aligned,C:\Users\Asus\PycharmProjects\UNCERTAIN_EPC_RL_V3\revision_outputs\revision_v8_historical_eval_aligned_window_ablation\rng_snapshots\low_pre_decoupled_eval_rng.pkl,26.75294360338108,0.0169409459431709,387.4417419433594,2667419.5,311.53631591796875,33654.27734375,3.86203053320411,1.351193090035171,False,20.00967725776753,3,23258ea99b564c5fc90b2aee9092f817e8cd61e59482a02d7df33f74c98f22af,2e0435dc617333f354f62f319cbe332834719729c9e464715810f9d52167d258,5b6196d628721b20050045b3be0fa05c20b07469b137ef159b0cb2a57f862b36
low,14,31,f858_historical_rng_aligned,C:\Users\Asus\PycharmProjects\UNCERTAIN_EPC_RL_V3\revision_outputs\revision_v8_historical_eval_aligned_window_ablation\rng_snapshots\low_pre_decoupled_eval_rng.pkl,30.83809080498401,0.0216407591591864,403.7267456054688,3254790.5,325.4769897460937,41010.359375,4.484796078955028,1.500693027131498,False,20.00967725776753,3,23258ea99b564c5fc90b2aee9092f817e8cd61e59482a02d7df33f74c98f22af,2e0435dc617333f354f62f319cbe332834719729c9e464715810f9d52167d258,5b6196d628721b20050045b3be0fa05c20b07469b137ef159b0cb2a57f862b36
low,14,32,f858_historical_rng_aligned,C:\Users\Asus\PycharmProjects\UNCERTAIN_EPC_RL_V3\revision_outputs\revision_v8_historical_eval_aligned_window_ablation\rng_snapshots\low_pre_decoupled_eval_rng.pkl,29.775574578526143,0.0179456484039996,416.55218505859375,3094358.5,326.30291748046875,39005.78515625,4.314606544823652,1.462006137254818,False,20.00967725776753,3,23258ea99b564c5fc90b2aee9092f817e8cd61e59482a02d7df33f74c98f22af,2e0435dc617333f354f62f319cbe332834719729c9e464715810f9d52167d258,5b6196d628721b20050045b3be0fa05c20b07469b137ef159b0cb2a57f862b36
low,14,33,f858_historical_rng_aligned,C:\Users\Asus\PycharmProjects\UNCERTAIN_EPC_RL_V3\revision_outputs\revision_v8_historical_eval_aligned_window_ablation\rng_snapshots\low_pre_decoupled_eval_rng.pkl,24.629286530892355,0.0198297073857656,378.9478149414063,2378495.0,301.216552734375,30032.404296875,3.599114384475164,1.2806878108855857,False,20.00967725776753,3,23258ea99b564c5fc90b2aee9092f817e8cd61e59482a02d7df33f74c98f22af,2e0435dc617333f354f62f319cbe332834719729c9e464715810f9d52167d258,5b6196d628721b20050045b3be0fa05c20b07469b137ef159b0cb2a57f862b36
low,14,34,f858_historical_rng_aligned,C:\Users\Asus\PycharmProjects\UNCERTAIN_EPC_RL_V3\revision_outputs\revision_v8_historical_eval_aligned_window_ablation\rng_snapshots\low_pre_decoupled_eval_rng.pkl,24.246947340542704,0.0216978465025611,410.5016174316406,2358028.5,315.3399658203125,29790.6953125,3.605476589811719,1.2824539644432442,False,20.00967725776753,3,23258ea99b564c5fc90b2aee9092f817e8cd61e59482a02d7df33f74c98f22af,2e0435dc617333f354f62f319cbe332834719729c9e464715810f9d52167d258,5b6196d628721b20050045b3be0fa05c20b07469b137ef159b0cb2a57f862b36
low,14,35,f858_historical_rng_aligned,C:\Users\Asus\PycharmProjects\UNCERTAIN_EPC_RL_V3\revision_outputs\revision_v8_historical_eval_aligned_window_ablation\rng_snapshots\low_pre_decoupled_eval_rng.pkl,28.758479646565164,0.0208065984215384,387.35296630859375,2861593.25,307.88250732421875,36077.796875,4.049302827121406,1.398544724848903,False,20.00967725776753,3,23258ea99b564c5fc90b2aee9092f817e8cd61e59482a02d7df33f74c98f22af,2e0435dc617333f354f62f319cbe332834719729c9e464715810f9d52167d258,5b6196d628721b20050045b3be0fa05c20b07469b137ef159b0cb2a57f862b36
low,14,36,f858_historical_rng_aligned,C:\Users\Asus\PycharmProjects\UNCERTAIN_EPC_RL_V3\revision_outputs\revision_v8_historical_eval_aligned_window_ablation\rng_snapshots\low_pre_decoupled_eval_rng.pkl,23.71275298655359,0.0181463492352274,400.7872924804688,2271634.0,307.9096069335937,28703.3359375,3.5269020369262605,1.2604198756842422,False,20.00967725776753,3,23258ea99b564c5fc90b2aee9092f817e8cd61e59482a02d7df33f74c98f22af,2e0435dc617333f354f62f319cbe332834719729c9e464715810f9d52167d258,5b6196d628721b20050045b3be0fa05c20b07469b137ef159b0cb2a57f862b36
low,14,37,f858_historical_rng_aligned,C:\Users\Asus\PycharmProjects\UNCERTAIN_EPC_RL_V3\revision_outputs\revision_v8_historical_eval_aligned_window_ablation\rng_snapshots\low_pre_decoupled_eval_rng.pkl,25.21043868440136,0.0202263418959816,372.1528930664063,2471754.5,297.96343994140625,31194.89453125,3.67387730564968,1.3012475909303665,False,20.00967725776753,3,23258ea99b564c5fc90b2aee9092f817e8cd61e59482a02d7df33f74c98f22af,2e0435dc617333f354f62f319cbe332834719729c9e464715810f9d52167d258,5b6196d628721b20050045b3be0fa05c20b07469b137ef159b0cb2a57f862b36
low,14,38,f858_historical_rng_aligned,C:\Users\Asus\PycharmProjects\UNCERTAIN_EPC_RL_V3\revision_outputs\revision_v8_historical_eval_aligned_window_ablation\rng_snapshots\low_pre_decoupled_eval_rng.pkl,27.626721545107245,0.0198120302453337,406.0349731445313,2822974.5,320.1478576660156,35607.328125,4.02529750840974,1.3925988232717923,False,20.00967725776753,3,23258ea99b564c5fc90b2aee9092f817e8cd61e59482a02d7df33f74c98f22af,2e0435dc617333f354f62f319cbe332834719729c9e464715810f9d52167d258,5b6196d628721b20050045b3be0fa05c20b07469b137ef159b0cb2a57f862b36
low,14,39,f858_historical_rng_aligned,C:\Users\Asus\PycharmProjects\UNCERTAIN_EPC_RL_V3\revision_outputs\revision_v8_historical_eval_aligned_window_ablation\rng_snapshots\low_pre_decoupled_eval_rng.pkl,28.1287433165264,0.0176881084239646,432.63226318359375,2754428.5,341.1009826660156,34771.45703125,3.979398309589356,1.3811306293725891,False,20.00967725776753,3,23258ea99b564c5fc90b2aee9092f817e8cd61e59482a02d7df33f74c98f22af,2e0435dc617333f354f62f319cbe332834719729c9e464715810f9d52167d258,5b6196d628721b20050045b3be0fa05c20b07469b137ef159b0cb2a57f862b36
low,14,40,f858_historical_rng_aligned,C:\Users\Asus\PycharmProjects\UNCERTAIN_EPC_RL_V3\revision_outputs\revision_v8_historical_eval_aligned_window_ablation\rng_snapshots\low_pre_decoupled_eval_rng.pkl,25.399929024134305,0.0218475750263781,433.97601318359375,2614484.5,328.3919372558594,33009.44921875,3.847934300779644,1.3475364590557408,False,20.00967725776753,3,23258ea99b564c5fc90b2aee9092f817e8cd61e59482a02d7df33f74c98f22af,2e0435dc617333f354f62f319cbe332834719729c9e464715810f9d52167d258,5b6196d628721b20050045b3be0fa05c20b07469b137ef159b0cb2a57f862b36
low,14,41,f858_historical_rng_aligned,C:\Users\Asus\PycharmProjects\UNCERTAIN_EPC_RL_V3\revision_outputs\revision_v8_historical_eval_aligned_window_ablation\rng_snapshots\low_pre_decoupled_eval_rng.pkl,35.41348255721216,0.0191877758732689,393.1461181640625,3328517.25,314.1098937988281,41920.57421875,4.562144228565387,1.517792738567485,False,20.00967725776753,3,23258ea99b564c5fc90b2aee9092f817e8cd61e59482a02d7df33f74c98f22af,2e0435dc617333f354f62f319cbe332834719729c9e464715810f9d52167d258,5b6196d628721b20050045b3be0fa05c20b07469b137ef159b0cb2a57f862b36
low,14,42,f858_historical_rng_aligned,C:\Users\Asus\PycharmProjects\UNCERTAIN_EPC_RL_V3\revision_outputs\revision_v8_historical_eval_aligned_window_ablation\rng_snapshots\low_pre_decoupled_eval_rng.pkl,25.31260118153348,0.0182057197017385,381.525390625,2469294.0,302.5836181640625,31168.759765625,3.678697360616688,1.3025587114225146,False,20.00967725776753,3,23258ea99b564c5fc90b2aee9092f817e8cd61e59482a02d7df33f74c98f22af,2e0435dc617333f354f62f319cbe332834719729c9e464715810f9d52167d258,5b6196d628721b20050045b3be0fa05c20b07469b137ef159b0cb2a57f862b36
low,14,43,f858_historical_rng_aligned,C:\Users\Asus\PycharmProjects\UNCERTAIN_EPC_RL_V3\revision_outputs\revision_v8_historical_eval_aligned_window_ablation\rng_snapshots\low_pre_decoupled_eval_rng.pkl,26.33325052919539,0.0209577222549843,426.7578125,2624944.0,331.331787109375,33143.1328125,3.852480049605797,1.3487171096408528,False,20.00967725776753,3,23258ea99b564c5fc90b2aee9092f817e8cd61e59482a02d7df33f74c98f22af,2e0435dc617333f354f62f319cbe332834719729c9e464715810f9d52167d258,5b6196d628721b20050045b3be0fa05c20b07469b137ef159b0cb2a57f862b36
low,14,44,f858_historical_rng_aligned,C:\Users\Asus\PycharmProjects\UNCERTAIN_EPC_RL_V3\revision_outputs\revision_v8_historical_eval_aligned_window_ablation\rng_snapshots\low_pre_decoupled_eval_rng.pkl,28.2296291085781,0.0185487050335201,380.1687622070313,2814694.0,309.64501953125,35493.3203125,3.997821674273165,1.3857496313498567,False,20.00967725776753,3,23258ea99b564c5fc90b2aee9092f817e8cd61e59482a02d7df33f74c98f22af,2e0435dc617333f354f62f319cbe332834719729c9e464715810f9d52167d258,5b6196d628721b20050045b3be0fa05c20b07469b137ef159b0cb2a57f862b36
low,14,45,f858_historical_rng_aligned,C:\Users\Asus\PycharmProjects\UNCERTAIN_EPC_RL_V3\revision_outputs\revision_v8_historical_eval_aligned_window_ablation\rng_snapshots\low_pre_decoupled_eval_rng.pkl,26.413829272765145,0.0187620402651063,390.4046630859375,2663493.25,308.6476135253906,33602.3125,3.860267014273044,1.3507363557664172,False,20.00967725776753,3,23258ea99b564c5fc90b2aee9092f817e8cd61e59482a02d7df33f74c98f22af,2e0435dc617333f354f62f319cbe332834719729c9e464715810f9d52167d258,5b6196d628721b20050045b3be0fa05c20b07469b137ef159b0cb2a57f862b36
low,14,46,f858_historical_rng_aligned,C:\Users\Asus\PycharmProjects\UNCERTAIN_EPC_RL_V3\revision_outputs\revision_v8_historical_eval_aligned_window_ablation\rng_snapshots\low_pre_decoupled_eval_rng.pkl,28.58099203465097,0.0179098727120752,416.8955078125,2910266.0,325.5623474121094,36703.88671875,4.121071628686881,1.416113233590455,False,20.00967725776753,3,23258ea99b564c5fc90b2aee9092f817e8cd61e59482a02d7df33f74c98f22af,2e0435dc617333f354f62f319cbe332834719729c9e464715810f9d52167d258,5b6196d628721b20050045b3be0fa05c20b07469b137ef159b0cb2a57f862b36
low,14,47,f858_historical_rng_aligned,C:\Users\Asus\PycharmProjects\UNCERTAIN_EPC_RL_V3\revision_outputs\revision_v8_historical_eval_aligned_window_ablation\rng_snapshots\low_pre_decoupled_eval_rng.pkl,26.980586168424267,0.0190176882975987,397.90234375,2724696.5,319.34814453125,34378.0546875,3.924102530402048,1.3671376704142686,False,20.00967725776753,3,23258ea99b564c5fc90b2aee9092f817e8cd61e59482a02d7df33f74c98f22af,2e0435dc617333f354f62f319cbe332834719729c9e464715810f9d52167d258,5b6196d628721b20050045b3be0fa05c20b07469b137ef159b0cb2a57f862b36
low,14,48,f858_historical_rng_aligned,C:\Users\Asus\PycharmProjects\UNCERTAIN_EPC_RL_V3\revision_outputs\revision_v8_historical_eval_aligned_window_ablation\rng_snapshots\low_pre_decoupled_eval_rng.pkl,26.98228348567013,0.0194831870443865,406.78167724609375,2725292.5,316.6681213378906,34382.82421875,3.930847186174247,1.368854971650592,False,20.00967725776753,3,23258ea99b564c5fc90b2aee9092f817e8cd61e59482a02d7df33f74c98f22af,2e0435dc617333f354f62f319cbe332834719729c9e464715810f9d52167d258,5b6196d628721b20050045b3be0fa05c20b07469b137ef159b0cb2a57f862b36
low,14,49,f858_historical_rng_aligned,C:\Users\Asus\PycharmProjects\UNCERTAIN_EPC_RL_V3\revision_outputs\revision_v8_historical_eval_aligned_window_ablation\rng_snapshots\low_pre_decoupled_eval_rng.pkl,26.66232538131662,0.0235423552691675,443.6770324707031,2600659.0,335.6217041015625,32843.859375,3.842944798013357,1.3462389471842902,False,20.00967725776753,3,23258ea99b564c5fc90b2aee9092f817e8cd61e59482a02d7df33f74c98f22af,2e0435dc617333f354f62f319cbe332834719729c9e464715810f9d52167d258,5b6196d628721b20050045b3be0fa05c20b07469b137ef159b0cb2a57f862b36
low,14,50,f858_historical_rng_aligned,C:\Users\Asus\PycharmProjects\UNCERTAIN_EPC_RL_V3\revision_outputs\revision_v8_historical_eval_aligned_window_ablation\rng_snapshots\low_pre_decoupled_eval_rng.pkl,25.386801216598137,0.0194797644195644,413.4245300292969,2491145.0,324.87176513671875,31464.18359375,3.722188991102358,1.314311933691403,False,20.00967725776753,3,23258ea99b564c5fc90b2aee9092f817e8cd61e59482a02d7df33f74c98f22af,2e0435dc617333f354f62f319cbe332834719729c9e464715810f9d52167d258,5b6196d628721b20050045b3be0fa05c20b07469b137ef159b0cb2a57f862b36
low,14,51,f858_historical_rng_aligned,C:\Users\Asus\PycharmProjects\UNCERTAIN_EPC_RL_V3\revision_outputs\revision_v8_historical_eval_aligned_window_ablation\rng_snapshots\low_pre_decoupled_eval_rng.pkl,38.60609498815613,0.0182321717945579,411.6671447753906,3335746.5,318.1850280761719,42015.015625,4.5843945815672935,1.522658053711276,False,20.00967725776753,3,23258ea99b564c5fc90b2aee9092f817e8cd61e59482a02d7df33f74c98f22af,2e0435dc617333f354f62f319cbe332834719729c9e464715810f9d52167d258,5b6196d628721b20050045b3be0fa05c20b07469b137ef159b0cb2a57f862b36
low,14,52,f858_historical_rng_aligned,C:\Users\Asus\PycharmProjects\UNCERTAIN_EPC_RL_V3\revision_outputs\revision_v8_historical_eval_aligned_window_ablation\rng_snapshots\low_pre_decoupled_eval_rng.pkl,25.295141762115467,0.0223019174648274,389.7906494140625,2462252.5,303.342529296875,31081.498046875,3.678520223513385,1.3025105581359462,False,20.00967725776753,3,23258ea99b564c5fc90b2aee9092f817e8cd61e59482a02d7df33f74c98f22af,2e0435dc617333f354f62f319cbe332834719729c9e464715810f9d52167d258,5b6196d628721b20050045b3be0fa05c20b07469b137ef159b0cb2a57f862b36
low,14,53,f858_historical_rng_aligned,C:\Users\Asus\PycharmProjects\UNCERTAIN_EPC_RL_V3\revision_outputs\revision_v8_historical_eval_aligned_window_ablation\rng_snapshots\low_pre_decoupled_eval_rng.pkl,24.899612133084613,0.0182600563668659,390.716064453125,2321223.5,300.1265869140625,29315.419921875,3.559711049199705,1.2696793756146656,False,20.00967725776753,3,23258ea99b564c5fc90b2aee9092f817e8cd61e59482a02d7df33f74c98f22af,2e0435dc617333f354f62f319cbe332834719729c9e464715810f9d52167d258,5b6196d628721b20050045b3be0fa05c20b07469b137ef159b0cb2a57f862b36
low,14,54,f858_historical_rng_aligned,C:\Users\Asus\PycharmProjects\UNCERTAIN_EPC_RL_V3\revision_outputs\revision_v8_historical_eval_aligned_window_ablation\rng_snapshots\low_pre_decoupled_eval_rng.pkl,27.15544532482936,0.0200446389074406,411.1427612304688,2534521.0,326.1302795410156,32007.642578125,3.758949452232952,1.3241395173601966,False,20.00967725776753,3,23258ea99b564c5fc90b2aee9092f817e8cd61e59482a02d7df33f74c98f22af,2e0435dc617333f354f62f319cbe332834719729c9e464715810f9d52167d258,5b6196d628721b20050045b3be0fa05c20b07469b137ef159b0cb2a57f862b36
low,14,55,f858_historical_rng_aligned,C:\Users\Asus\PycharmProjects\UNCERTAIN_EPC_RL_V3\revision_outputs\revision_v8_historical_eval_aligned_window_ablation\rng_snapshots\low_pre_decoupled_eval_rng.pkl,27.157505698404613,0.0197840438792053,442.4560852050781,2626383.25,337.1082763671875,33166.8984375,3.865720547130755,1.3521480934168109,False,20.00967725776753,3,23258ea99b564c5fc90b2aee9092f817e8cd61e59482a02d7df33f74c98f22af,2e0435dc617333f354f62f319cbe332834719729c9e464715810f9d52167d258,5b6196d628721b20050045b3be0fa05c20b07469b137ef159b0cb2a57f862b36
low,14,56,f858_historical_rng_aligned,C:\Users\Asus\PycharmProjects\UNCERTAIN_EPC_RL_V3\revision_outputs\revision_v8_historical_eval_aligned_window_ablation\rng_snapshots\low_pre_decoupled_eval_rng.pkl,22.77677862358864,0.0180193795523621,409.0544738769531,2093806.0,302.1783447265625,26474.751953125,3.3929116152258425,1.221688436310389,False,20.00967725776753,3,23258ea99b564c5fc90b2aee9092f817e8cd61e59482a02d7df33f74c98f22af,2e0435dc617333f354f62f319cbe332834719729c9e464715810f9d52167d258,5b6196d628721b20050045b3be0fa05c20b07469b137ef159b0cb2a57f862b36
low,14,57,f858_historical_rng_aligned,C:\Users\Asus\PycharmProjects\UNCERTAIN_EPC_RL_V3\revision_outputs\revision_v8_historical_eval_aligned_window_ablation\rng_snapshots\low_pre_decoupled_eval_rng.pkl,24.825983923409023,0.0192795707661499,386.82916259765625,2560558.5,306.0563049316406,32313.037109375,3.763356987659909,1.3253113749457823,False,20.00967725776753,3,23258ea99b564c5fc90b2aee9092f817e8cd61e59482a02d7df33f74c98f22af,2e0435dc617333f354f62f319cbe332834719729c9e464715810f9d52167d258,5b6196d628721b20050045b3be0fa05c20b07469b137ef159b0cb2a57f862b36
low,14,58,f858_historical_rng_aligned,C:\Users\Asus\PycharmProjects\UNCERTAIN_EPC_RL_V3\revision_outputs\revision_v8_historical_eval_aligned_window_ablation\rng_snapshots\low_pre_decoupled_eval_rng.pkl,25.378916571276,0.0166017899948511,380.1846618652344,2441490.0,301.44970703125,30820.07421875,3.653618310522905,1.2957179945147257,False,20.00967725776753,3,23258ea99b564c5fc90b2aee9092f817e8cd61e59482a02d7df33f74c98f22af,2e0435dc617333f354f62f319cbe332834719729c9e464715810f9d52167d258,5b6196d628721b20050045b3be0fa05c20b07469b137ef159b0cb2a57f862b36
low,14,59,f858_historical_rng_aligned,C:\Users\Asus\PycharmProjects\UNCERTAIN_EPC_RL_V3\revision_outputs\revision_v8_historical_eval_aligned_window_ablation\rng_snapshots\low_pre_decoupled_eval_rng.pkl,28.942503908894945,0.0180409111768886,383.6865539550781,2778257.75,304.78326416015625,35033.0078125,3.96433986737036,1.3773393512813985,False,20.00967725776753,3,23258ea99b564c5fc90b2aee9092f817e8cd61e59482a02d7df33f74c98f22af,2e0435dc617333f354f62f319cbe332834719729c9e464715810f9d52167d258,5b6196d628721b20050045b3be0fa05c20b07469b137ef159b0cb2a57f862b36
low,14,60,f858_historical_rng_aligned,C:\Users\Asus\PycharmProjects\UNCERTAIN_EPC_RL_V3\revision_outputs\revision_v8_historical_eval_aligned_window_ablation\rng_snapshots\low_pre_decoupled_eval_rng.pkl,27.38413871959881,0.0198033668390595,397.6732482910156,2807002.75,321.3469543457031,35408.8828125,4.003669674451913,1.3872113591616202,False,20.00967725776753,3,23258ea99b564c5fc90b2aee9092f817e8cd61e59482a02d7df33f74c98f22af,2e0435dc617333f354f62f319cbe332834719729c9e464715810f9d52167d258,5b6196d628721b20050045b3be0fa05c20b07469b137ef159b0cb2a57f862b36
low,14,61,f858_historical_rng_aligned,C:\Users\Asus\PycharmProjects\UNCERTAIN_EPC_RL_V3\revision_outputs\revision_v8_historical_eval_aligned_window_ablation\rng_snapshots\low_pre_decoupled_eval_rng.pkl,28.65467668822783,0.0175771191043085,408.7066650390625,2958045.75,316.52423095703125,37292.09375,4.16346423585182,1.426347476732938,False,20.00967725776753,3,23258ea99b564c5fc90b2aee9092f817e8cd61e59482a02d7df33f74c98f22af,2e0435dc617333f354f62f319cbe332834719729c9e464715810f9d52167d258,5b6196d628721b20050045b3be0fa05c20b07469b137ef159b0cb2a57f862b36
low,14,62,f858_historical_rng_aligned,C:\Users\Asus\PycharmProjects\UNCERTAIN_EPC_RL_V3\revision_outputs\revision_v8_historical_eval_aligned_window_ablation\rng_snapshots\low_pre_decoupled_eval_rng.pkl,26.94127542932905,0.0175051651932002,394.6798400878906,2612194.0,308.8952331542969,32961.3203125,3.8159745084903984,1.3391960733987378,False,20.00967725776753,3,23258ea99b564c5fc90b2aee9092f817e8cd61e59482a02d7df33f74c98f22af,2e0435dc617333f354f62f319cbe332834719729c9e464715810f9d52167d258,5b6196d628721b20050045b3be0fa05c20b07469b137ef159b0cb2a57f862b36
low,14,63,f858_historical_rng_aligned,C:\Users\Asus\PycharmProjects\UNCERTAIN_EPC_RL_V3\revision_outputs\revision_v8_historical_eval_aligned_window_ablation\rng_snapshots\low_pre_decoupled_eval_rng.pkl,28.3352852899728,0.0192974022034,412.2994079589844,2902754.25,324.7677307128906,36609.19921875,4.110043778474601,1.4134336801483975,False,20.00967725776753,3,23258ea99b564c5fc90b2aee9092f817e8cd61e59482a02d7df33f74c98f22af,2e0435dc617333f354f62f319cbe332834719729c9e464715810f9d52167d258,5b6196d628721b20050045b3be0fa05c20b07469b137ef159b0cb2a57f862b36
low,14,64,f858_historical_rng_aligned,C:\Users\Asus\PycharmProjects\UNCERTAIN_EPC_RL_V3\revision_outputs\revision_v8_historical_eval_aligned_window_ablation\rng_snapshots\low_pre_decoupled_eval_rng.pkl,28.29905979669456,0.0174787778158072,398.7408752441406,2977559.5,314.781494140625,37534.2734375,4.1764253047986495,1.4294556904133195,False,20.00967725776753,3,23258ea99b564c5fc90b2aee9092f817e8cd61e59482a02d7df33f74c98f22af,2e0435dc617333f354f62f319cbe332834719729c9e464715810f9d52167d258,5b6196d628721b20050045b3be0fa05c20b07469b137ef159b0cb2a57f862b36
low,14,65,f858_historical_rng_aligned,C:\Users\Asus\PycharmProjects\UNCERTAIN_EPC_RL_V3\revision_outputs\revision_v8_historical_eval_aligned_window_ablation\rng_snapshots\low_pre_decoupled_eval_rng.pkl,26.936740534066928,0.0224034728027169,434.49267578125,2660173.5,334.81695556640625,33586.984375,3.890992669377325,1.3586643100061224,False,20.00967725776753,3,23258ea99b564c5fc90b2aee9092f817e8cd61e59482a02d7df33f74c98f22af,2e0435dc617333f354f62f319cbe332834719729c9e464715810f9d52167d258,5b6196d628721b20050045b3be0fa05c20b07469b137ef159b0cb2a57f862b36
low,14,66,f858_historical_rng_aligned,C:\Users\Asus\PycharmProjects\UNCERTAIN_EPC_RL_V3\revision_outputs\revision_v8_historical_eval_aligned_window_ablation\rng_snapshots\low_pre_decoupled_eval_rng.pkl,22.854802983138075,0.0200494184888478,385.6944885253906,2139964.0,295.6093139648437,27045.16015625,3.4111457581307816,1.2270482343120928,False,20.00967725776753,3,23258ea99b564c5fc90b2aee9092f817e8cd61e59482a02d7df33f74c98f22af,2e0435dc617333f354f62f319cbe332834719729c9e464715810f9d52167d258,5b6196d628721b20050045b3be0fa05c20b07469b137ef159b0cb2a57f862b36
low,14,67,f858_historical_rng_aligned,C:\Users\Asus\PycharmProjects\UNCERTAIN_EPC_RL_V3\revision_outputs\revision_v8_historical_eval_aligned_window_ablation\rng_snapshots\low_pre_decoupled_eval_rng.pkl,23.38329858649617,0.0197416975366129,397.4889526367188,2320330.0,305.5966796875,29309.72265625,3.5641797920064424,1.2709339550270924,False,20.00967725776753,3,23258ea99b564c5fc90b2aee9092f817e8cd61e59482a02d7df33f74c98f22af,2e0435dc617333f354f62f319cbe332834719729c9e464715810f9d52167d258,5b6196d628721b20050045b3be0fa05c20b07469b137ef159b0cb2a57f862b36
low,14,68,f858_historical_rng_aligned,C:\Users\Asus\PycharmProjects\UNCERTAIN_EPC_RL_V3\revision_outputs\revision_v8_historical_eval_aligned_window_ablation\rng_snapshots\low_pre_decoupled_eval_rng.pkl,28.03602074055736,0.0196069427045362,382.7962951660156,2701185.0,305.6127319335937,34070.42578125,3.889977682340108,1.3584034204262645,False,20.00967725776753,3,23258ea99b564c5fc90b2aee9092f817e8cd61e59482a02d7df33f74c98f22af,2e0435dc617333f354f62f319cbe332834719729c9e464715810f9d52167d258,5b6196d628721b20050045b3be0fa05c20b07469b137ef159b0cb2a57f862b36
low,14,69,f858_historical_rng_aligned,C:\Users\Asus\PycharmProjects\UNCERTAIN_EPC_RL_V3\revision_outputs\revision_v8_historical_eval_aligned_window_ablation\rng_snapshots\low_pre_decoupled_eval_rng.pkl,26.257363990162084,0.0196250441492049,393.91998291015625,2630387.75,316.1741027832031,33196.0234375,3.832667101424198,1.343560931967719,False,20.00967725776753,3,23258ea99b564c5fc90b2aee9092f817e8cd61e59482a02d7df33f74c98f22af,2e0435dc617333f354f62f319cbe332834719729c9e464715810f9d52167d258,5b6196d628721b20050045b3be0fa05c20b07469b137ef159b0cb2a57f862b36
low,14,70,f858_historical_rng_aligned,C:\Users\Asus\PycharmProjects\UNCERTAIN_EPC_RL_V3\revision_outputs\revision_v8_historical_eval_aligned_window_ablation\rng_snapshots\low_pre_decoupled_eval_rng.pkl,25.656493680184948,0.0165002558645219,379.804443359375,2511099.5,302.51104736328125,31691.255859375,3.71408263087551,1.312131711168618,False,20.00967725776753,3,23258ea99b564c5fc90b2aee9092f817e8cd61e59482a02d7df33f74c98f22af,2e0435dc617333f354f62f319cbe332834719729c9e464715810f9d52167d258,5b6196d628721b20050045b3be0fa05c20b07469b137ef159b0cb2a57f862b36
low,14,71,f858_historical_rng_aligned,C:\Users\Asus\PycharmProjects\UNCERTAIN_EPC_RL_V3\revision_outputs\revision_v8_historical_eval_aligned_window_ablation\rng_snapshots\low_pre_decoupled_eval_rng.pkl,27.87546057034216,0.0182644276994366,421.47796630859375,2800169.25,322.7681884765625,35324.88671875,4.014262822412015,1.3898537246661378,False,20.00967725776753,3,23258ea99b564c5fc90b2aee9092f817e8cd61e59482a02d7df33f74c98f22af,2e0435dc617333f354f62f319cbe332834719729c9e464715810f9d52167d258,5b6196d628721b20050045b3be0fa05c20b07469b137ef159b0cb2a57f862b36
low,14,72,f858_historical_rng_aligned,C:\Users\Asus\PycharmProjects\UNCERTAIN_EPC_RL_V3\revision_outputs\revision_v8_historical_eval_aligned_window_ablation\rng_snapshots\low_pre_decoupled_eval_rng.pkl,25.66770901195025,0.0146620689585743,407.5931701660156,2588882.0,314.8365783691406,32675.861328125,3.804439806599021,1.336168754876742,False,20.00967725776753,3,23258ea99b564c5fc90b2aee9092f817e8cd61e59482a02d7df33f74c98f22af,2e0435dc617333f354f62f319cbe332834719729c9e464715810f9d52167d258,5b6196d628721b20050045b3be0fa05c20b07469b137ef159b0cb2a57f862b36
low,14,73,f858_historical_rng_aligned,C:\Users\Asus\PycharmProjects\UNCERTAIN_EPC_RL_V3\revision_outputs\revision_v8_historical_eval_aligned_window_ablation\rng_snapshots\low_pre_decoupled_eval_rng.pkl,30.546728363884096,0.0206669341972488,407.4276123046875,2989030.25,318.6190185546875,37681.49609375,4.194975203569439,1.4338874289528176,False,20.00967725776753,3,23258ea99b564c5fc90b2aee9092f817e8cd61e59482a02d7df33f74c98f22af,2e0435dc617333f354f62f319cbe332834719729c9e464715810f9d52167d258,5b6196d628721b20050045b3be0fa05c20b07469b137ef159b0cb2a57f862b36
low,14,74,f858_historical_rng_aligned,C:\Users\Asus\PycharmProjects\UNCERTAIN_EPC_RL_V3\revision_outputs\revision_v8_historical_eval_aligned_window_ablation\rng_snapshots\low_pre_decoupled_eval_rng.pkl,28.328852321989373,0.0198352657695494,404.4471435546875,2753887.0,316.2368469238281,34739.82421875,3.9565176522076326,1.3753642576286564,False,20.00967725776753,3,23258ea99b564c5fc90b2aee9092f817e8cd61e59482a02d7df33f74c98f22af,2e0435dc617333f354f62f319cbe332834719729c9e464715810f9d52167d258,5b6196d628721b20050045b3be0fa05c20b07469b137ef159b0cb2a57f862b36
low,14,75,f858_historical_rng_aligned,C:\Users\Asus\PycharmProjects\UNCERTAIN_EPC_RL_V3\revision_outputs\revision_v8_historical_eval_aligned_window_ablation\rng_snapshots\low_pre_decoupled_eval_rng.pkl,28.146007246067413,0.0181875356178229,400.0628967285156,2843178.0,313.22930908203125,35852.95703125,4.040461298516149,1.396358868255726,False,20.00967725776753,3,23258ea99b564c5fc90b2aee9092f817e8cd61e59482a02d7df33f74c98f22af,2e0435dc617333f354f62f319cbe332834719729c9e464715810f9d52167d258,5b6196d628721b20050045b3be0fa05c20b07469b137ef159b0cb2a57f862b36
low,14,76,f858_historical_rng_aligned,C:\Users\Asus\PycharmProjects\UNCERTAIN_EPC_RL_V3\revision_outputs\revision_v8_historical_eval_aligned_window_ablation\rng_snapshots\low_pre_decoupled_eval_rng.pkl,28.092410138570457,0.0179848636511991,379.033203125,2624526.5,304.6542358398437,33111.234375,3.815825125656048,1.3391569259259186,False,20.00967725776753,3,23258ea99b564c5fc90b2aee9092f817e8cd61e59482a02d7df33f74c98f22af,2e0435dc617333f354f62f319cbe332834719729c9e464715810f9d52167d258,5b6196d628721b20050045b3be0fa05c20b07469b137ef159b0cb2a57f862b36
low,14,77,f858_historical_rng_aligned,C:\Users\Asus\PycharmProjects\UNCERTAIN_EPC_RL_V3\revision_outputs\revision_v8_historical_eval_aligned_window_ablation\rng_snapshots\low_pre_decoupled_eval_rng.pkl,23.04506362311721,0.0183703261503201,399.1058654785156,2228173.0,310.06756591796875,28162.23046875,3.490894415212556,1.250157982810904,False,20.00967725776753,3,23258ea99b564c5fc90b2aee9092f817e8cd61e59482a02d7df33f74c98f22af,2e0435dc617333f354f62f319cbe332834719729c9e464715810f9d52167d258,5b6196d628721b20050045b3be0fa05c20b07469b137ef159b0cb2a57f862b36
low,14,78,f858_historical_rng_aligned,C:\Users\Asus\PycharmProjects\UNCERTAIN_EPC_RL_V3\revision_outputs\revision_v8_historical_eval_aligned_window_ablation\rng_snapshots\low_pre_decoupled_eval_rng.pkl,25.16735889311673,0.0190228005159565,415.8659057617188,2486919.5,316.0431213378906,31402.537109375,3.719636440192288,1.3136259323779518,False,20.00967725776753,3,23258ea99b564c5fc90b2aee9092f817e8cd61e59482a02d7df33f74c98f22af,2e0435dc617333f354f62f319cbe332834719729c9e464715810f9d52167d258,5b6196d628721b20050045b3be0fa05c20b07469b137ef159b0cb2a57f862b36
low,14,79,f858_historical_rng_aligned,C:\Users\Asus\PycharmProjects\UNCERTAIN_EPC_RL_V3\revision_outputs\revision_v8_historical_eval_aligned_window_ablation\rng_snapshots\low_pre_decoupled_eval_rng.pkl,30.63739624340668,0.0169241674328622,448.562744140625,3144185.5,339.2513427734375,39641.5703125,4.393818175616723,1.480198592955286,False,20.00967725776753,3,23258ea99b564c5fc90b2aee9092f817e8cd61e59482a02d7df33f74c98f22af,2e0435dc617333f354f62f319cbe332834719729c9e464715810f9d52167d258,5b6196d628721b20050045b3be0fa05c20b07469b137ef159b0cb2a57f862b36
low,14,80,f858_historical_rng_aligned,C:\Users\Asus\PycharmProjects\UNCERTAIN_EPC_RL_V3\revision_outputs\revision_v8_historical_eval_aligned_window_ablation\rng_snapshots\low_pre_decoupled_eval_rng.pkl,24.59220245464875,0.0227045094831915,399.7477416992188,2325093.5,307.1993408203125,29370.8671875,3.5698352988214745,1.272519459943405,False,20.00967725776753,3,23258ea99b564c5fc90b2aee9092f817e8cd61e59482a02d7df33f74c98f22af,2e0435dc617333f354f62f319cbe332834719729c9e464715810f9d52167d258,5b6196d628721b20050045b3be0fa05c20b07469b137ef159b0cb2a57f862b36
low,14,81,f858_historical_rng_aligned,C:\Users\Asus\PycharmProjects\UNCERTAIN_EPC_RL_V3\revision_outputs\revision_v8_historical_eval_aligned_window_ablation\rng_snapshots\low_pre_decoupled_eval_rng.pkl,28.40422716715494,0.0178749807977776,382.0392761230469,2840163.5,311.3880615234375,35813.4296875,4.024451494615645,1.3923886269546424,False,20.00967725776753,3,23258ea99b564c5fc90b2aee9092f817e8cd61e59482a02d7df33f74c98f22af,2e0435dc617333f354f62f319cbe332834719729c9e464715810f9d52167d258,5b6196d628721b20050045b3be0fa05c20b07469b137ef159b0cb2a57f862b36
low,14,82,f858_historical_rng_aligned,C:\Users\Asus\PycharmProjects\UNCERTAIN_EPC_RL_V3\revision_outputs\revision_v8_historical_eval_aligned_window_ablation\rng_snapshots\low_pre_decoupled_eval_rng.pkl,28.20646219715393,0.0182873308738275,393.33795166015625,2680224.5,311.1039733886719,33813.91015625,3.8781836126869047,1.3553669029628692,False,20.00967725776753,3,23258ea99b564c5fc90b2aee9092f817e8cd61e59482a02d7df33f74c98f22af,2e0435dc617333f354f62f319cbe332834719729c9e464715810f9d52167d258,5b6196d628721b20050045b3be0fa05c20b07469b137ef159b0cb2a57f862b36
low,14,83,f858_historical_rng_aligned,C:\Users\Asus\PycharmProjects\UNCERTAIN_EPC_RL_V3\revision_outputs\revision_v8_historical_eval_aligned_window_ablation\rng_snapshots\low_pre_decoupled_eval_rng.pkl,27.6097123370695,0.0183095527121744,425.6665649414063,2931381.25,326.21307373046875,36968.48046875,4.149075684082971,1.4228855827083309,False,20.00967725776753,3,23258ea99b564c5fc90b2aee9092f817e8cd61e59482a02d7df33f74c98f22af,2e0435dc617333f354f62f319cbe332834719729c9e464715810f9d52167d258,5b6196d628721b20050045b3be0fa05c20b07469b137ef159b0cb2a57f862b36
low,14,84,f858_historical_rng_aligned,C:\Users\Asus\PycharmProjects\UNCERTAIN_EPC_RL_V3\revision_outputs\revision_v8_historical_eval_aligned_window_ablation\rng_snapshots\low_pre_decoupled_eval_rng.pkl,24.106085339180385,0.0210897426971318,414.7146606445313,2444722.75,314.8348999023437,30873.869140625,3.682071085042009,1.3034753887195851,False,20.00967725776753,3,23258ea99b564c5fc90b2aee9092f817e8cd61e59482a02d7df33f74c98f22af,2e0435dc617333f354f62f319cbe332834719729c9e464715810f9d52167d258,5b6196d628721b20050045b3be0fa05c20b07469b137ef159b0cb2a57f862b36
low,14,85,f858_historical_rng_aligned,C:\Users\Asus\PycharmProjects\UNCERTAIN_EPC_RL_V3\revision_outputs\revision_v8_historical_eval_aligned_window_ablation\rng_snapshots\low_pre_decoupled_eval_rng.pkl,25.052112725543328,0.0166436214298962,400.1910705566406,2469166.5,314.6282043457031,31179.2109375,3.692750678946623,1.3063716217979071,False,20.00967725776753,3,23258ea99b564c5fc90b2aee9092f817e8cd61e59482a02d7df33f74c98f22af,2e0435dc617333f354f62f319cbe332834719729c9e464715810f9d52167d258,5b6196d628721b20050045b3be0fa05c20b07469b137ef159b0cb2a57f862b36
low,14,86,f858_historical_rng_aligned,C:\Users\Asus\PycharmProjects\UNCERTAIN_EPC_RL_V3\revision_outputs\revision_v8_historical_eval_aligned_window_ablation\rng_snapshots\low_pre_decoupled_eval_rng.pkl,29.065956011898542,0.0206917291920964,409.39447021484375,2948245.5,316.377197265625,37169.44921875,4.153819864813853,1.424028360241601,False,20.00967725776753,3,23258ea99b564c5fc90b2aee9092f817e8cd61e59482a02d7df33f74c98f22af,2e0435dc617333f354f62f319cbe332834719729c9e464715810f9d52167d258,5b6196d628721b20050045b3be0fa05c20b07469b137ef159b0cb2a57f862b36
low,14,87,f858_historical_rng_aligned,C:\Users\Asus\PycharmProjects\UNCERTAIN_EPC_RL_V3\revision_outputs\revision_v8_historical_eval_aligned_window_ablation\rng_snapshots\low_pre_decoupled_eval_rng.pkl,34.04814383713252,0.0210875521786122,391.8269958496094,3370006.0,307.2372131347656,42432.3125,4.609931900531293,1.528213084780423,False,20.00967725776753,3,23258ea99b564c5fc90b2aee9092f817e8cd61e59482a02d7df33f74c98f22af,2e0435dc617333f354f62f319cbe332834719729c9e464715810f9d52167d258,5b6196d628721b20050045b3be0fa05c20b07469b137ef159b0cb2a57f862b36
low,14,88,f858_historical_rng_aligned,C:\Users\Asus\PycharmProjects\UNCERTAIN_EPC_RL_V3\revision_outputs\revision_v8_historical_eval_aligned_window_ablation\rng_snapshots\low_pre_decoupled_eval_rng.pkl,25.665237383252546,0.0176907702101116,397.7089538574219,2507943.0,311.7670288085937,31661.0546875,3.7247194461127,1.314991532515282,False,20.00967725776753,3,23258ea99b564c5fc90b2aee9092f817e8cd61e59482a02d7df33f74c98f22af,2e0435dc617333f354f62f319cbe332834719729c9e464715810f9d52167d258,5b6196d628721b20050045b3be0fa05c20b07469b137ef159b0cb2a57f862b36
low,14,89,f858_historical_rng_aligned,C:\Users\Asus\PycharmProjects\UNCERTAIN_EPC_RL_V3\revision_outputs\revision_v8_historical_eval_aligned_window_ablation\rng_snapshots\low_pre_decoupled_eval_rng.pkl,26.892609423869366,0.0172042678562539,405.1170043945313,2667698.25,307.4255676269531,33653.65234375,3.8746423217038033,1.354453354468589,False,20.00967725776753,3,23258ea99b564c5fc90b2aee9092f817e8cd61e59482a02d7df33f74c98f22af,2e0435dc617333f354f62f319cbe332834719729c9e464715810f9d52167d258,5b6196d628721b20050045b3be0fa05c20b07469b137ef159b0cb2a57f862b36
low,14,90,f858_historical_rng_aligned,C:\Users\Asus\PycharmProjects\UNCERTAIN_EPC_RL_V3\revision_outputs\revision_v8_historical_eval_aligned_window_ablation\rng_snapshots\low_pre_decoupled_eval_rng.pkl,26.169177248581704,0.0229136762315144,404.2567138671875,2738750.5,306.26763916015625,34540.65234375,3.941086845146199,1.371456534292374,False,20.00967725776753,3,23258ea99b564c5fc90b2aee9092f817e8cd61e59482a02d7df33f74c98f22af,2e0435dc617333f354f62f319cbe332834719729c9e464715810f9d52167d258,5b6196d628721b20050045b3be0fa05c20b07469b137ef159b0cb2a57f862b36
low,14,91,f858_historical_rng_aligned,C:\Users\Asus\PycharmProjects\UNCERTAIN_EPC_RL_V3\revision_outputs\revision_v8_historical_eval_aligned_window_ablation\rng_snapshots\low_pre_decoupled_eval_rng.pkl,29.66086978932496,0.0180513077890394,423.8763427734375,2977458.5,322.3103942871094,37540.5390625,4.19510437729505,1.433918220967214,False,20.00967725776753,3,23258ea99b564c5fc90b2aee9092f817e8cd61e59482a02d7df33f74c98f22af,2e0435dc617333f354f62f319cbe332834719729c9e464715810f9d52167d258,5b6196d628721b20050045b3be0fa05c20b07469b137ef159b0cb2a57f862b36
low,14,92,f858_historical_rng_aligned,C:\Users\Asus\PycharmProjects\UNCERTAIN_EPC_RL_V3\revision_outputs\revision_v8_historical_eval_aligned_window_ablation\rng_snapshots\low_pre_decoupled_eval_rng.pkl,25.50046024772787,0.0196025407406205,397.6460571289063,2564334.0,308.9769897460937,32363.15234375,3.774689162621341,1.32831803828332,False,20.00967725776753,3,23258ea99b564c5fc90b2aee9092f817e8cd61e59482a02d7df33f74c98f22af,2e0435dc617333f354f62f319cbe332834719729c9e464715810f9d52167d258,5b6196d628721b20050045b3be0fa05c20b07469b137ef159b0cb2a57f862b36
low,14,93,f858_historical_rng_aligned,C:\Users\Asus\PycharmProjects\UNCERTAIN_EPC_RL_V3\revision_outputs\revision_v8_historical_eval_aligned_window_ablation\rng_snapshots\low_pre_decoupled_eval_rng.pkl,26.43970189313003,0.0178072114787009,370.8328552246094,2667706.0,297.93414306640625,33644.2578125,3.8495037757183166,1.3479442505689234,False,20.00967725776753,3,23258ea99b564c5fc90b2aee9092f817e8cd61e59482a02d7df33f74c98f22af,2e0435dc617333f354f62f319cbe332834719729c9e464715810f9d52167d258,5b6196d628721b20050045b3be0fa05c20b07469b137ef159b0cb2a57f862b36
low,14,94,f858_historical_rng_aligned,C:\Users\Asus\PycharmProjects\UNCERTAIN_EPC_RL_V3\revision_outputs\revision_v8_historical_eval_aligned_window_ablation\rng_snapshots\low_pre_decoupled_eval_rng.pkl,27.44758806874446,0.0180825379678741,396.0649108886719,2736211.0,312.06304931640625,34514.69921875,3.933220679828575,1.369458601671807,False,20.00967725776753,3,23258ea99b564c5fc90b2aee9092f817e8cd61e59482a02d7df33f74c98f22af,2e0435dc617333f354f62f319cbe332834719729c9e464715810f9d52167d258,5b6196d628721b20050045b3be0fa05c20b07469b137ef159b0cb2a57f862b36
low,14,95,f858_historical_rng_aligned,C:\Users\Asus\PycharmProjects\UNCERTAIN_EPC_RL_V3\revision_outputs\revision_v8_historical_eval_aligned_window_ablation\rng_snapshots\low_pre_decoupled_eval_rng.pkl,28.618628763238945,0.01820498207787,430.967529296875,2900396.0,331.35272216796875,36586.30078125,4.121748902699935,1.416277564237228,False,20.00967725776753,3,23258ea99b564c5fc90b2aee9092f817e8cd61e59482a02d7df33f74c98f22af,2e0435dc617333f354f62f319cbe332834719729c9e464715810f9d52167d258,5b6196d628721b20050045b3be0fa05c20b07469b137ef159b0cb2a57f862b36
low,14,96,f858_historical_rng_aligned,C:\Users\Asus\PycharmProjects\UNCERTAIN_EPC_RL_V3\revision_outputs\revision_v8_historical_eval_aligned_window_ablation\rng_snapshots\low_pre_decoupled_eval_rng.pkl,27.098858844716496,0.0199754098845999,417.110595703125,2714844.0,316.7931823730469,34252.34375,3.928383585656311,1.368228039913848,False,20.00967725776753,3,23258ea99b564c5fc90b2aee9092f817e8cd61e59482a02d7df33f74c98f22af,2e0435dc617333f354f62f319cbe332834719729c9e464715810f9d52167d258,5b6196d628721b20050045b3be0fa05c20b07469b137ef159b0cb2a57f862b36
low,14,97,f858_historical_rng_aligned,C:\Users\Asus\PycharmProjects\UNCERTAIN_EPC_RL_V3\revision_outputs\revision_v8_historical_eval_aligned_window_ablation\rng_snapshots\low_pre_decoupled_eval_rng.pkl,33.77274267483541,0.0204177249184516,406.885009765625,3439594.5,324.6029663085937,43319.53125,4.706926445993428,1.5490351357818108,False,20.00967725776753,3,23258ea99b564c5fc90b2aee9092f817e8cd61e59482a02d7df33f74c98f22af,2e0435dc617333f354f62f319cbe332834719729c9e464715810f9d52167d258,5b6196d628721b20050045b3be0fa05c20b07469b137ef159b0cb2a57f862b36
low,14,98,f858_historical_rng_aligned,C:\Users\Asus\PycharmProjects\UNCERTAIN_EPC_RL_V3\revision_outputs\revision_v8_historical_eval_aligned_window_ablation\rng_snapshots\low_pre_decoupled_eval_rng.pkl,26.565909236125837,0.0203581234883713,427.0752258300781,2741575.5,318.3558959960937,34588.05078125,3.961242406910221,1.376557715179306,False,20.00967725776753,3,23258ea99b564c5fc90b2aee9092f817e8cd61e59482a02d7df33f74c98f22af,2e0435dc617333f354f62f319cbe332834719729c9e464715810f9d52167d258,5b6196d628721b20050045b3be0fa05c20b07469b137ef159b0cb2a57f862b36
low,14,99,f858_historical_rng_aligned,C:\Users\Asus\PycharmProjects\UNCERTAIN_EPC_RL_V3\revision_outputs\revision_v8_historical_eval_aligned_window_ablation\rng_snapshots\low_pre_decoupled_eval_rng.pkl,24.560471450795443,0.0180640236753819,434.2184753417969,2472092.0,324.9345397949219,31226.083984375,3.720675970968595,1.313905364403282,False,20.00967725776753,3,23258ea99b564c5fc90b2aee9092f817e8cd61e59482a02d7df33f74c98f22af,2e0435dc617333f354f62f319cbe332834719729c9e464715810f9d52167d258,5b6196d628721b20050045b3be0fa05c20b07469b137ef159b0cb2a57f862b36
low,21,0,f858_historical_rng_aligned,C:\Users\Asus\PycharmProjects\UNCERTAIN_EPC_RL_V3\revision_outputs\revision_v8_historical_eval_aligned_window_ablation\rng_snapshots\low_pre_decoupled_eval_rng.pkl,25.83306886678607,0.0199089814425995,371.6179504394531,2650012.75,297.2943115234375,33422.453125,3.8335562536488657,1.3437928981360583,False,19.75481221391581,3,e3edfc5dc4b1abed90fe23330ff3f726f0dce268944eb4379bee42abcf425f2b,2e0435dc617333f354f62f319cbe332834719729c9e464715810f9d52167d258,5b6196d628721b20050045b3be0fa05c20b07469b137ef159b0cb2a57f862b36
low,21,1,f858_historical_rng_aligned,C:\Users\Asus\PycharmProjects\UNCERTAIN_EPC_RL_V3\revision_outputs\revision_v8_historical_eval_aligned_window_ablation\rng_snapshots\low_pre_decoupled_eval_rng.pkl,26.824637757470203,0.0137597471602238,377.47021484375,2751231.5,303.2952575683594,34693.69140625,3.9337060228641065,1.3695819898904826,False,19.75481221391581,3,e3edfc5dc4b1abed90fe23330ff3f726f0dce268944eb4379bee42abcf425f2b,2e0435dc617333f354f62f319cbe332834719729c9e464715810f9d52167d258,5b6196d628721b20050045b3be0fa05c20b07469b137ef159b0cb2a57f862b36
low,21,2,f858_historical_rng_aligned,C:\Users\Asus\PycharmProjects\UNCERTAIN_EPC_RL_V3\revision_outputs\revision_v8_historical_eval_aligned_window_ablation\rng_snapshots\low_pre_decoupled_eval_rng.pkl,26.72796189402684,0.0158990210457786,375.7587890625,2844343.75,301.906982421875,35856.203125,4.023396465187771,1.3921264377484874,False,19.75481221391581,3,e3edfc5dc4b1abed90fe23330ff3f726f0dce268944eb4379bee42abcf425f2b,2e0435dc617333f354f62f319cbe332834719729c9e464715810f9d52167d258,5b6196d628721b20050045b3be0fa05c20b07469b137ef159b0cb2a57f862b36
low,21,3,f858_historical_rng_aligned,C:\Users\Asus\PycharmProjects\UNCERTAIN_EPC_RL_V3\revision_outputs\revision_v8_historical_eval_aligned_window_ablation\rng_snapshots\low_pre_decoupled_eval_rng.pkl,26.82302426325106,0.0168662586476231,392.1489562988281,2724136.0,304.1185913085937,34355.81640625,3.918290774185569,1.365655531721483,False,19.75481221391581,3,e3edfc5dc4b1abed90fe23330ff3f726f0dce268944eb4379bee42abcf425f2b,2e0435dc617333f354f62f319cbe332834719729c9e464715810f9d52167d258,5b6196d628721b20050045b3be0fa05c20b07469b137ef159b0cb2a57f862b36
low,21,4,f858_historical_rng_aligned,C:\Users\Asus\PycharmProjects\UNCERTAIN_EPC_RL_V3\revision_outputs\revision_v8_historical_eval_aligned_window_ablation\rng_snapshots\low_pre_decoupled_eval_rng.pkl,25.701930145293005,0.0163177931884696,368.9059448242188,2442210.0,295.75006103515625,30823.375,3.645867796417212,1.2935944157025243,False,19.75481221391581,3,e3edfc5dc4b1abed90fe23330ff3f726f0dce268944eb4379bee42abcf425f2b,2e0435dc617333f354f62f319cbe332834719729c9e464715810f9d52167d258,5b6196d628721b20050045b3be0fa05c20b07469b137ef159b0cb2a57f862b36
low,21,5,f858_historical_rng_aligned,C:\Users\Asus\PycharmProjects\UNCERTAIN_EPC_RL_V3\revision_outputs\revision_v8_historical_eval_aligned_window_ablation\rng_snapshots\low_pre_decoupled_eval_rng.pkl,27.662744372727964,0.0202948168448483,386.8820190429688,2866601.5,305.9377746582031,36138.45703125,4.05382460656855,1.3996607828039336,False,19.75481221391581,3,e3edfc5dc4b1abed90fe23330ff3f726f0dce268944eb4379bee42abcf425f2b,2e0435dc617333f354f62f319cbe332834719729c9e464715810f9d52167d258,5b6196d628721b20050045b3be0fa05c20b07469b137ef159b0cb2a57f862b36
low,21,6,f858_historical_rng_aligned,C:\Users\Asus\PycharmProjects\UNCERTAIN_EPC_RL_V3\revision_outputs\revision_v8_historical_eval_aligned_window_ablation\rng_snapshots\low_pre_decoupled_eval_rng.pkl,33.46982633120096,0.0166599026425215,386.1946716308594,3404890.0,311.1678466796875,42872.29296875,4.648385235919647,1.5365198981976202,False,19.75481221391581,3,e3edfc5dc4b1abed90fe23330ff3f726f0dce268944eb4379bee42abcf425f2b,2e0435dc617333f354f62f319cbe332834719729c9e464715810f9d52167d258,5b6196d628721b20050045b3be0fa05c20b07469b137ef159b0cb2a57f862b36
low,21,7,f858_historical_rng_aligned,C:\Users\Asus\PycharmProjects\UNCERTAIN_EPC_RL_V3\revision_outputs\revision_v8_historical_eval_aligned_window_ablation\rng_snapshots\low_pre_decoupled_eval_rng.pkl,27.177002659206817,0.0165717971653245,372.66448974609375,2801785.5,300.1542053222656,35322.47265625,3.979098381020702,1.381055256200882,False,19.75481221391581,3,e3edfc5dc4b1abed90fe23330ff3f726f0dce268944eb4379bee42abcf425f2b,2e0435dc617333f354f62f319cbe332834719729c9e464715810f9d52167d258,5b6196d628721b20050045b3be0fa05c20b07469b137ef159b0cb2a57f862b36
low,21,8,f858_historical_rng_aligned,C:\Users\Asus\PycharmProjects\UNCERTAIN_EPC_RL_V3\revision_outputs\revision_v8_historical_eval_aligned_window_ablation\rng_snapshots\low_pre_decoupled_eval_rng.pkl,30.33583780698736,0.0198792742216473,387.3592224121094,3339728.75,310.1499328613281,42056.7578125,4.570912739383243,1.5197129091177823,False,19.75481221391581,3,e3edfc5dc4b1abed90fe23330ff3f726f0dce268944eb4379bee42abcf425f2b,2e0435dc617333f354f62f319cbe332834719729c9e464715810f9d52167d258,5b6196d628721b20050045b3be0fa05c20b07469b137ef159b0cb2a57f862b36
low,21,9,f858_historical_rng_aligned,C:\Users\Asus\PycharmProjects\UNCERTAIN_EPC_RL_V3\revision_outputs\revision_v8_historical_eval_aligned_window_ablation\rng_snapshots\low_pre_decoupled_eval_rng.pkl,31.717798270703334,0.0205285765872482,382.8200073242188,3370271.5,306.85986328125,42435.25390625,4.603796476879936,1.5268812841657529,False,19.75481221391581,3,e3edfc5dc4b1abed90fe23330ff3f726f0dce268944eb4379bee42abcf425f2b,2e0435dc617333f354f62f319cbe332834719729c9e464715810f9d52167d258,5b6196d628721b20050045b3be0fa05c20b07469b137ef159b0cb2a57f862b36
low,21,10,f858_historical_rng_aligned,C:\Users\Asus\PycharmProjects\UNCERTAIN_EPC_RL_V3\revision_outputs\revision_v8_historical_eval_aligned_window_ablation\rng_snapshots\low_pre_decoupled_eval_rng.pkl,32.78981679592035,0.0141533263663857,361.6432495117188,3123541.0,297.71710205078125,39341.98046875,4.304825635804066,1.4597366343426117,False,19.75481221391581,3,e3edfc5dc4b1abed90fe23330ff3f726f0dce268944eb4379bee42abcf425f2b,2e0435dc617333f354f62f319cbe332834719729c9e464715810f9d52167d258,5b6196d628721b20050045b3be0fa05c20b07469b137ef159b0cb2a57f862b36
low,21,11,f858_historical_rng_aligned,C:\Users\Asus\PycharmProjects\UNCERTAIN_EPC_RL_V3\revision_outputs\revision_v8_historical_eval_aligned_window_ablation\rng_snapshots\low_pre_decoupled_eval_rng.pkl,25.97158818043724,0.0163368449270847,378.3107299804688,2500902.5,303.0055236816406,31564.287109375,3.704077447671028,1.3094342257637803,False,19.75481221391581,3,e3edfc5dc4b1abed90fe23330ff3f726f0dce268944eb4379bee42abcf425f2b,2e0435dc617333f354f62f319cbe332834719729c9e464715810f9d52167d258,5b6196d628721b20050045b3be0fa05c20b07469b137ef159b0cb2a57f862b36
low,21,12,f858_historical_rng_aligned,C:\Users\Asus\PycharmProjects\UNCERTAIN_EPC_RL_V3\revision_outputs\revision_v8_historical_eval_aligned_window_ablation\rng_snapshots\low_pre_decoupled_eval_rng.pkl,28.6240065042888,0.0150477751583537,373.25970458984375,2913203.0,298.04559326171875,36713.0859375,4.090591207281185,1.4086895090659466,False,19.75481221391581,3,e3edfc5dc4b1abed90fe23330ff3f726f0dce268944eb4379bee42abcf425f2b,2e0435dc617333f354f62f319cbe332834719729c9e464715810f9d52167d258,5b6196d628721b20050045b3be0fa05c20b07469b137ef159b0cb2a57f862b36
low,21,13,f858_historical_rng_aligned,C:\Users\Asus\PycharmProjects\UNCERTAIN_EPC_RL_V3\revision_outputs\revision_v8_historical_eval_aligned_window_ablation\rng_snapshots\low_pre_decoupled_eval_rng.pkl,27.102115227325918,0.0161092560463132,371.9407348632813,2895061.5,301.094482421875,36489.36328125,4.071490891744762,1.404009244846472,False,19.75481221391581,3,e3edfc5dc4b1abed90fe23330ff3f726f0dce268944eb4379bee42abcf425f2b,2e0435dc617333f354f62f319cbe332834719729c9e464715810f9d52167d258,5b6196d628721b20050045b3be0fa05c20b07469b137ef159b0cb2a57f862b36
low,21,14,f858_historical_rng_aligned,C:\Users\Asus\PycharmProjects\UNCERTAIN_EPC_RL_V3\revision_outputs\revision_v8_historical_eval_aligned_window_ablation\rng_snapshots\low_pre_decoupled_eval_rng.pkl,28.74105560621449,0.014898631943017,352.74566650390625,3066035.0,293.7567749023437,38619.1953125,4.235769390848209,1.443564985947556,False,19.75481221391581,3,e3edfc5dc4b1abed90fe23330ff3f726f0dce268944eb4379bee42abcf425f2b,2e0435dc617333f354f62f319cbe332834719729c9e464715810f9d52167d258,5b6196d628721b20050045b3be0fa05c20b07469b137ef159b0cb2a57f862b36
low,21,15,f858_historical_rng_aligned,C:\Users\Asus\PycharmProjects\UNCERTAIN_EPC_RL_V3\revision_outputs\revision_v8_historical_eval_aligned_window_ablation\rng_snapshots\low_pre_decoupled_eval_rng.pkl,24.993298806571,0.0167889465356461,378.5099182128906,2637728.0,300.7889404296875,33272.390625,3.827327398035037,1.342166752310161,False,19.75481221391581,3,e3edfc5dc4b1abed90fe23330ff3f726f0dce268944eb4379bee42abcf425f2b,2e0435dc617333f354f62f319cbe332834719729c9e464715810f9d52167d258,5b6196d628721b20050045b3be0fa05c20b07469b137ef159b0cb2a57f862b36
low,21,16,f858_historical_rng_aligned,C:\Users\Asus\PycharmProjects\UNCERTAIN_EPC_RL_V3\revision_outputs\revision_v8_historical_eval_aligned_window_ablation\rng_snapshots\low_pre_decoupled_eval_rng.pkl,29.04098473309616,0.0175840918937862,373.1122131347656,2995946.5,303.2502136230469,37752.58203125,4.176443290563222,1.429459996901412,False,19.75481221391581,3,e3edfc5dc4b1abed90fe23330ff3f726f0dce268944eb4379bee42abcf425f2b,2e0435dc617333f354f62f319cbe332834719729c9e464715810f9d52167d258,5b6196d628721b20050045b3be0fa05c20b07469b137ef159b0cb2a57f862b36
low,21,17,f858_historical_rng_aligned,C:\Users\Asus\PycharmProjects\UNCERTAIN_EPC_RL_V3\revision_outputs\revision_v8_historical_eval_aligned_window_ablation\rng_snapshots\low_pre_decoupled_eval_rng.pkl,27.53836693268621,0.0147784556632283,376.6779479980469,2778508.5,304.85577392578125,35036.2109375,3.959615225869777,1.3761468553611471,False,19.75481221391581,3,e3edfc5dc4b1abed90fe23330ff3f726f0dce268944eb4379bee42abcf425f2b,2e0435dc617333f354f62f319cbe332834719729c9e464715810f9d52167d258,5b6196d628721b20050045b3be0fa05c20b07469b137ef159b0cb2a57f862b36
low,21,18,f858_historical_rng_aligned,C:\Users\Asus\PycharmProjects\UNCERTAIN_EPC_RL_V3\revision_outputs\revision_v8_historical_eval_aligned_window_ablation\rng_snapshots\low_pre_decoupled_eval_rng.pkl,27.47464656402522,0.0132246544811682,391.8610229492188,2744046.75,310.00360107421875,34610.58984375,3.9375608273297136,1.37056145224315,False,19.75481221391581,3,e3edfc5dc4b1abed90fe23330ff3f726f0dce268944eb4379bee42abcf425f2b,2e0435dc617333f354f62f319cbe332834719729c9e464715810f9d52167d258,5b6196d628721b20050045b3be0fa05c20b07469b137ef159b0cb2a57f862b36
low,21,19,f858_historical_rng_aligned,C:\Users\Asus\PycharmProjects\UNCERTAIN_EPC_RL_V3\revision_outputs\revision_v8_historical_eval_aligned_window_ablation\rng_snapshots\low_pre_decoupled_eval_rng.pkl,31.836666891467576,0.0154899925920394,381.495361328125,3345217.5,309.345947265625,42124.56640625,4.573182805992916,1.5202094189464566,False,19.75481221391581,3,e3edfc5dc4b1abed90fe23330ff3f726f0dce268944eb4379bee42abcf425f2b,2e0435dc617333f354f62f319cbe332834719729c9e464715810f9d52167d258,5b6196d628721b20050045b3be0fa05c20b07469b137ef159b0cb2a57f862b36
low,21,20,f858_historical_rng_aligned,C:\Users\Asus\PycharmProjects\UNCERTAIN_EPC_RL_V3\revision_outputs\revision_v8_historical_eval_aligned_window_ablation\rng_snapshots\low_pre_decoupled_eval_rng.pkl,26.34961907318997,0.0149512378109751,369.4084167480469,2750643.5,303.35418701171875,34686.3984375,3.9274464670433806,1.3679894607666188,False,19.75481221391581,3,e3edfc5dc4b1abed90fe23330ff3f726f0dce268944eb4379bee42abcf425f2b,2e0435dc617333f354f62f319cbe332834719729c9e464715810f9d52167d258,5b6196d628721b20050045b3be0fa05c20b07469b137ef159b0cb2a57f862b36
low,21,21,f858_historical_rng_aligned,C:\Users\Asus\PycharmProjects\UNCERTAIN_EPC_RL_V3\revision_outputs\revision_v8_historical_eval_aligned_window_ablation\rng_snapshots\low_pre_decoupled_eval_rng.pkl,30.40169610691641,0.0166196397123001,386.3993835449219,3281639.5,308.6597900390625,41329.15234375,4.50189210013879,1.5044977751024318,False,19.75481221391581,3,e3edfc5dc4b1abed90fe23330ff3f726f0dce268944eb4379bee42abcf425f2b,2e0435dc617333f354f62f319cbe332834719729c9e464715810f9d52167d258,5b6196d628721b20050045b3be0fa05c20b07469b137ef159b0cb2a57f862b36
low,21,22,f858_historical_rng_aligned,C:\Users\Asus\PycharmProjects\UNCERTAIN_EPC_RL_V3\revision_outputs\revision_v8_historical_eval_aligned_window_ablation\rng_snapshots\low_pre_decoupled_eval_rng.pkl,28.596661310551323,0.015637793286708,372.2873229980469,3006421.0,297.7309265136719,37877.9921875,4.186404191348864,1.4318421772574887,False,19.75481221391581,3,e3edfc5dc4b1abed90fe23330ff3f726f0dce268944eb4379bee42abcf425f2b,2e0435dc617333f354f62f319cbe332834719729c9e464715810f9d52167d258,5b6196d628721b20050045b3be0fa05c20b07469b137ef159b0cb2a57f862b36
low,21,23,f858_historical_rng_aligned,C:\Users\Asus\PycharmProjects\UNCERTAIN_EPC_RL_V3\revision_outputs\revision_v8_historical_eval_aligned_window_ablation\rng_snapshots\low_pre_decoupled_eval_rng.pkl,27.336315097285212,0.0162089461941819,384.363037109375,2885368.0,301.58758544921875,36368.6875,4.070543755839776,1.4037765914741265,False,19.75481221391581,3,e3edfc5dc4b1abed90fe23330ff3f726f0dce268944eb4379bee42abcf425f2b,2e0435dc617333f354f62f319cbe332834719729c9e464715810f9d52167d258,5b6196d628721b20050045b3be0fa05c20b07469b137ef159b0cb2a57f862b36
low,21,24,f858_historical_rng_aligned,C:\Users\Asus\PycharmProjects\UNCERTAIN_EPC_RL_V3\revision_outputs\revision_v8_historical_eval_aligned_window_ablation\rng_snapshots\low_pre_decoupled_eval_rng.pkl,27.9679401824633,0.0154381731117181,359.0223999023437,2930999.5,295.36407470703125,36932.85546875,4.098529671730894,1.410628292740932,False,19.75481221391581,3,e3edfc5dc4b1abed90fe23330ff3f726f0dce268944eb4379bee42abcf425f2b,2e0435dc617333f354f62f319cbe332834719729c9e464715810f9d52167d258,5b6196d628721b20050045b3be0fa05c20b07469b137ef159b0cb2a57f862b36
low,21,25,f858_historical_rng_aligned,C:\Users\Asus\PycharmProjects\UNCERTAIN_EPC_RL_V3\revision_outputs\revision_v8_historical_eval_aligned_window_ablation\rng_snapshots\low_pre_decoupled_eval_rng.pkl,26.515426537699103,0.0188667796969021,384.8833618164063,2941420.0,303.794921875,37071.546875,4.128187758062782,1.417838511171731,False,19.75481221391581,3,e3edfc5dc4b1abed90fe23330ff3f726f0dce268944eb4379bee42abcf425f2b,2e0435dc617333f354f62f319cbe332834719729c9e464715810f9d52167d258,5b6196d628721b20050045b3be0fa05c20b07469b137ef159b0cb2a57f862b36
low,21,26,f858_historical_rng_aligned,C:\Users\Asus\PycharmProjects\UNCERTAIN_EPC_RL_V3\revision_outputs\revision_v8_historical_eval_aligned_window_ablation\rng_snapshots\low_pre_decoupled_eval_rng.pkl,29.60688198376169,0.0128484917290327,373.1686401367188,2856120.75,303.14306640625,36004.65234375,4.033391209864192,1.394607513384737,False,19.75481221391581,3,e3edfc5dc4b1abed90fe23330ff3f726f0dce268944eb4379bee42abcf425f2b,2e0435dc617333f354f62f319cbe332834719729c9e464715810f9d52167d258,5b6196d628721b20050045b3be0fa05c20b07469b137ef159b0cb2a57f862b36
low,21,27,f858_historical_rng_aligned,C:\Users\Asus\PycharmProjects\UNCERTAIN_EPC_RL_V3\revision_outputs\revision_v8_historical_eval_aligned_window_ablation\rng_snapshots\low_pre_decoupled_eval_rng.pkl,28.44422383851743,0.0145042832759642,357.86968994140625,2946117.5,301.3219299316406,37127.7890625,4.1137474074903055,1.4143343910692718,False,19.75481221391581,3,e3edfc5dc4b1abed90fe23330ff3f726f0dce268944eb4379bee42abcf425f2b,2e0435dc617333f354f62f319cbe332834719729c9e464715810f9d52167d258,5b6196d628721b20050045b3be0fa05c20b07469b137ef159b0cb2a57f862b36
low,21,28,f858_historical_rng_aligned,C:\Users\Asus\PycharmProjects\UNCERTAIN_EPC_RL_V3\revision_outputs\revision_v8_historical_eval_aligned_window_ablation\rng_snapshots\low_pre_decoupled_eval_rng.pkl,28.577609641743376,0.0156627442920414,362.2003784179688,2994725.5,298.82080078125,37732.890625,4.167103207176888,1.4272211198746347,False,19.75481221391581,3,e3edfc5dc4b1abed90fe23330ff3f726f0dce268944eb4379bee42abcf425f2b,2e0435dc617333f354f62f319cbe332834719729c9e464715810f9d52167d258,5b6196d628721b20050045b3be0fa05c20b07469b137ef159b0cb2a57f862b36
low,21,29,f858_historical_rng_aligned,C:\Users\Asus\PycharmProjects\UNCERTAIN_EPC_RL_V3\revision_outputs\revision_v8_historical_eval_aligned_window_ablation\rng_snapshots\low_pre_decoupled_eval_rng.pkl,25.996842840888014,0.0148387500734055,379.7471008300781,2914337.25,295.9606628417969,36725.17578125,4.096170193107752,1.410052437925683,False,19.75481221391581,3,e3edfc5dc4b1abed90fe23330ff3f726f0dce268944eb4379bee42abcf425f2b,2e0435dc617333f354f62f319cbe332834719729c9e464715810f9d52167d258,5b6196d628721b20050045b3be0fa05c20b07469b137ef159b0cb2a57f862b36
low,21,30,f858_historical_rng_aligned,C:\Users\Asus\PycharmProjects\UNCERTAIN_EPC_RL_V3\revision_outputs\revision_v8_historical_eval_aligned_window_ablation\rng_snapshots\low_pre_decoupled_eval_rng.pkl,28.44427954025768,0.0136590525343524,366.9443359375,3084979.0,300.71435546875,38862.953125,4.266771372411155,1.4508574223652153,False,19.75481221391581,3,e3edfc5dc4b1abed90fe23330ff3f726f0dce268944eb4379bee42abcf425f2b,2e0435dc617333f354f62f319cbe332834719729c9e464715810f9d52167d258,5b6196d628721b20050045b3be0fa05c20b07469b137ef159b0cb2a57f862b36
low,21,31,f858_historical_rng_aligned,C:\Users\Asus\PycharmProjects\UNCERTAIN_EPC_RL_V3\revision_outputs\revision_v8_historical_eval_aligned_window_ablation\rng_snapshots\low_pre_decoupled_eval_rng.pkl,29.710828834911627,0.0182231974636799,378.6274719238281,3087922.5,309.078369140625,38908.109375,4.278941209282828,1.4537055979812914,False,19.75481221391581,3,e3edfc5dc4b1abed90fe23330ff3f726f0dce268944eb4379bee42abcf425f2b,2e0435dc617333f354f62f319cbe332834719729c9e464715810f9d52167d258,5b6196d628721b20050045b3be0fa05c20b07469b137ef159b0cb2a57f862b36
low,21,32,f858_historical_rng_aligned,C:\Users\Asus\PycharmProjects\UNCERTAIN_EPC_RL_V3\revision_outputs\revision_v8_historical_eval_aligned_window_ablation\rng_snapshots\low_pre_decoupled_eval_rng.pkl,27.61698114018699,0.0153579173457513,381.4691162109375,2852887.75,304.66864013671875,35965.765625,4.036168796979854,1.3952959244562206,False,19.75481221391581,3,e3edfc5dc4b1abed90fe23330ff3f726f0dce268944eb4379bee42abcf425f2b,2e0435dc617333f354f62f319cbe332834719729c9e464715810f9d52167d258,5b6196d628721b20050045b3be0fa05c20b07469b137ef159b0cb2a57f862b36
low,21,33,f858_historical_rng_aligned,C:\Users\Asus\PycharmProjects\UNCERTAIN_EPC_RL_V3\revision_outputs\revision_v8_historical_eval_aligned_window_ablation\rng_snapshots\low_pre_decoupled_eval_rng.pkl,25.36999101886423,0.016927257470971,361.1180419921875,2580688.5,291.0169982910156,32549.623046875,3.762232728172768,1.325012591850249,False,19.75481221391581,3,e3edfc5dc4b1abed90fe23330ff3f726f0dce268944eb4379bee42abcf425f2b,2e0435dc617333f354f62f319cbe332834719729c9e464715810f9d52167d258,5b6196d628721b20050045b3be0fa05c20b07469b137ef159b0cb2a57f862b36
low,21,34,f858_historical_rng_aligned,C:\Users\Asus\PycharmProjects\UNCERTAIN_EPC_RL_V3\revision_outputs\revision_v8_historical_eval_aligned_window_ablation\rng_snapshots\low_pre_decoupled_eval_rng.pkl,27.709079139285105,0.017623710485004,379.0921020507813,3011493.0,305.7595520019531,37949.421875,4.197242856221153,1.4344278469187826,False,19.75481221391581,3,e3edfc5dc4b1abed90fe23330ff3f726f0dce268944eb4379bee42abcf425f2b,2e0435dc617333f354f62f319cbe332834719729c9e464715810f9d52167d258,5b6196d628721b20050045b3be0fa05c20b07469b137ef159b0cb2a57f862b36
low,21,35,f858_historical_rng_aligned,C:\Users\Asus\PycharmProjects\UNCERTAIN_EPC_RL_V3\revision_outputs\revision_v8_historical_eval_aligned_window_ablation\rng_snapshots\low_pre_decoupled_eval_rng.pkl,29.97087831707313,0.0166687330486817,370.0105285644531,3225666.5,301.2825012207031,40622.11328125,4.425216614100924,1.487319229600958,False,19.75481221391581,3,e3edfc5dc4b1abed90fe23330ff3f726f0dce268944eb4379bee42abcf425f2b,2e0435dc617333f354f62f319cbe332834719729c9e464715810f9d52167d258,5b6196d628721b20050045b3be0fa05c20b07469b137ef159b0cb2a57f862b36
low,21,36,f858_historical_rng_aligned,C:\Users\Asus\PycharmProjects\UNCERTAIN_EPC_RL_V3\revision_outputs\revision_v8_historical_eval_aligned_window_ablation\rng_snapshots\low_pre_decoupled_eval_rng.pkl,26.52914177420072,0.0155949795535204,369.8721923828125,2775765.0,293.2978515625,34990.359375,3.951246297019694,1.3740310473804545,False,19.75481221391581,3,e3edfc5dc4b1abed90fe23330ff3f726f0dce268944eb4379bee42abcf425f2b,2e0435dc617333f354f62f319cbe332834719729c9e464715810f9d52167d258,5b6196d628721b20050045b3be0fa05c20b07469b137ef159b0cb2a57f862b36
low,21,37,f858_historical_rng_aligned,C:\Users\Asus\PycharmProjects\UNCERTAIN_EPC_RL_V3\revision_outputs\revision_v8_historical_eval_aligned_window_ablation\rng_snapshots\low_pre_decoupled_eval_rng.pkl,27.726340526561696,0.0155523731424991,357.7968444824219,2980535.5,294.915771484375,37551.609375,4.14884826775172,1.422830769882225,False,19.75481221391581,3,e3edfc5dc4b1abed90fe23330ff3f726f0dce268944eb4379bee42abcf425f2b,2e0435dc617333f354f62f319cbe332834719729c9e464715810f9d52167d258,5b6196d628721b20050045b3be0fa05c20b07469b137ef159b0cb2a57f862b36
low,21,38,f858_historical_rng_aligned,C:\Users\Asus\PycharmProjects\UNCERTAIN_EPC_RL_V3\revision_outputs\revision_v8_historical_eval_aligned_window_ablation\rng_snapshots\low_pre_decoupled_eval_rng.pkl,28.70839369300969,0.0166530002142768,373.84814453125,2990263.0,304.6484375,37682.9375,4.171124499958893,1.4281856637165664,False,19.75481221391581,3,e3edfc5dc4b1abed90fe23330ff3f726f0dce268944eb4379bee42abcf425f2b,2e0435dc617333f354f62f319cbe332834719729c9e464715810f9d52167d258,5b6196d628721b20050045b3be0fa05c20b07469b137ef159b0cb2a57f862b36
low,21,39,f858_historical_rng_aligned,C:\Users\Asus\PycharmProjects\UNCERTAIN_EPC_RL_V3\revision_outputs\revision_v8_historical_eval_aligned_window_ablation\rng_snapshots\low_pre_decoupled_eval_rng.pkl,29.415832676391453,0.011981245491376,386.5487365722656,2980352.25,317.1510925292969,37571.5546875,4.170822810281166,1.4281133329605358,False,19.75481221391581,3,e3edfc5dc4b1abed90fe23330ff3f726f0dce268944eb4379bee42abcf425f2b,2e0435dc617333f354f62f319cbe332834719729c9e464715810f9d52167d258,5b6196d628721b20050045b3be0fa05c20b07469b137ef159b0cb2a57f862b36
low,21,40,f858_historical_rng_aligned,C:\Users\Asus\PycharmProjects\UNCERTAIN_EPC_RL_V3\revision_outputs\revision_v8_historical_eval_aligned_window_ablation\rng_snapshots\low_pre_decoupled_eval_rng.pkl,26.60641716326719,0.0184831573582806,395.065185546875,3058100.75,309.64752197265625,38535.90625,4.258536490938224,1.4489255545274662,False,19.75481221391581,3,e3edfc5dc4b1abed90fe23330ff3f726f0dce268944eb4379bee42abcf425f2b,2e0435dc617333f354f62f319cbe332834719729c9e464715810f9d52167d258,5b6196d628721b20050045b3be0fa05c20b07469b137ef159b0cb2a57f862b36
low,21,41,f858_historical_rng_aligned,C:\Users\Asus\PycharmProjects\UNCERTAIN_EPC_RL_V3\revision_outputs\revision_v8_historical_eval_aligned_window_ablation\rng_snapshots\low_pre_decoupled_eval_rng.pkl,37.19054324368596,0.0156994005104805,369.4574890136719,3484858.0,300.11151123046875,43860.83984375,4.7339152591221945,1.554752610450418,False,19.75481221391581,3,e3edfc5dc4b1abed90fe23330ff3f726f0dce268944eb4379bee42abcf425f2b,2e0435dc617333f354f62f319cbe332834719729c9e464715810f9d52167d258,5b6196d628721b20050045b3be0fa05c20b07469b137ef159b0cb2a57f862b36
low,21,42,f858_historical_rng_aligned,C:\Users\Asus\PycharmProjects\UNCERTAIN_EPC_RL_V3\revision_outputs\revision_v8_historical_eval_aligned_window_ablation\rng_snapshots\low_pre_decoupled_eval_rng.pkl,34.17874232621772,0.0143304521940353,364.2603149414063,3720516.0,299.2211303710937,46805.671875,5.037217938697074,1.6168539333869745,False,19.75481221391581,3,e3edfc5dc4b1abed90fe23330ff3f726f0dce268944eb4379bee42abcf425f2b,2e0435dc617333f354f62f319cbe332834719729c9e464715810f9d52167d258,5b6196d628721b20050045b3be0fa05c20b07469b137ef159b0cb2a57f862b36
low,21,43,f858_historical_rng_aligned,C:\Users\Asus\PycharmProjects\UNCERTAIN_EPC_RL_V3\revision_outputs\revision_v8_historical_eval_aligned_window_ablation\rng_snapshots\low_pre_decoupled_eval_rng.pkl,25.7725744756574,0.0179229864877073,396.8797607421875,2754180.5,314.4563903808594,34741.71484375,3.951230163888579,1.374026964323404,False,19.75481221391581,3,e3edfc5dc4b1abed90fe23330ff3f726f0dce268944eb4379bee42abcf425f2b,2e0435dc617333f354f62f319cbe332834719729c9e464715810f9d52167d258,5b6196d628721b20050045b3be0fa05c20b07469b137ef159b0cb2a57f862b36
low,21,44,f858_historical_rng_aligned,C:\Users\Asus\PycharmProjects\UNCERTAIN_EPC_RL_V3\revision_outputs\revision_v8_historical_eval_aligned_window_ablation\rng_snapshots\low_pre_decoupled_eval_rng.pkl,30.82046519133569,0.0152701272648723,364.0759582519531,3288485.0,303.7088928222656,41409.76953125,4.493597558101395,1.502653618818944,False,19.75481221391581,3,e3edfc5dc4b1abed90fe23330ff3f726f0dce268944eb4379bee42abcf425f2b,2e0435dc617333f354f62f319cbe332834719729c9e464715810f9d52167d258,5b6196d628721b20050045b3be0fa05c20b07469b137ef159b0cb2a57f862b36
low,21,45,f858_historical_rng_aligned,C:\Users\Asus\PycharmProjects\UNCERTAIN_EPC_RL_V3\revision_outputs\revision_v8_historical_eval_aligned_window_ablation\rng_snapshots\low_pre_decoupled_eval_rng.pkl,25.1610542762458,0.0150838030900239,374.4210815429688,2640423.5,298.16162109375,33303.453125,3.826726907115075,1.3420098443768609,False,19.75481221391581,3,e3edfc5dc4b1abed90fe23330ff3f726f0dce268944eb4379bee42abcf425f2b,2e0435dc617333f354f62f319cbe332834719729c9e464715810f9d52167d258,5b6196d628721b20050045b3be0fa05c20b07469b137ef159b0cb2a57f862b36
low,21,46,f858_historical_rng_aligned,C:\Users\Asus\PycharmProjects\UNCERTAIN_EPC_RL_V3\revision_outputs\revision_v8_historical_eval_aligned_window_ablation\rng_snapshots\low_pre_decoupled_eval_rng.pkl,27.573321310631798,0.0144211177628678,382.7663879394531,2829467.0,305.54962158203125,35673.88671875,4.013910050359496,1.389765841144361,False,19.75481221391581,3,e3edfc5dc4b1abed90fe23330ff3f726f0dce268944eb4379bee42abcf425f2b,2e0435dc617333f354f62f319cbe332834719729c9e464715810f9d52167d258,5b6196d628721b20050045b3be0fa05c20b07469b137ef159b0cb2a57f862b36
low,21,47,f858_historical_rng_aligned,C:\Users\Asus\PycharmProjects\UNCERTAIN_EPC_RL_V3\revision_outputs\revision_v8_historical_eval_aligned_window_ablation\rng_snapshots\low_pre_decoupled_eval_rng.pkl,26.938567643468645,0.0144390135880047,377.2185668945313,2771164.75,307.5555114746094,34947.11328125,3.9530876168665783,1.3744969487202137,False,19.75481221391581,3,e3edfc5dc4b1abed90fe23330ff3f726f0dce268944eb4379bee42abcf425f2b,2e0435dc617333f354f62f319cbe332834719729c9e464715810f9d52167d258,5b6196d628721b20050045b3be0fa05c20b07469b137ef159b0cb2a57f862b36
low,21,48,f858_historical_rng_aligned,C:\Users\Asus\PycharmProjects\UNCERTAIN_EPC_RL_V3\revision_outputs\revision_v8_historical_eval_aligned_window_ablation\rng_snapshots\low_pre_decoupled_eval_rng.pkl,27.920017800508894,0.0162559520653788,381.30120849609375,2975429.25,302.95172119140625,37495.8203125,4.160774831912786,1.4257013146007085,False,19.75481221391581,3,e3edfc5dc4b1abed90fe23330ff3f726f0dce268944eb4379bee42abcf425f2b,2e0435dc617333f354f62f319cbe332834719729c9e464715810f9d52167d258,5b6196d628721b20050045b3be0fa05c20b07469b137ef159b0cb2a57f862b36
low,21,49,f858_historical_rng_aligned,C:\Users\Asus\PycharmProjects\UNCERTAIN_EPC_RL_V3\revision_outputs\revision_v8_historical_eval_aligned_window_ablation\rng_snapshots\low_pre_decoupled_eval_rng.pkl,34.51447106574947,0.0199228851164025,388.2234802246094,3762246.5,311.6513671875,47339.734375,5.112672168623283,1.63172219681623,False,19.75481221391581,3,e3edfc5dc4b1abed90fe23330ff3f726f0dce268944eb4379bee42abcf425f2b,2e0435dc617333f354f62f319cbe332834719729c9e464715810f9d52167d258,5b6196d628721b20050045b3be0fa05c20b07469b137ef159b0cb2a57f862b36
low,21,50,f858_historical_rng_aligned,C:\Users\Asus\PycharmProjects\UNCERTAIN_EPC_RL_V3\revision_outputs\revision_v8_historical_eval_aligned_window_ablation\rng_snapshots\low_pre_decoupled_eval_rng.pkl,27.817012649362688,0.0172690989827941,381.7763671875,3097789.25,307.9229736328125,39030.2890625,4.2917919943888645,1.4567043600313494,False,19.75481221391581,3,e3edfc5dc4b1abed90fe23330ff3f726f0dce268944eb4379bee42abcf425f2b,2e0435dc617333f354f62f319cbe332834719729c9e464715810f9d52167d258,5b6196d628721b20050045b3be0fa05c20b07469b137ef159b0cb2a57f862b36
low,21,51,f858_historical_rng_aligned,C:\Users\Asus\PycharmProjects\UNCERTAIN_EPC_RL_V3\revision_outputs\revision_v8_historical_eval_aligned_window_ablation\rng_snapshots\low_pre_decoupled_eval_rng.pkl,28.396149298189425,0.0146279370679886,376.7392272949219,3232747.5,299.50299072265625,40708.84765625,4.437883286688234,1.4901775255364291,False,19.75481221391581,3,e3edfc5dc4b1abed90fe23330ff3f726f0dce268944eb4379bee42abcf425f2b,2e0435dc617333f354f62f319cbe332834719729c9e464715810f9d52167d258,5b6196d628721b20050045b3be0fa05c20b07469b137ef159b0cb2a57f862b36
low,21,52,f858_historical_rng_aligned,C:\Users\Asus\PycharmProjects\UNCERTAIN_EPC_RL_V3\revision_outputs\revision_v8_historical_eval_aligned_window_ablation\rng_snapshots\low_pre_decoupled_eval_rng.pkl,27.13499939180243,0.0183103553345089,374.08984375,2920182.5,295.76397705078125,36798.046875,4.098108198797343,1.41052545229816,False,19.75481221391581,3,e3edfc5dc4b1abed90fe23330ff3f726f0dce268944eb4379bee42abcf425f2b,2e0435dc617333f354f62f319cbe332834719729c9e464715810f9d52167d258,5b6196d628721b20050045b3be0fa05c20b07469b137ef159b0cb2a57f862b36
low,21,53,f858_historical_rng_aligned,C:\Users\Asus\PycharmProjects\UNCERTAIN_EPC_RL_V3\revision_outputs\revision_v8_historical_eval_aligned_window_ablation\rng_snapshots\low_pre_decoupled_eval_rng.pkl,26.6881748624136,0.0152712122595177,374.9031066894531,2829067.0,292.687255859375,35656.0234375,4.006922075168153,1.388023384289504,False,19.75481221391581,3,e3edfc5dc4b1abed90fe23330ff3f726f0dce268944eb4379bee42abcf425f2b,2e0435dc617333f354f62f319cbe332834719729c9e464715810f9d52167d258,5b6196d628721b20050045b3be0fa05c20b07469b137ef159b0cb2a57f862b36
low,21,54,f858_historical_rng_aligned,C:\Users\Asus\PycharmProjects\UNCERTAIN_EPC_RL_V3\revision_outputs\revision_v8_historical_eval_aligned_window_ablation\rng_snapshots\low_pre_decoupled_eval_rng.pkl,29.27648973403998,0.0169072099141644,377.8138732910156,3036855.75,309.4068908691406,38270.1015625,4.223525335814009,1.4406701669395323,False,19.75481221391581,3,e3edfc5dc4b1abed90fe23330ff3f726f0dce268944eb4379bee42abcf425f2b,2e0435dc617333f354f62f319cbe332834719729c9e464715810f9d52167d258,5b6196d628721b20050045b3be0fa05c20b07469b137ef159b0cb2a57f862b36
low,21,55,f858_historical_rng_aligned,C:\Users\Asus\PycharmProjects\UNCERTAIN_EPC_RL_V3\revision_outputs\revision_v8_historical_eval_aligned_window_ablation\rng_snapshots\low_pre_decoupled_eval_rng.pkl,29.708694928216072,0.0148200694448176,395.9094848632813,3188882.0,316.70391845703125,40177.7265625,4.403400630574327,1.482377112998616,False,19.75481221391581,3,e3edfc5dc4b1abed90fe23330ff3f726f0dce268944eb4379bee42abcf425f2b,2e0435dc617333f354f62f319cbe332834719729c9e464715810f9d52167d258,5b6196d628721b20050045b3be0fa05c20b07469b137ef159b0cb2a57f862b36
low,21,56,f858_historical_rng_aligned,C:\Users\Asus\PycharmProjects\UNCERTAIN_EPC_RL_V3\revision_outputs\revision_v8_historical_eval_aligned_window_ablation\rng_snapshots\low_pre_decoupled_eval_rng.pkl,22.873500403019207,0.0149200897504215,386.8194274902344,2221253.75,289.86578369140625,28055.537109375,3.4753132507042586,1.2456846190415778,False,19.75481221391581,3,e3edfc5dc4b1abed90fe23330ff3f726f0dce268944eb4379bee42abcf425f2b,2e0435dc617333f354f62f319cbe332834719729c9e464715810f9d52167d258,5b6196d628721b20050045b3be0fa05c20b07469b137ef159b0cb2a57f862b36
low,21,57,f858_historical_rng_aligned,C:\Users\Asus\PycharmProjects\UNCERTAIN_EPC_RL_V3\revision_outputs\revision_v8_historical_eval_aligned_window_ablation\rng_snapshots\low_pre_decoupled_eval_rng.pkl,28.43249361087926,0.0159064247803841,364.109375,2979902.5,296.85772705078125,37545.640625,4.15278077412336,1.423778175902404,False,19.75481221391581,3,e3edfc5dc4b1abed90fe23330ff3f726f0dce268944eb4379bee42abcf425f2b,2e0435dc617333f354f62f319cbe332834719729c9e464715810f9d52167d258,5b6196d628721b20050045b3be0fa05c20b07469b137ef159b0cb2a57f862b36
low,21,58,f858_historical_rng_aligned,C:\Users\Asus\PycharmProjects\UNCERTAIN_EPC_RL_V3\revision_outputs\revision_v8_historical_eval_aligned_window_ablation\rng_snapshots\low_pre_decoupled_eval_rng.pkl,26.281606375706698,0.0125171561383134,362.9576416015625,2742559.0,292.8814697265625,34574.87109375,3.914343891023791,1.3646477268985744,False,19.75481221391581,3,e3edfc5dc4b1abed90fe23330ff3f726f0dce268944eb4379bee42abcf425f2b,2e0435dc617333f354f62f319cbe332834719729c9e464715810f9d52167d258,5b6196d628721b20050045b3be0fa05c20b07469b137ef159b0cb2a57f862b36
low,21,59,f858_historical_rng_aligned,C:\Users\Asus\PycharmProjects\UNCERTAIN_EPC_RL_V3\revision_outputs\revision_v8_historical_eval_aligned_window_ablation\rng_snapshots\low_pre_decoupled_eval_rng.pkl,34.50483015142963,0.0153391821500191,361.6145629882813,3685108.5,298.4256286621094,46362.28125,4.9874741104076055,1.606929591306791,False,19.75481221391581,3,e3edfc5dc4b1abed90fe23330ff3f726f0dce268944eb4379bee42abcf425f2b,2e0435dc617333f354f62f319cbe332834719729c9e464715810f9d52167d258,5b6196d628721b20050045b3be0fa05c20b07469b137ef159b0cb2a57f862b36
low,21,60,f858_historical_rng_aligned,C:\Users\Asus\PycharmProjects\UNCERTAIN_EPC_RL_V3\revision_outputs\revision_v8_historical_eval_aligned_window_ablation\rng_snapshots\low_pre_decoupled_eval_rng.pkl,27.41978005523524,0.0170264235884267,375.15869140625,3013977.5,310.30255126953125,37985.01953125,4.197462389156888,1.4344801496332598,False,19.75481221391581,3,e3edfc5dc4b1abed90fe23330ff3f726f0dce268944eb4379bee42abcf425f2b,2e0435dc617333f354f62f319cbe332834719729c9e464715810f9d52167d258,5b6196d628721b20050045b3be0fa05c20b07469b137ef159b0cb2a57f862b36
low,21,61,f858_historical_rng_aligned,C:\Users\Asus\PycharmProjects\UNCERTAIN_EPC_RL_V3\revision_outputs\revision_v8_historical_eval_aligned_window_ablation\rng_snapshots\low_pre_decoupled_eval_rng.pkl,27.303164961886598,0.0146956853429316,382.9388122558594,2963001.0,303.1149597167969,37340.625,4.149037365773378,1.4228763472811048,False,19.75481221391581,3,e3edfc5dc4b1abed90fe23330ff3f726f0dce268944eb4379bee42abcf425f2b,2e0435dc617333f354f62f319cbe332834719729c9e464715810f9d52167d258,5b6196d628721b20050045b3be0fa05c20b07469b137ef159b0cb2a57f862b36
low,21,62,f858_historical_rng_aligned,C:\Users\Asus\PycharmProjects\UNCERTAIN_EPC_RL_V3\revision_outputs\revision_v8_historical_eval_aligned_window_ablation\rng_snapshots\low_pre_decoupled_eval_rng.pkl,26.653196570472748,0.0144038805845126,376.523681640625,2618449.25,299.4863586425781,33030.1015625,3.808089914055468,1.3371277285346768,False,19.75481221391581,3,e3edfc5dc4b1abed90fe23330ff3f726f0dce268944eb4379bee42abcf425f2b,2e0435dc617333f354f62f319cbe332834719729c9e464715810f9d52167d258,5b6196d628721b20050045b3be0fa05c20b07469b137ef159b0cb2a57f862b36
low,21,63,f858_historical_rng_aligned,C:\Users\Asus\PycharmProjects\UNCERTAIN_EPC_RL_V3\revision_outputs\revision_v8_historical_eval_aligned_window_ablation\rng_snapshots\low_pre_decoupled_eval_rng.pkl,27.734096413964902,0.0148871887948853,380.8644104003906,2859188.5,306.9483642578125,36046.8046875,4.042209719906485,1.396791502817648,False,19.75481221391581,3,e3edfc5dc4b1abed90fe23330ff3f726f0dce268944eb4379bee42abcf425f2b,2e0435dc617333f354f62f319cbe332834719729c9e464715810f9d52167d258,5b6196d628721b20050045b3be0fa05c20b07469b137ef159b0cb2a57f862b36
low,21,64,f858_historical_rng_aligned,C:\Users\Asus\PycharmProjects\UNCERTAIN_EPC_RL_V3\revision_outputs\revision_v8_historical_eval_aligned_window_ablation\rng_snapshots\low_pre_decoupled_eval_rng.pkl,28.500955223708427,0.0134082047600453,377.3807678222656,3072958.5,302.5869445800781,38714.56640625,4.261316189287705,1.4495780771830664,False,19.75481221391581,3,e3edfc5dc4b1abed90fe23330ff3f726f0dce268944eb4379bee42abcf425f2b,2e0435dc617333f354f62f319cbe332834719729c9e464715810f9d52167d258,5b6196d628721b20050045b3be0fa05c20b07469b137ef159b0cb2a57f862b36
low,21,65,f858_historical_rng_aligned,C:\Users\Asus\PycharmProjects\UNCERTAIN_EPC_RL_V3\revision_outputs\revision_v8_historical_eval_aligned_window_ablation\rng_snapshots\low_pre_decoupled_eval_rng.pkl,27.84763677498224,0.0182324577632136,405.6306457519531,2958581.5,318.2191162109375,37300.48828125,4.161942937691404,1.4259820175678457,False,19.75481221391581,3,e3edfc5dc4b1abed90fe23330ff3f726f0dce268944eb4379bee42abcf425f2b,2e0435dc617333f354f62f319cbe332834719729c9e464715810f9d52167d258,5b6196d628721b20050045b3be0fa05c20b07469b137ef159b0cb2a57f862b36
low,21,66,f858_historical_rng_aligned,C:\Users\Asus\PycharmProjects\UNCERTAIN_EPC_RL_V3\revision_outputs\revision_v8_historical_eval_aligned_window_ablation\rng_snapshots\low_pre_decoupled_eval_rng.pkl,22.06678420859753,0.0161103099578895,371.1685180664063,2254531.25,288.9315490722656,28470.572265625,3.4907782997019785,1.2501247198622298,False,19.75481221391581,3,e3edfc5dc4b1abed90fe23330ff3f726f0dce268944eb4379bee42abcf425f2b,2e0435dc617333f354f62f319cbe332834719729c9e464715810f9d52167d258,5b6196d628721b20050045b3be0fa05c20b07469b137ef159b0cb2a57f862b36
low,21,67,f858_historical_rng_aligned,C:\Users\Asus\PycharmProjects\UNCERTAIN_EPC_RL_V3\revision_outputs\revision_v8_historical_eval_aligned_window_ablation\rng_snapshots\low_pre_decoupled_eval_rng.pkl,27.101820455184654,0.0154118287373709,380.8291931152344,2843232.5,302.17120361328125,35842.578125,4.025907625585587,1.392750382489788,False,19.75481221391581,3,e3edfc5dc4b1abed90fe23330ff3f726f0dce268944eb4379bee42abcf425f2b,2e0435dc617333f354f62f319cbe332834719729c9e464715810f9d52167d258,5b6196d628721b20050045b3be0fa05c20b07469b137ef159b0cb2a57f862b36
low,21,68,f858_historical_rng_aligned,C:\Users\Asus\PycharmProjects\UNCERTAIN_EPC_RL_V3\revision_outputs\revision_v8_historical_eval_aligned_window_ablation\rng_snapshots\low_pre_decoupled_eval_rng.pkl,29.5940300104415,0.0158921633599858,370.63916015625,3039444.5,300.1045837402344,38293.16015625,4.220415987552622,1.4399336984391362,False,19.75481221391581,3,e3edfc5dc4b1abed90fe23330ff3f726f0dce268944eb4379bee42abcf425f2b,2e0435dc617333f354f62f319cbe332834719729c9e464715810f9d52167d258,5b6196d628721b20050045b3be0fa05c20b07469b137ef159b0cb2a57f862b36
low,21,69,f858_historical_rng_aligned,C:\Users\Asus\PycharmProjects\UNCERTAIN_EPC_RL_V3\revision_outputs\revision_v8_historical_eval_aligned_window_ablation\rng_snapshots\low_pre_decoupled_eval_rng.pkl,28.454067253661247,0.0156148476659025,373.4905395507813,2962785.75,305.2735900878906,37340.09375,4.142296229638416,1.4212502789188224,False,19.75481221391581,3,e3edfc5dc4b1abed90fe23330ff3f726f0dce268944eb4379bee42abcf425f2b,2e0435dc617333f354f62f319cbe332834719729c9e464715810f9d52167d258,5b6196d628721b20050045b3be0fa05c20b07469b137ef159b0cb2a57f862b36
low,21,70,f858_historical_rng_aligned,C:\Users\Asus\PycharmProjects\UNCERTAIN_EPC_RL_V3\revision_outputs\revision_v8_historical_eval_aligned_window_ablation\rng_snapshots\low_pre_decoupled_eval_rng.pkl,28.54554767847961,0.0136384848787321,358.132080078125,2925571.0,292.8672790527344,36862.50390625,4.092143862195548,1.4090690044106728,False,19.75481221391581,3,e3edfc5dc4b1abed90fe23330ff3f726f0dce268944eb4379bee42abcf425f2b,2e0435dc617333f354f62f319cbe332834719729c9e464715810f9d52167d258,5b6196d628721b20050045b3be0fa05c20b07469b137ef159b0cb2a57f862b36
low,21,71,f858_historical_rng_aligned,C:\Users\Asus\PycharmProjects\UNCERTAIN_EPC_RL_V3\revision_outputs\revision_v8_historical_eval_aligned_window_ablation\rng_snapshots\low_pre_decoupled_eval_rng.pkl,29.09646759596829,0.0151803016047769,376.78424072265625,3025856.25,300.2804260253906,38123.484375,4.210334154471199,1.4375420161528911,False,19.75481221391581,3,e3edfc5dc4b1abed90fe23330ff3f726f0dce268944eb4379bee42abcf425f2b,2e0435dc617333f354f62f319cbe332834719729c9e464715810f9d52167d258,5b6196d628721b20050045b3be0fa05c20b07469b137ef159b0cb2a57f862b36
low,21,72,f858_historical_rng_aligned,C:\Users\Asus\PycharmProjects\UNCERTAIN_EPC_RL_V3\revision_outputs\revision_v8_historical_eval_aligned_window_ablation\rng_snapshots\low_pre_decoupled_eval_rng.pkl,28.387056957675323,0.0122789970753705,373.2634582519531,3082978.0,301.48077392578125,38838.70703125,4.269130107182158,1.451410084515002,False,19.75481221391581,3,e3edfc5dc4b1abed90fe23330ff3f726f0dce268944eb4379bee42abcf425f2b,2e0435dc617333f354f62f319cbe332834719729c9e464715810f9d52167d258,5b6196d628721b20050045b3be0fa05c20b07469b137ef159b0cb2a57f862b36
low,21,73,f858_historical_rng_aligned,C:\Users\Asus\PycharmProjects\UNCERTAIN_EPC_RL_V3\revision_outputs\revision_v8_historical_eval_aligned_window_ablation\rng_snapshots\low_pre_decoupled_eval_rng.pkl,28.736163229623585,0.0176178898652547,386.98529052734375,3142910.5,306.7979736328125,39593.1796875,4.344888356581034,1.469000063699332,False,19.75481221391581,3,e3edfc5dc4b1abed90fe23330ff3f726f0dce268944eb4379bee42abcf425f2b,2e0435dc617333f354f62f319cbe332834719729c9e464715810f9d52167d258,5b6196d628721b20050045b3be0fa05c20b07469b137ef159b0cb2a57f862b36
low,21,74,f858_historical_rng_aligned,C:\Users\Asus\PycharmProjects\UNCERTAIN_EPC_RL_V3\revision_outputs\revision_v8_historical_eval_aligned_window_ablation\rng_snapshots\low_pre_decoupled_eval_rng.pkl,33.3363525529544,0.0166764532840265,375.8403930664063,3598248.5,307.6625061035156,45285.76953125,4.883735330257234,1.5859103635960403,False,19.75481221391581,3,e3edfc5dc4b1abed90fe23330ff3f726f0dce268944eb4379bee42abcf425f2b,2e0435dc617333f354f62f319cbe332834719729c9e464715810f9d52167d258,5b6196d628721b20050045b3be0fa05c20b07469b137ef159b0cb2a57f862b36
low,21,75,f858_historical_rng_aligned,C:\Users\Asus\PycharmProjects\UNCERTAIN_EPC_RL_V3\revision_outputs\revision_v8_historical_eval_aligned_window_ablation\rng_snapshots\low_pre_decoupled_eval_rng.pkl,27.365931919676832,0.0148339115298945,376.134033203125,2914068.0,303.14239501953125,36728.9921875,4.093920645448577,1.4095031039170405,False,19.75481221391581,3,e3edfc5dc4b1abed90fe23330ff3f726f0dce268944eb4379bee42abcf425f2b,2e0435dc617333f354f62f319cbe332834719729c9e464715810f9d52167d258,5b6196d628721b20050045b3be0fa05c20b07469b137ef159b0cb2a57f862b36
low,21,76,f858_historical_rng_aligned,C:\Users\Asus\PycharmProjects\UNCERTAIN_EPC_RL_V3\revision_outputs\revision_v8_historical_eval_aligned_window_ablation\rng_snapshots\low_pre_decoupled_eval_rng.pkl,31.35295804087639,0.0148938700942079,359.8876037597656,3380319.75,296.5666809082031,42550.5625,4.598684983742247,1.5257703895260342,False,19.75481221391581,3,e3edfc5dc4b1abed90fe23330ff3f726f0dce268944eb4379bee42abcf425f2b,2e0435dc617333f354f62f319cbe332834719729c9e464715810f9d52167d258,5b6196d628721b20050045b3be0fa05c20b07469b137ef159b0cb2a57f862b36
low,21,77,f858_historical_rng_aligned,C:\Users\Asus\PycharmProjects\UNCERTAIN_EPC_RL_V3\revision_outputs\revision_v8_historical_eval_aligned_window_ablation\rng_snapshots\low_pre_decoupled_eval_rng.pkl,32.91742338329273,0.0154211624648347,362.9829711914063,3567927.5,302.49969482421875,44901.59375,4.8349064157673896,1.5758617731372513,False,19.75481221391581,3,e3edfc5dc4b1abed90fe23330ff3f726f0dce268944eb4379bee42abcf425f2b,2e0435dc617333f354f62f319cbe332834719729c9e464715810f9d52167d258,5b6196d628721b20050045b3be0fa05c20b07469b137ef159b0cb2a57f862b36
low,21,78,f858_historical_rng_aligned,C:\Users\Asus\PycharmProjects\UNCERTAIN_EPC_RL_V3\revision_outputs\revision_v8_historical_eval_aligned_window_ablation\rng_snapshots\low_pre_decoupled_eval_rng.pkl,24.917999343135943,0.0157216641972508,371.3016357421875,2511666.5,293.202392578125,31689.03515625,3.707908128659596,1.310467870875521,False,19.75481221391581,3,e3edfc5dc4b1abed90fe23330ff3f726f0dce268944eb4379bee42abcf425f2b,2e0435dc617333f354f62f319cbe332834719729c9e464715810f9d52167d258,5b6196d628721b20050045b3be0fa05c20b07469b137ef159b0cb2a57f862b36
low,21,79,f858_historical_rng_aligned,C:\Users\Asus\PycharmProjects\UNCERTAIN_EPC_RL_V3\revision_outputs\revision_v8_historical_eval_aligned_window_ablation\rng_snapshots\low_pre_decoupled_eval_rng.pkl,32.485889562662024,0.0153716800454112,392.0923461914063,3434604.5,310.0757751464844,43242.62890625,4.68875535405346,1.5451671643068745,False,19.75481221391581,3,e3edfc5dc4b1abed90fe23330ff3f726f0dce268944eb4379bee42abcf425f2b,2e0435dc617333f354f62f319cbe332834719729c9e464715810f9d52167d258,5b6196d628721b20050045b3be0fa05c20b07469b137ef159b0cb2a57f862b36
low,21,80,f858_historical_rng_aligned,C:\Users\Asus\PycharmProjects\UNCERTAIN_EPC_RL_V3\revision_outputs\revision_v8_historical_eval_aligned_window_ablation\rng_snapshots\low_pre_decoupled_eval_rng.pkl,27.657203917655437,0.018690078211865,378.8172607421875,2933736.75,301.3490905761719,36973.05859375,4.115784158246283,1.4148293769093028,False,19.75481221391581,3,e3edfc5dc4b1abed90fe23330ff3f726f0dce268944eb4379bee42abcf425f2b,2e0435dc617333f354f62f319cbe332834719729c9e464715810f9d52167d258,5b6196d628721b20050045b3be0fa05c20b07469b137ef159b0cb2a57f862b36
low,21,81,f858_historical_rng_aligned,C:\Users\Asus\PycharmProjects\UNCERTAIN_EPC_RL_V3\revision_outputs\revision_v8_historical_eval_aligned_window_ablation\rng_snapshots\low_pre_decoupled_eval_rng.pkl,33.776624836034784,0.0132063855555807,362.1788940429688,3578422.0,302.447265625,45032.71875,4.847863594708661,1.578538111966198,False,19.75481221391581,3,e3edfc5dc4b1abed90fe23330ff3f726f0dce268944eb4379bee42abcf425f2b,2e0435dc617333f354f62f319cbe332834719729c9e464715810f9d52167d258,5b6196d628721b20050045b3be0fa05c20b07469b137ef159b0cb2a57f862b36
low,21,82,f858_historical_rng_aligned,C:\Users\Asus\PycharmProjects\UNCERTAIN_EPC_RL_V3\revision_outputs\revision_v8_historical_eval_aligned_window_ablation\rng_snapshots\low_pre_decoupled_eval_rng.pkl,28.365347016170425,0.0152268911190444,369.3140258789063,3071849.0,300.38104248046875,38698.49609375,4.25422831463873,1.4479133859158122,False,19.75481221391581,3,e3edfc5dc4b1abed90fe23330ff3f726f0dce268944eb4379bee42abcf425f2b,2e0435dc617333f354f62f319cbe332834719729c9e464715810f9d52167d258,5b6196d628721b20050045b3be0fa05c20b07469b137ef159b0cb2a57f862b36
low,21,83,f858_historical_rng_aligned,C:\Users\Asus\PycharmProjects\UNCERTAIN_EPC_RL_V3\revision_outputs\revision_v8_historical_eval_aligned_window_ablation\rng_snapshots\low_pre_decoupled_eval_rng.pkl,29.2274767822806,0.0133816055349679,387.7648315429688,3084128.0,309.740478515625,38861.34375,4.281382651993564,1.4542760069556473,False,19.75481221391581,3,e3edfc5dc4b1abed90fe23330ff3f726f0dce268944eb4379bee42abcf425f2b,2e0435dc617333f354f62f319cbe332834719729c9e464715810f9d52167d258,5b6196d628721b20050045b3be0fa05c20b07469b137ef159b0cb2a57f862b36
low,21,84,f858_historical_rng_aligned,C:\Users\Asus\PycharmProjects\UNCERTAIN_EPC_RL_V3\revision_outputs\revision_v8_historical_eval_aligned_window_ablation\rng_snapshots\low_pre_decoupled_eval_rng.pkl,22.181453473336934,0.0179453933314166,389.8993225097656,2335693.0,298.2049865722656,29494.3671875,3.5709608698952184,1.2728347108080067,False,19.75481221391581,3,e3edfc5dc4b1abed90fe23330ff3f726f0dce268944eb4379bee42abcf425f2b,2e0435dc617333f354f62f319cbe332834719729c9e464715810f9d52167d258,5b6196d628721b20050045b3be0fa05c20b07469b137ef159b0cb2a57f862b36
low,21,85,f858_historical_rng_aligned,C:\Users\Asus\PycharmProjects\UNCERTAIN_EPC_RL_V3\revision_outputs\revision_v8_historical_eval_aligned_window_ablation\rng_snapshots\low_pre_decoupled_eval_rng.pkl,26.117349926886668,0.0139091448458635,367.0675048828125,2645428.0,297.4437255859375,33365.296875,3.8261117437305385,1.3418490770030986,False,19.75481221391581,3,e3edfc5dc4b1abed90fe23330ff3f726f0dce268944eb4379bee42abcf425f2b,2e0435dc617333f354f62f319cbe332834719729c9e464715810f9d52167d258,5b6196d628721b20050045b3be0fa05c20b07469b137ef159b0cb2a57f862b36
low,21,86,f858_historical_rng_aligned,C:\Users\Asus\PycharmProjects\UNCERTAIN_EPC_RL_V3\revision_outputs\revision_v8_historical_eval_aligned_window_ablation\rng_snapshots\low_pre_decoupled_eval_rng.pkl,31.257361823800824,0.0169144668286538,383.8195190429688,3284641.25,302.16229248046875,41360.1796875,4.502941448215468,1.5047308383957827,False,19.75481221391581,3,e3edfc5dc4b1abed90fe23330ff3f726f0dce268944eb4379bee42abcf425f2b,2e0435dc617333f354f62f319cbe332834719729c9e464715810f9d52167d258,5b6196d628721b20050045b3be0fa05c20b07469b137ef159b0cb2a57f862b36
low,21,87,f858_historical_rng_aligned,C:\Users\Asus\PycharmProjects\UNCERTAIN_EPC_RL_V3\revision_outputs\revision_v8_historical_eval_aligned_window_ablation\rng_snapshots\low_pre_decoupled_eval_rng.pkl,32.20051283182761,0.0163767609131885,371.406005859375,3380629.5,299.31964111328125,42557.1875,4.607428704867465,1.5276699367291466,False,19.75481221391581,3,e3edfc5dc4b1abed90fe23330ff3f726f0dce268944eb4379bee42abcf425f2b,2e0435dc617333f354f62f319cbe332834719729c9e464715810f9d52167d258,5b6196d628721b20050045b3be0fa05c20b07469b137ef159b0cb2a57f862b36
low,21,88,f858_historical_rng_aligned,C:\Users\Asus\PycharmProjects\UNCERTAIN_EPC_RL_V3\revision_outputs\revision_v8_historical_eval_aligned_window_ablation\rng_snapshots\low_pre_decoupled_eval_rng.pkl,28.91940135766322,0.0147488791509322,370.01666259765625,2921132.75,300.1435546875,36814.3046875,4.096559249298004,1.4101474138902328,False,19.75481221391581,3,e3edfc5dc4b1abed90fe23330ff3f726f0dce268944eb4379bee42abcf425f2b,2e0435dc617333f354f62f319cbe332834719729c9e464715810f9d52167d258,5b6196d628721b20050045b3be0fa05c20b07469b137ef159b0cb2a57f862b36
low,21,89,f858_historical_rng_aligned,C:\Users\Asus\PycharmProjects\UNCERTAIN_EPC_RL_V3\revision_outputs\revision_v8_historical_eval_aligned_window_ablation\rng_snapshots\low_pre_decoupled_eval_rng.pkl,23.83313032874821,0.0134407292899575,377.99658203125,2471069.5,292.7821960449219,31181.150390625,3.677055679336495,1.3021123448034793,False,19.75481221391581,3,e3edfc5dc4b1abed90fe23330ff3f726f0dce268944eb4379bee42abcf425f2b,2e0435dc617333f354f62f319cbe332834719729c9e464715810f9d52167d258,5b6196d628721b20050045b3be0fa05c20b07469b137ef159b0cb2a57f862b36
low,21,90,f858_historical_rng_aligned,C:\Users\Asus\PycharmProjects\UNCERTAIN_EPC_RL_V3\revision_outputs\revision_v8_historical_eval_aligned_window_ablation\rng_snapshots\low_pre_decoupled_eval_rng.pkl,27.818406698832888,0.0181461579171867,381.0958251953125,3032361.0,297.7890625,38202.30078125,4.220084056197245,1.439855046379702,False,19.75481221391581,3,e3edfc5dc4b1abed90fe23330ff3f726f0dce268944eb4379bee42abcf425f2b,2e0435dc617333f354f62f319cbe332834719729c9e464715810f9d52167d258,5b6196d628721b20050045b3be0fa05c20b07469b137ef159b0cb2a57f862b36
low,21,91,f858_historical_rng_aligned,C:\Users\Asus\PycharmProjects\UNCERTAIN_EPC_RL_V3\revision_outputs\revision_v8_historical_eval_aligned_window_ablation\rng_snapshots\low_pre_decoupled_eval_rng.pkl,25.050183956558005,0.0154487486515193,391.0577697753906,2564309.25,303.58837890625,32357.453125,3.769566013034228,1.3269598789275343,False,19.75481221391581,3,e3edfc5dc4b1abed90fe23330ff3f726f0dce268944eb4379bee42abcf425f2b,2e0435dc617333f354f62f319cbe332834719729c9e464715810f9d52167d258,5b6196d628721b20050045b3be0fa05c20b07469b137ef159b0cb2a57f862b36
low,21,92,f858_historical_rng_aligned,C:\Users\Asus\PycharmProjects\UNCERTAIN_EPC_RL_V3\revision_outputs\revision_v8_historical_eval_aligned_window_ablation\rng_snapshots\low_pre_decoupled_eval_rng.pkl,24.703089108139284,0.0159400153919495,377.8208923339844,2572102.0,295.5450744628906,32446.8203125,3.7665874734773337,1.3261694120886314,False,19.75481221391581,3,e3edfc5dc4b1abed90fe23330ff3f726f0dce268944eb4379bee42abcf425f2b,2e0435dc617333f354f62f319cbe332834719729c9e464715810f9d52167d258,5b6196d628721b20050045b3be0fa05c20b07469b137ef159b0cb2a57f862b36
low,21,93,f858_historical_rng_aligned,C:\Users\Asus\PycharmProjects\UNCERTAIN_EPC_RL_V3\revision_outputs\revision_v8_historical_eval_aligned_window_ablation\rng_snapshots\low_pre_decoupled_eval_rng.pkl,26.33329625902621,0.0153897835964684,353.863037109375,2812297.0,290.3951416015625,35444.10546875,3.975424993785456,1.3801316590667012,False,19.75481221391581,3,e3edfc5dc4b1abed90fe23330ff3f726f0dce268944eb4379bee42abcf425f2b,2e0435dc617333f354f62f319cbe332834719729c9e464715810f9d52167d258,5b6196d628721b20050045b3be0fa05c20b07469b137ef159b0cb2a57f862b36
low,21,94,f858_historical_rng_aligned,C:\Users\Asus\PycharmProjects\UNCERTAIN_EPC_RL_V3\revision_outputs\revision_v8_historical_eval_aligned_window_ablation\rng_snapshots\low_pre_decoupled_eval_rng.pkl,28.808523926907103,0.0135611327934803,376.91839599609375,3011373.5,301.748046875,37943.9140625,4.195237482651881,1.4339499491992846,False,19.75481221391581,3,e3edfc5dc4b1abed90fe23330ff3f726f0dce268944eb4379bee42abcf425f2b,2e0435dc617333f354f62f319cbe332834719729c9e464715810f9d52167d258,5b6196d628721b20050045b3be0fa05c20b07469b137ef159b0cb2a57f862b36
low,21,95,f858_historical_rng_aligned,C:\Users\Asus\PycharmProjects\UNCERTAIN_EPC_RL_V3\revision_outputs\revision_v8_historical_eval_aligned_window_ablation\rng_snapshots\low_pre_decoupled_eval_rng.pkl,25.8371951557696,0.0153542756304788,391.4512023925781,2745801.5,304.2563781738281,34626.77734375,3.938510324387808,1.3708025615587984,False,19.75481221391581,3,e3edfc5dc4b1abed90fe23330ff3f726f0dce268944eb4379bee42abcf425f2b,2e0435dc617333f354f62f319cbe332834719729c9e464715810f9d52167d258,5b6196d628721b20050045b3be0fa05c20b07469b137ef159b0cb2a57f862b36
low,21,96,f858_historical_rng_aligned,C:\Users\Asus\PycharmProjects\UNCERTAIN_EPC_RL_V3\revision_outputs\revision_v8_historical_eval_aligned_window_ablation\rng_snapshots\low_pre_decoupled_eval_rng.pkl,30.13965637728737,0.0149627055027769,387.7269592285156,3205509.0,306.2195739746094,40375.08203125,4.415356071907796,1.4850884812925895,False,19.75481221391581,3,e3edfc5dc4b1abed90fe23330ff3f726f0dce268944eb4379bee42abcf425f2b,2e0435dc617333f354f62f319cbe332834719729c9e464715810f9d52167d258,5b6196d628721b20050045b3be0fa05c20b07469b137ef159b0cb2a57f862b36
low,21,97,f858_historical_rng_aligned,C:\Users\Asus\PycharmProjects\UNCERTAIN_EPC_RL_V3\revision_outputs\revision_v8_historical_eval_aligned_window_ablation\rng_snapshots\low_pre_decoupled_eval_rng.pkl,30.77552206165829,0.0154995396525915,398.7441711425781,3254836.0,315.60955810546875,41001.05859375,4.480361079920303,1.4997036413755298,False,19.75481221391581,3,e3edfc5dc4b1abed90fe23330ff3f726f0dce268944eb4379bee42abcf425f2b,2e0435dc617333f354f62f319cbe332834719729c9e464715810f9d52167d258,5b6196d628721b20050045b3be0fa05c20b07469b137ef159b0cb2a57f862b36
low,21,98,f858_historical_rng_aligned,C:\Users\Asus\PycharmProjects\UNCERTAIN_EPC_RL_V3\revision_outputs\revision_v8_historical_eval_aligned_window_ablation\rng_snapshots\low_pre_decoupled_eval_rng.pkl,26.85084106406724,0.0163459521771707,393.6639404296875,2725331.5,305.4824523925781,34372.12890625,3.9206164064020994,1.366248887971579,False,19.75481221391581,3,e3edfc5dc4b1abed90fe23330ff3f726f0dce268944eb4379bee42abcf425f2b,2e0435dc617333f354f62f319cbe332834719729c9e464715810f9d52167d258,5b6196d628721b20050045b3be0fa05c20b07469b137ef159b0cb2a57f862b36
low,21,99,f858_historical_rng_aligned,C:\Users\Asus\PycharmProjects\UNCERTAIN_EPC_RL_V3\revision_outputs\revision_v8_historical_eval_aligned_window_ablation\rng_snapshots\low_pre_decoupled_eval_rng.pkl,28.161489455726883,0.0146817191027557,380.94384765625,2989720.5,301.0946655273437,37672.6015625,4.17528610480018,1.4291828840507277,False,19.75481221391581,3,e3edfc5dc4b1abed90fe23330ff3f726f0dce268944eb4379bee42abcf425f2b,2e0435dc617333f354f62f319cbe332834719729c9e464715810f9d52167d258,5b6196d628721b20050045b3be0fa05c20b07469b137ef159b0cb2a57f862b36
